Date,Open,High,Low,Close,Volume
2001-08-27 00:00:00-04:00,22.648325901630358,22.648325901630358,22.56564696339139,22.604347229003906,44700
2001-08-28 00:00:00-04:00,22.446031760325376,22.472417758988552,22.303544951797047,22.34576416015625,319800
2001-08-29 00:00:00-04:00,22.402050424480894,22.410845755534567,22.217344446109326,22.243732452392578,128400
2001-08-30 00:00:00-04:00,21.988666658988222,21.988666658988222,21.865529995247552,21.92709732055664,36900
2001-08-31 00:00:00-04:00,21.91830050825541,22.0150511689016,21.88311918188311,21.979869842529297,1656900
2001-09-04 00:00:00-04:00,21.513716036012024,21.7248080874122,21.478534698486328,21.478534698486328,570000
2001-09-05 00:00:00-04:00,21.408164997763265,21.46973433714027,21.285028332131784,21.34659767150879,31500
2001-09-06 00:00:00-04:00,21.021166291506038,21.021166291506038,20.862848281860355,20.86284828186035,284700
2001-09-07 00:00:00-04:00,20.827670937538596,20.827670937538596,20.66935289757698,20.739715576171875,99900
2001-09-10 00:00:00-04:00,20.28234627757163,20.51102894331116,20.159209612413616,20.50223159790039,1438200
2001-09-17 00:00:00-04:00,19.394001029403462,19.684250982321103,19.367615036069537,19.605093002319336,170400
2001-09-18 00:00:00-04:00,19.429188583236098,19.569915939259275,19.350030577854685,19.446779251098633,991500
2001-09-19 00:00:00-04:00,19.63148090376049,19.63148090376049,19.14772959313075,19.39400291442871,435600
2001-09-20 00:00:00-04:00,18.87507587575682,18.87507587575682,18.549644470214844,18.549644470214844,123000
2001-09-21 00:00:00-04:00,17.23911262294832,18.206613132881976,17.23911262294832,18.030704498291016,110100
2001-09-24 00:00:00-04:00,18.646394107479583,18.90146284950718,18.532054752129344,18.866281509399414,139500
2001-09-25 00:00:00-04:00,19.068575606580996,19.22689565815162,18.919052902873702,19.08616828918457,151500
2001-09-26 00:00:00-04:00,19.253277502379685,19.253277502379685,19.121345496659,19.182912826538086,138600
2001-09-27 00:00:00-04:00,19.182913161047832,19.490755855179316,19.147731829074868,19.485477447509766,662400
2001-09-28 00:00:00-04:00,19.684257085285303,19.90590392687923,19.645556811147905,19.86544418334961,663900
2001-10-01 00:00:00-04:00,19.561114695659644,19.758132934570312,19.522414432804762,19.758132934570312,432900
2001-10-02 00:00:00-04:00,19.554837027692265,19.82789993286133,19.554837027692265,19.827899932861328,309900
2001-10-03 00:00:00-04:00,19.4667520534613,20.116818033765025,19.4667520534613,20.03049659729004,398700
2001-10-04 00:00:00-04:00,20.206660690121637,20.347596287576852,20.012874999658894,20.243656158447266,578400
2001-10-05 00:00:00-04:00,20.243662183957866,20.365219046937934,20.136197876867048,20.275373458862305,274200
2001-10-08 00:00:00-04:00,20.035775912851204,20.303554556236264,20.01287501230753,20.15380859375,127800
2001-10-09 00:00:00-04:00,20.250705655288126,20.32117447327512,20.074536634473844,20.100961685180664,2442600
2001-10-10 00:00:00-04:00,20.34759888398473,20.54138661527712,20.34759888398473,20.50615119934082,84600
2001-10-11 00:00:00-04:00,20.726362349309174,20.777450371827673,20.52376628400288,20.647085189819336,197400
2001-10-12 00:00:00-04:00,20.400444237231206,20.620656967163086,20.400444237231206,20.620656967163086,83400
2001-10-15 00:00:00-04:00,20.34759840478109,20.435683918394236,20.285937940421277,20.294748306274414,192600
2001-10-16 00:00:00-04:00,20.48853838423652,20.576623916625977,20.400452851847067,20.576623916625977,361800
2001-10-17 00:00:00-04:00,20.964196997563754,20.964196997563754,20.59424018859863,20.594240188598633,224700
2001-10-18 00:00:00-04:00,20.488534517880677,20.5413866337817,20.25951338654775,20.426876068115234,260700
2001-10-19 00:00:00-04:00,20.153814391289348,20.2418999211318,20.041065880820156,20.22428321838379,258000
2001-10-22 00:00:00-04:00,20.0833440745442,20.365215301513672,20.0833440745442,20.365215301513672,393000
2001-10-23 00:00:00-04:00,20.594235008035717,20.664701801863394,20.52729034423828,20.52729034423828,159300
2001-10-24 00:00:00-04:00,20.699938555576157,20.788022053565758,20.62946974108244,20.733409881591797,161100
2001-10-25 00:00:00-04:00,20.479731446051407,20.735177693118672,20.39164590758258,20.703466415405273,63900
2001-10-26 00:00:00-04:00,20.629474332745907,20.837354660034176,20.629474332745907,20.83735466003418,169500
2001-10-29 00:00:00-05:00,20.788021593334285,20.803878235502985,20.402210235595703,20.402210235595703,595500
2001-10-30 00:00:00-05:00,20.277134724484814,20.32998483111746,20.093917392507436,20.171432495117188,260100
2001-10-31 00:00:00-05:00,20.418063828086673,20.47972428829502,20.19961515608514,20.227802276611328,783000
2001-11-01 00:00:00-05:00,20.506152738321216,20.654136657714844,20.382833813544305,20.654136657714844,810300
2001-11-02 00:00:00-05:00,20.608328595772424,20.661180709900506,20.495580107101862,20.652372360229492,908700
2001-11-05 00:00:00-05:00,20.682318969465218,20.904293810481732,20.682318969465218,20.858489990234375,168600
2001-11-06 00:00:00-05:00,20.87610811725033,21.113937600287525,20.80564131700351,21.075180053710938,651300
2001-11-07 00:00:00-05:00,20.770401946144084,20.946570929321076,20.752785249436556,20.884912490844727,352200
2001-11-08 00:00:00-05:00,21.017043639372954,21.22316185171131,21.017043639372954,21.03466033935547,989400
2001-11-09 00:00:00-05:00,20.84087736594976,21.022332625411163,20.832069014799387,20.99942970275879,970200
2001-11-12 00:00:00-05:00,20.699939299524804,20.749265253730922,20.567812031689755,20.71755599975586,512700
2001-11-13 00:00:00-05:00,20.8408750768735,20.932482725216495,20.82854258017659,20.907819747924805,298800
2001-11-14 00:00:00-05:00,20.999429625216003,21.029378825457613,20.893727395699514,20.9289608001709,152400
2001-11-15 00:00:00-05:00,20.920150514798475,21.031136938283048,20.909580091213922,21.01880645751953,4697400
2001-11-16 00:00:00-05:00,21.140361151818595,21.189689118155947,21.059323934058764,21.136837005615234,659700
2001-11-19 00:00:00-05:00,21.351774389190734,21.3922920067556,21.212598782098247,21.2425479888916,432900
2001-11-20 00:00:00-05:00,21.228452212399308,21.237260564108812,21.096324920654297,21.096324920654297,358800
2001-11-21 00:00:00-05:00,21.10513818835255,21.10513818835255,20.962440438097268,21.041715621948242,143100
2001-11-23 00:00:00-05:00,21.034661165594407,21.108652114868164,21.034661165594407,21.108652114868164,228300
2001-11-26 00:00:00-05:00,21.298912786468705,21.351764897344943,21.207305149085734,21.313007354736328,360300
2001-11-27 00:00:00-05:00,21.184408734703172,21.186170808290267,20.967720053848005,21.14741325378418,443700
2001-11-28 00:00:00-05:00,20.788021301140297,20.923672705677212,20.770404602180015,20.779212951660156,534000
2001-11-29 00:00:00-05:00,20.867299621812286,20.893724671720708,20.765121552505143,20.82501792907715,1168500
2001-11-30 00:00:00-05:00,20.85849685437672,20.973007450729387,20.85849685437672,20.904300689697266,1092600
2001-12-03 00:00:00-05:00,20.664703669468402,20.773930032315473,20.622423992571086,20.726364135742188,541500
2001-12-04 00:00:00-05:00,20.823264643677955,21.020574569702152,20.823264643677955,21.02057456970215,1386300
2001-12-05 00:00:00-05:00,21.290107129791654,21.563170019529142,21.2760145758437,21.526174545288086,524400
2001-12-06 00:00:00-05:00,21.49270267094536,21.630114140902663,21.462753474440003,21.59311866760254,508200
2001-12-07 00:00:00-05:00,21.334147036713894,21.394043404307716,21.230204893670802,21.267202377319336,5501100
2001-12-10 00:00:00-05:00,20.858489990234375,21.00823394661679,20.832064941949586,20.858489990234375,564000
2001-12-11 00:00:00-05:00,20.92896303923698,21.02233479683918,20.895491704628732,20.900775909423828,1061100
2001-12-12 00:00:00-05:00,21.05227939015382,21.05227939015382,20.840876950655158,20.987096786499023,447900
2001-12-13 00:00:00-05:00,20.611856082897297,20.655897838390743,20.44625746936007,20.490299224853516,728100
2001-12-14 00:00:00-05:00,20.611857734809334,20.645329068446404,20.53962884679092,20.608333587646484,874800
2001-12-17 00:00:00-05:00,20.699940419027843,20.93776991721375,20.691132068435937,20.853208541870117,678300
2001-12-18 00:00:00-05:00,20.93776937119453,20.99942782372993,20.862014332316143,20.90958023071289,908400
2001-12-19 00:00:00-05:00,20.611856322234434,20.726366903949383,20.571336697048565,20.691133499145508,772500
2001-12-20 00:00:00-05:00,20.61185243896827,20.664702536217142,20.532575276992986,20.59071159362793,1377600
2001-12-21 00:00:00-05:00,20.629473764404764,20.694656372070312,20.603048709854264,20.694656372070312,901200
2001-12-24 00:00:00-05:00,20.520473913245556,20.652693464255528,20.520473913245556,20.617435455322266,291300
2001-12-26 00:00:00-05:00,20.44996296135715,20.69324651128059,20.44996296135715,20.599811553955078,499500
2001-12-27 00:00:00-05:00,20.802544091389635,20.908320146233553,20.776100582056266,20.873062133789062,418500
2001-12-28 00:00:00-05:00,20.99646908980397,21.0634605300008,20.97884008199069,21.03877830505371,1309200
2001-12-31 00:00:00-05:00,21.054638119820975,21.13925853605509,21.031719207763672,21.031719207763672,717300
2002-01-02 00:00:00-05:00,21.128688513848505,21.148080825805668,20.971786713920444,21.148080825805664,1215900
2002-01-03 00:00:00-05:00,21.17276556384313,21.338481903076172,21.155136552384278,21.338481903076172,971400
2002-01-04 00:00:00-05:00,21.507719986436697,21.52005908231755,21.33142586016777,21.47951316833496,377400
2002-01-07 00:00:00-05:00,21.283817000350254,21.35785961183587,21.15865068927212,21.19390869140625,387900
2002-01-08 00:00:00-05:00,20.90831804947888,21.04230090434424,20.881874542797352,20.952392578125,532500
2002-01-09 00:00:00-05:00,20.947103743753484,20.98941497062851,20.732027053833004,20.732027053833008,1169100
2002-01-10 00:00:00-05:00,20.783150633128482,20.82546185973325,20.71439791616122,20.781387329101562,539400
2002-01-11 00:00:00-05:00,20.811358120568926,20.86248385145752,20.64388054776107,20.663272857666016,697200
2002-01-14 00:00:00-05:00,20.54691668488181,20.626249219653776,20.40764594056963,20.457008361816406,537600
2002-01-15 00:00:00-05:00,20.538098725968833,20.573358745215906,20.30010317922277,20.441139221191406,887100
2002-01-16 00:00:00-05:00,20.16789994373802,20.270151459374866,20.081518173217773,20.081518173217773,425400
2002-01-17 00:00:00-05:00,20.40589019235773,20.430572420875272,20.26485609193933,20.37063217163086,526200
2002-01-18 00:00:00-05:00,20.308929378432886,20.36181640625,20.229596819196427,20.36181640625,580800
2002-01-22 00:00:00-05:00,20.384729966281753,20.384729966281753,20.021567996339986,20.123817443847656,561900
2002-01-23 00:00:00-05:00,20.217256043784346,20.22078265270211,20.118533186706017,20.17671012878418,757200
2002-01-24 00:00:00-05:00,20.381203258712222,20.414697963852504,20.240169204813203,20.2860050201416,467700
2002-01-25 00:00:00-05:00,20.079742426348282,20.14320724491026,19.9792562954993,19.996885299682617,582000
2002-01-28 00:00:00-05:00,20.16789006215193,20.192572285216933,20.053301520103286,20.183757781982422,1504800
2002-01-29 00:00:00-05:00,20.01803755882363,20.079741086859293,19.531470619789587,19.62314224243164,463200
2002-01-30 00:00:00-05:00,19.647825232117405,19.839982986450195,19.473294463973975,19.839982986450195,507900
2002-01-31 00:00:00-05:00,19.8946401706925,19.8946401706925,19.683088039686258,19.8153076171875,734100
2002-02-01 00:00:00-05:00,19.91579521290878,19.91579521290878,19.706006371002967,19.7712345123291,452100
2002-02-04 00:00:00-05:00,19.824117890185704,19.824117890185704,19.492687365017808,19.609041213989258,683400
2002-02-05 00:00:00-05:00,19.409828291749463,19.45566410166947,19.198276227107886,19.217668533325195,259800
2002-02-06 00:00:00-05:00,19.16302296619135,19.304057038363624,19.16302296619135,19.18946647644043,382800
2002-02-07 00:00:00-05:00,19.35694269728349,19.494452168923033,19.304055680505428,19.402780532836914,122100
2002-02-08 00:00:00-05:00,19.586123237994734,19.663692474365234,19.468008096938995,19.663692474365234,536100
2002-02-11 00:00:00-05:00,19.788861475442875,19.905213316274708,19.74478694379244,19.90345001220703,240300
2002-02-12 00:00:00-05:00,19.841754732457776,19.9581086273922,19.771236670146035,19.894643783569336,107100
2002-02-13 00:00:00-05:00,19.947526962007046,19.98807287292695,19.850565401634324,19.921083450317383,141900
2002-02-14 00:00:00-05:00,20.009230099329216,20.19962662683208,20.0004155947234,20.079748153686523,225000
2002-02-15 00:00:00-05:00,20.132632879263966,20.132632879263966,19.929897279001146,19.956340789794922,258300
2002-02-19 00:00:00-05:00,19.607282004883523,19.630200925683194,19.45567011577669,19.533239364624023,300000
2002-02-20 00:00:00-05:00,19.480355272354334,19.621389389038086,19.365766691776596,19.621389389038086,257700
2002-02-21 00:00:00-05:00,19.630197414538138,19.691898931214634,19.409830819958685,19.48740005493164,445800
2002-02-22 00:00:00-05:00,19.603751007970622,19.68308354335318,19.51560598811242,19.628433227539062,226200
2002-02-25 00:00:00-05:00,19.72715876275414,19.8840605511701,19.679559638489028,19.875246047973633,159900
2002-02-26 00:00:00-05:00,19.808250743420185,19.850559946995585,19.66192679092803,19.762414932250977,164700
2002-02-27 00:00:00-05:00,20.009225872122514,20.07621730348038,19.841748302483033,19.9827823638916,325500
2002-02-28 00:00:00-05:00,20.016281445507477,20.164366723047884,20.009228228473674,20.053302764892578,247500
2002-03-01 00:00:00-05:00,20.227832170225643,20.432331085205078,20.16260403324926,20.432331085205078,239400
2002-03-04 00:00:00-05:00,20.714396437495775,21.144549783883342,20.696765415995465,21.130447387695312,856500
2002-03-05 00:00:00-05:00,20.899504621787166,21.008805262027867,20.837803103024587,20.897741317749023,406800
2002-03-06 00:00:00-05:00,20.94357787917928,21.183336799125136,20.890690861218335,21.114582061767578,735600
2002-03-07 00:00:00-05:00,21.551784635786092,21.551784635786092,21.331418067211313,21.442481994628906,832800
2002-03-08 00:00:00-05:00,21.648752996370316,21.664618700288507,21.405467437064264,21.47422218322754,255900
2002-03-11 00:00:00-05:00,21.516533544091452,21.518296848428477,21.366684955614993,21.507719039916992,666600
2002-03-12 00:00:00-05:00,21.119874047578335,21.260908126831055,21.010571375213345,21.260908126831055,890700
2002-03-13 00:00:00-05:00,21.155124233627156,21.197435450499142,21.031719207763672,21.031719207763672,184200
2002-03-14 00:00:00-05:00,21.208018392435584,21.34905448458551,21.204493801513692,21.2397518157959,277800
2002-03-15 00:00:00-05:00,21.331420098376075,21.513002071331336,21.304976591831576,21.475980758666992,90300
2002-03-18 00:00:00-05:00,21.490086086438144,21.491849390617006,21.359629822349305,21.451303482055664,387600
2002-03-19 00:00:00-05:00,21.578234017058953,21.604677528287915,21.511242578105897,21.558841705322266,202200
2002-03-20 00:00:00-05:00,21.410755490031136,21.410755490031136,21.282062530517578,21.282062530517578,295500
2002-03-21 00:00:00-05:00,21.32965877796437,21.370204680930577,21.172757007865247,21.33670997619629,164100
2002-03-22 00:00:00-05:00,21.25385688943468,21.29792940865068,21.130451818119266,21.148080825805664,179700
2002-03-25 00:00:00-05:00,21.208015896463685,21.230934813556118,20.887163162231445,20.887163162231445,405000
2002-03-26 00:00:00-05:00,21.02292053079548,21.153376851826806,20.93301215353465,21.019393920898438,281700
2002-03-27 00:00:00-05:00,21.066984553810638,21.126924792770343,21.03172653913343,21.051118850708008,196500
2002-03-28 00:00:00-05:00,21.26972348094861,21.324373810560452,21.133977291580514,21.172761917114258,546600
2002-04-01 00:00:00-05:00,21.17276301617012,21.296168099044028,21.03172892395862,21.29088020324707,334200
2002-04-02 00:00:00-05:00,21.260906385575485,21.285586590856937,21.190388342969207,21.208017349243164,333900
2002-04-03 00:00:00-05:00,21.297923951706622,21.38430768124527,21.107527489459812,21.21154022216797,148800
2002-04-04 00:00:00-05:00,21.208017377243703,21.243277407348618,21.05816880620677,21.18157386779785,246000
2002-04-05 00:00:00-05:00,21.2873499230917,21.338475655362036,21.109294538477105,21.18157386779785,262500
2002-04-08 00:00:00-04:00,20.8818788310126,20.938292463855486,20.784917269091807,20.9365291595459,377100
2002-04-09 00:00:00-04:00,20.961213950053086,20.987659485457325,20.88188339637365,20.904802322387695,198300
2002-04-10 00:00:00-04:00,21.05817062384961,21.192153504285898,21.028200503553254,21.178049087524414,288600
2002-04-11 00:00:00-04:00,21.04935627307736,21.054646185967886,20.70029667019632,20.707347869873047,315300
2002-04-12 00:00:00-04:00,20.85543660699109,20.959449375063706,20.80254756199015,20.918901443481445,180300
2002-04-15 00:00:00-04:00,21.084617110114152,21.091668310059635,20.89950848459256,21.066986083984375,199500
2002-04-16 00:00:00-04:00,21.296167232373126,21.507719370836423,21.296167232373126,21.461883544921875,208500
2002-04-17 00:00:00-04:00,21.63112360765436,21.63112360765436,21.488326222370308,21.490087509155273,158700
2002-04-18 00:00:00-04:00,21.639937560770452,21.64522545601201,21.34905490223069,21.558841705322266,127200
2002-04-19 00:00:00-04:00,21.569413879958894,21.645219802856445,21.47245234659922,21.645219802856445,379500
2002-04-22 00:00:00-04:00,21.410749452191734,21.49889647841135,21.389593843097437,21.493606567382812,151500
2002-04-23 00:00:00-04:00,21.446013142124166,21.555315806419873,21.384311619667113,21.437198638916016,143700
2002-04-24 00:00:00-04:00,21.587043576103664,21.587043576103664,21.331418991088867,21.331418991088867,312600
2002-04-25 00:00:00-04:00,21.366679886276767,21.525342941284176,21.2556139320124,21.52534294128418,591900
2002-04-26 00:00:00-04:00,21.569420438393234,21.572947047045915,21.299693384272725,21.334951400756836,149100
2002-04-29 00:00:00-04:00,21.40193515170855,21.435429851829863,21.245033403218354,21.27853012084961,249300
2002-04-30 00:00:00-04:00,21.34023052076788,21.567648265091638,21.183330797924828,21.49536895751953,222600
2002-05-01 00:00:00-04:00,21.504183538291738,21.67342436946541,21.245032380707766,21.608196258544922,422100
2002-05-02 00:00:00-04:00,21.684010729210726,21.684010729210726,21.4001792616587,21.55002784729004,819600
2002-05-03 00:00:00-04:00,21.684003267243014,21.728075772112142,21.523576928507445,21.69634437561035,784800
2002-05-06 00:00:00-04:00,21.61702049136783,21.63464950036319,21.421336070506428,21.47245979309082,445200
2002-05-07 00:00:00-04:00,21.48128010753488,21.48128010753488,21.190395355224613,21.19039535522461,1614900
2002-05-08 00:00:00-04:00,21.45482467511807,21.689293656011625,21.45130008482903,21.657562255859375,1940100
2002-05-09 00:00:00-04:00,21.525348631535483,21.627598093236237,21.382551239027094,21.55179214477539,2548200
2002-05-10 00:00:00-04:00,21.622308787657833,21.622308787657833,21.30498258484075,21.373737335205078,2427000
2002-05-13 00:00:00-04:00,21.504185449015313,21.698108512909556,21.437194028534577,21.691055297851562,270600
2002-05-14 00:00:00-04:00,21.719270517287338,21.754528536192396,21.523586091351305,21.71574592590332,600900
2002-05-15 00:00:00-04:00,21.75100518277896,21.93963841917231,21.68577703708779,21.807418823242188,907800
2002-05-16 00:00:00-04:00,21.895559205147887,21.974889727968307,21.825041167352758,21.918476104736328,56061600
2002-05-17 00:00:00-04:00,22.124744069074055,22.160004105939095,21.994287783454823,22.114166259765625,1063200
2002-05-20 00:00:00-04:00,22.08948410954578,22.124742125803184,21.967842339449195,22.0013370513916,1486800
2002-05-21 00:00:00-04:00,22.05422202525871,22.05422202525871,21.914951272722725,21.967838287353516,1022700
2002-05-22 00:00:00-04:00,21.904374855941363,22.026016611317555,21.89556035294369,22.010150909423828,614100
2002-05-23 00:00:00-04:00,21.825045000386552,22.055989445901744,21.825045000386552,22.031307220458984,839700
2002-05-24 00:00:00-04:00,21.9043802954622,21.9466895168556,21.860305752018387,21.886749267578125,781200
2002-05-28 00:00:00-04:00,21.93963198726655,21.946683185879568,21.775679010074345,21.842670440673828,1505400
2002-05-29 00:00:00-04:00,21.798601041192573,21.85148806461014,21.7474753045471,21.821517944335938,1021200
2002-05-30 00:00:00-04:00,21.71926605698238,21.745711583241086,21.60467550156265,21.72455596923828,806100
2002-05-31 00:00:00-04:00,21.74571245292767,21.780970466002174,21.601151774807548,21.609966278076172,1322700
2002-06-03 00:00:00-04:00,21.701639436625545,21.780971989101214,21.534161845299817,21.569419860839844,555900
2002-06-04 00:00:00-04:00,21.34023834206332,21.528873563844684,21.34023834206332,21.446014404296875,1016100
2002-06-05 00:00:00-04:00,21.3137942470732,21.444250512666652,21.275009624732903,21.401941299438477,558300
2002-06-06 00:00:00-04:00,21.400184230826156,21.433680967839663,21.17276634311692,21.19039535522461,687000
2002-06-07 00:00:00-04:00,20.97884426550129,21.114588459737305,20.855439168688804,21.022916793823242,854400
2002-06-10 00:00:00-04:00,21.119873991068037,21.18686543072266,20.978839912192683,21.09166717529297,1003200
2002-06-11 00:00:00-04:00,21.155135162362868,21.232704421693857,20.95768742248183,20.98765754699707,465900
2002-06-12 00:00:00-04:00,20.828984705893784,20.932999459667773,20.714396181374788,20.871295928955078,522900
2002-06-13 00:00:00-04:00,20.51166279123597,20.640357773067077,20.51166279123597,20.520477294921875,555900
2002-06-14 00:00:00-04:00,20.180229884474116,20.284242630004883,19.92108068142054,20.284242630004883,1286700
2002-06-17 00:00:00-04:00,20.354763983221435,20.62625434122546,20.300111636747403,20.605098724365234,717600
2002-06-18 00:00:00-04:00,20.48522000917768,20.673853219283632,20.449961993179354,20.654460906982422,552300
2002-06-19 00:00:00-04:00,20.20667470890112,20.256035115144186,20.086794248712977,20.09737205505371,2799300
2002-06-20 00:00:00-04:00,20.141444212568203,20.176704238920472,20.003936767578125,20.003936767578125,568200
2002-06-21 00:00:00-04:00,20.0268611907959,20.19786338770586,19.97749875433728,20.0268611907959,1515000
2002-06-24 00:00:00-04:00,19.98278013887277,20.083266265965577,19.691897545700844,20.028615951538086,1017600
2002-06-25 00:00:00-04:00,20.21196650161796,20.298350255469654,19.989836560640665,20.04448890686035,1889700
2002-06-26 00:00:00-04:00,19.78004617278586,20.12910571618748,19.78004617278586,20.048009872436523,816000
2002-06-27 00:00:00-04:00,20.344184986898284,20.54339599609375,20.192573104103687,20.54339599609375,768300
2002-06-28 00:00:00-04:00,20.767286051233523,21.049354185433952,20.767286051233523,20.899505615234375,912600
2002-07-01 00:00:00-04:00,20.943577135677117,20.998229473309085,20.730263749794823,20.732027053833008,614100
2002-07-02 00:00:00-04:00,20.54692559940705,20.6615161915674,20.27719849567639,20.353004455566406,779100
2002-07-03 00:00:00-04:00,20.115007868462943,20.257805276132583,20.014521700478063,20.159082412719727,733500
2002-07-05 00:00:00-04:00,20.64917402029307,20.941822052001953,20.603340206786637,20.941822052001953,402900
2002-07-08 00:00:00-04:00,20.92595100402832,20.98589124449595,20.83780596511783,20.92595100402832,524700
2002-07-09 00:00:00-04:00,20.922422426996313,20.945339325742836,20.564546374161335,20.67032241821289,740700
2002-07-10 00:00:00-04:00,20.626253906792513,20.656224027128154,20.056827672947176,20.09032440185547,2103300
2002-07-11 00:00:00-04:00,19.744788610502432,20.04272448026784,19.631961350771533,20.009227752685547,1058400
2002-07-12 00:00:00-04:00,20.000416356114464,20.025098583958993,19.656646628379207,19.735977172851562,695700
2002-07-15 00:00:00-04:00,19.6037525116604,19.6037525116604,18.96381033785679,19.505029678344727,1115700
2002-07-16 00:00:00-04:00,19.034336399458848,19.33050704174939,18.909167987889724,19.127771377563477,628500
2002-07-17 00:00:00-04:00,19.594933178587354,19.753596204899875,19.50854945978691,19.61256217956543,658800
2002-07-18 00:00:00-04:00,19.767707106940545,19.917555681967002,19.677798768928874,19.69013786315918,582900
2002-07-19 00:00:00-04:00,19.21590609083015,19.425694861125578,18.83158857426658,18.993778228759766,1575300
2002-07-22 00:00:00-04:00,18.792806171103503,18.933840231275273,18.246298935749113,18.308002471923828,1177800
2002-07-23 00:00:00-04:00,18.105269203375784,18.207518669252753,17.683930226180927,17.787940979003906,797100
2002-07-24 00:00:00-04:00,17.241424364063434,18.424348831176754,17.188537363794115,18.424348831176758,2543400
2002-07-25 00:00:00-04:00,18.048849550925546,18.396145765281485,17.946600119123865,18.228668212890625,1085400
2002-07-26 00:00:00-04:00,18.07000516233559,18.26745282797232,17.983621430336367,18.228668212890625,606300
2002-07-29 00:00:00-04:00,18.56362365020696,19.12776186535617,18.528365642232068,19.101318359375,902700
2002-07-30 00:00:00-04:00,18.828063432131717,19.085451338263702,18.706421686171115,18.97967529296875,703200
2002-07-31 00:00:00-04:00,18.748737037123036,18.94971136565864,18.58125742125468,18.907400131225586,600900
2002-08-01 00:00:00-04:00,18.53719013056421,18.611232794203755,18.166974794855207,18.246307373046875,732000
2002-08-02 00:00:00-04:00,18.299188116625164,18.336209435705648,18.09645251380447,18.175785064697266,855600
2002-08-05 00:00:00-04:00,18.078827405060704,18.085878606046478,17.50587445285748,17.55876350402832,469800
2002-08-06 00:00:00-04:00,17.75620719022786,18.205752925978985,17.75620719022786,17.943077087402344,663900
2002-08-07 00:00:00-04:00,18.392620479257115,18.404959570854395,17.99948644921503,18.290369033813477,675300
2002-08-08 00:00:00-04:00,18.30800735929002,18.81925470294741,18.265696121188235,18.704666137695312,573300
2002-08-09 00:00:00-04:00,18.42259249666678,19.02198881401071,18.42259249666678,18.88095474243164,954000
2002-08-12 00:00:00-04:00,18.581254124401358,18.835117450935563,18.53189371633503,18.669401168823242,450900
2002-08-13 00:00:00-04:00,18.404964514666457,18.810437745221186,18.404964514666457,18.491348266601562,557700
2002-08-14 00:00:00-04:00,18.739919364370888,19.002595178279662,18.519552760230933,18.925025939941406,886500
2002-08-15 00:00:00-04:00,18.965576130921715,19.11013480055328,18.9003479956588,19.07487678527832,575100
2002-08-16 00:00:00-04:00,18.91621369903041,19.17360164906092,18.831593251864156,19.07487678527832,546600
2002-08-19 00:00:00-04:00,19.0131670828785,19.42745463674725,18.98848486879091,19.41864013671875,710100
2002-08-20 00:00:00-04:00,19.074880306975285,19.16302737894742,18.898588180541992,18.898588180541992,834900
2002-08-21 00:00:00-04:00,19.309350325452233,19.416889718174296,19.118955787985787,19.37457847595215,679500
2002-08-22 00:00:00-04:00,19.348132955276427,19.563211718454227,19.268802410589313,19.430992126464844,666000
2002-08-23 00:00:00-04:00,19.247643409494714,19.318161454336106,19.134816151756894,19.18946647644043,1091100
2002-08-26 00:00:00-04:00,19.319927631810042,19.409838010430153,19.164791121903313,19.277618408203125,603900
2002-08-27 00:00:00-04:00,19.506791855029544,19.612567909309952,19.323448577286577,19.446853637695312,1427700
2002-08-28 00:00:00-04:00,19.12776226181509,19.161256966583444,18.821011937047025,18.916210174560547,574800
2002-08-29 00:00:00-04:00,18.630617643352373,18.87037656914525,18.600647525439456,18.73110580444336,483000
2002-08-30 00:00:00-04:00,18.598890669283065,18.859803254422427,18.5936007555916,18.7222957611084,686100
2002-09-03 00:00:00-04:00,18.29919049212157,18.29919049212157,17.87608820662661,17.990678787231445,523200
2002-09-04 00:00:00-04:00,18.004779358245504,18.14934004766511,17.851406182378923,17.994203567504883,871800
2002-09-05 00:00:00-04:00,17.7403403865487,17.900768798746828,17.64690745064353,17.858457565307617,451800
2002-09-06 00:00:00-04:00,18.211043170383086,18.24453788114278,18.071770379564917,18.119369506835938,360000
2002-09-09 00:00:00-04:00,17.981863038200583,18.085875802282477,17.823199944306836,18.03827667236328,779700
2002-09-10 00:00:00-04:00,18.219857583242945,18.219857583242945,18.064719089945235,18.175785064697266,531000
2002-09-11 00:00:00-04:00,18.419066739588793,18.597122117589105,18.34502410888672,18.34502410888672,1507800
2002-09-12 00:00:00-04:00,18.27978926307603,18.27978926307603,17.95188540392164,18.04179573059082,333900
2002-09-13 00:00:00-04:00,17.735053102173147,17.812622354477192,17.546419884530522,17.597545623779297,1380600
2002-09-16 00:00:00-04:00,17.602832438490374,17.602832438490374,17.452983856201172,17.452983856201172,394500
2002-09-17 00:00:00-04:00,17.611647800222688,17.636330026102936,17.25024909136581,17.364837646484375,541800
2002-09-18 00:00:00-04:00,17.356021881103512,17.373650888302315,17.163864088628124,17.356021881103516,1149900
2002-09-19 00:00:00-04:00,17.13741975474418,17.188545493192454,17.021067895620607,17.056325912475586,1235400
2002-09-20 00:00:00-04:00,17.170914217646732,17.23966895544464,16.86240156712262,16.962888717651367,771300
2002-09-23 00:00:00-04:00,16.765448284634154,16.79012950911465,16.328241480999008,16.359973907470703,792300
2002-09-24 00:00:00-04:00,16.06027344317168,16.298269116240203,16.002096498920388,16.095531463623047,1197300
2002-09-25 00:00:00-04:00,16.536259369077605,16.60501410462438,16.174858703331395,16.501001358032227,721800
2002-09-26 00:00:00-04:00,16.95936053050305,17.146230398776712,16.880030010439263,17.082765579223633,2018100
2002-09-27 00:00:00-04:00,17.082768211310352,17.229092198878654,16.97699215075058,17.07748031616211,1955700
2002-09-30 00:00:00-04:00,16.738997990034367,16.800700525606203,16.476322144353457,16.783071517944336,2333700
2002-10-01 00:00:00-04:00,16.809514790370464,17.20617350965297,16.610304787362885,17.193832397460938,829200
2002-10-02 00:00:00-04:00,16.8271462757552,17.206175011965172,16.8271462757552,16.95760154724121,688500
2002-10-03 00:00:00-04:00,17.00343678950108,17.118027347653566,16.73194545293668,16.770729064941406,720900
2002-10-04 00:00:00-04:00,16.721368261407417,16.89766135669087,16.34586516887241,16.483373641967773,388200
2002-10-07 00:00:00-04:00,16.185438290636814,16.34057678431917,16.009146198506432,16.077899932861328,572100
2002-10-08 00:00:00-04:00,16.257715282003826,16.305314399342976,15.912181359701345,16.120206832885742,803700
2002-10-09 00:00:00-04:00,15.839908564665528,15.979179366276366,15.788782818499019,15.866352081298828,549000
2002-10-10 00:00:00-04:00,15.89279292527593,16.337050789542864,15.79759567615187,16.23656463623047,767400
2002-10-11 00:00:00-04:00,16.642037020741018,17.021066728473784,16.62617030899106,16.827144622802734,908700
2002-10-14 00:00:00-04:00,16.64556511285862,16.70197875140964,16.39522933959961,16.39522933959961,1391700
2002-10-15 00:00:00-04:00,17.292558512245325,17.601070199302907,17.211462651268672,17.5411319732666,1653000
2002-10-16 00:00:00-04:00,17.276687134620285,17.354254343872896,17.100393070612384,17.23261260986328,385500
2002-10-17 00:00:00-04:00,17.682163030490237,17.7068432349221,17.35778367718657,17.47942543029785,1015800
2002-10-18 00:00:00-04:00,17.294321643760117,17.567575310710982,17.214989087947316,17.338394165039062,1116000
2002-10-21 00:00:00-04:00,17.361313835850783,17.636330819023506,17.276693380836928,17.585205078125,583500
2002-10-22 00:00:00-04:00,17.237903899075416,17.498816390848326,17.16209797004542,17.384225845336914,2128200
2002-10-23 00:00:00-04:00,17.18854074471639,17.29431678357052,16.9593596634508,17.223798751831055,783000
2002-10-24 00:00:00-04:00,17.396571020653937,17.396571020653937,17.056325912475586,17.056325912475586,3072900
2002-10-25 00:00:00-04:00,17.153281261076987,17.37893571520311,17.10215554115343,17.34720230102539,1576800
2002-10-28 00:00:00-05:00,17.602834395423873,17.629277909795157,17.38423104510178,17.426542282104492,910800
2002-10-29 00:00:00-05:00,17.311944131035585,17.311944131035585,16.86768642435486,17.0386905670166,1245900
2002-10-30 00:00:00-05:00,17.162102093463517,17.319001883509,17.11097635467888,17.31195068359375,2517000
2002-10-31 00:00:00-05:00,17.47766600638681,17.54113286189088,17.364838731060676,17.426542282104492,1309500
2002-11-01 00:00:00-05:00,17.435348992903574,17.715653751456156,17.32957296519187,17.69802474975586,662400
2002-11-04 00:00:00-05:00,17.897242633095125,18.122897170327644,17.846116894342448,17.92897605895996,575400
2002-11-05 00:00:00-05:00,17.93778940027857,18.237486560921628,17.93778940027857,18.202228546142578,477300
2002-11-06 00:00:00-05:00,18.114078952266286,18.211040496826172,17.92368247113425,18.211040496826172,1914000
2002-11-07 00:00:00-05:00,17.973044892640605,17.980096091104706,17.84258864225848,17.90252685546875,1892100
2002-11-08 00:00:00-05:00,17.775600653509834,17.90782023347642,17.655720168866054,17.752681732177734,868500
2002-11-11 00:00:00-05:00,17.616930390518615,17.616930390518615,17.382461447181136,17.405378341674805,829800
2002-11-12 00:00:00-05:00,17.638087395702122,17.840824983215022,17.51644565019848,17.726234436035156,1043100
2002-11-13 00:00:00-05:00,17.497058834704998,17.68745537179173,17.470615319556483,17.523502349853516,1736400
2002-11-14 00:00:00-05:00,17.861982289762103,17.91486930847168,17.79851544629808,17.91486930847168,1787100
2002-11-15 00:00:00-05:00,17.858460099006834,18.184600830078125,17.84083108840957,18.184600830078125,2715300
2002-11-18 00:00:00-05:00,18.149340651434333,18.149340651434333,17.92192281024354,17.955419540405273,499500
2002-11-19 00:00:00-05:00,17.925450481484965,17.964235109491888,17.77912849174141,17.787940979003906,434100
2002-11-20 00:00:00-05:00,17.726238302547273,18.03474998474121,17.69979478993248,18.03474998474121,515400
2002-11-21 00:00:00-05:00,18.24629803297034,18.489581522540824,18.193411019589014,18.475479125976562,752100
2002-11-22 00:00:00-05:00,18.35207680943842,18.54423460067323,18.316816777757904,18.3873348236084,762000
2002-11-25 00:00:00-05:00,18.202226237300913,18.330919185426865,18.14404930978853,18.244535446166992,3246600
2002-11-26 00:00:00-05:00,18.06648268788445,18.09468950371434,17.80733143259762,17.817909240722656,581100
2002-11-27 00:00:00-05:00,18.078819671770777,18.31328864871857,18.05413745261197,18.311525344848633,1091700
2002-11-29 00:00:00-05:00,18.404966354370117,18.482535610188744,18.35207932586332,18.404966354370117,721500
2002-12-02 00:00:00-05:00,18.59888690591406,18.63590822421953,18.36970577925311,18.49663543701172,534300
2002-12-03 00:00:00-05:00,18.233955994944225,18.263926108005936,18.0770562492225,18.16872787475586,585600
2002-12-04 00:00:00-05:00,17.995966216897322,18.23395983260233,17.94660378602473,18.085874557495117,1287900
2002-12-05 00:00:00-05:00,18.0700125174702,18.137001951685498,17.814387825162626,17.883140563964844,756000
2002-12-06 00:00:00-05:00,17.726232700808332,18.05237328834712,17.726232700808332,18.00830078125,1064400
2002-12-09 00:00:00-05:00,17.80204185897026,17.870796596545702,17.516447119051115,17.546417236328125,1185300
2002-12-10 00:00:00-05:00,17.708606449541364,17.789700278702473,17.58520139298464,17.784412384033203,699300
2002-12-11 00:00:00-05:00,17.69098145924154,17.80380873455749,17.638092412992926,17.761497497558594,2120100
2002-12-12 00:00:00-05:00,17.673347422341486,17.775596859322064,17.639850699660627,17.726234436035156,5151900
2002-12-13 00:00:00-05:00,17.572865905999873,17.61694045156074,17.454750723821846,17.55876350402832,937800
2002-12-16 00:00:00-05:00,17.708605013346464,17.98009530874883,17.685686097447537,17.937786102294922,1738800
2002-12-17 00:00:00-05:00,17.81438279479189,17.981860368060264,17.809092882524872,17.847877502441406,1561200
2002-12-18 00:00:00-05:00,17.488244397129918,17.574628160957072,17.461800881879377,17.47061538696289,1571100
2002-12-19 00:00:00-05:00,17.345437974195622,17.567567825317383,17.30489207889954,17.567567825317383,1256100
2002-12-20 00:00:00-05:00,17.49352691361262,17.708603571221236,17.437113297928065,17.6733455657959,1992600
2002-12-23 00:00:00-05:00,17.73299663730856,17.75814902783246,17.50841393807258,17.706045150756836,2054700
2002-12-24 00:00:00-05:00,17.768930523630036,17.776116627723372,17.66113073779037,17.673707962036133,600900
2002-12-26 00:00:00-05:00,17.783312242697587,17.87673987031759,17.697072779125193,17.733007431030273,1018200
2002-12-27 00:00:00-05:00,17.58028359565513,17.65574283386819,17.413193813819046,17.45451545715332,1122000
2002-12-30 00:00:00-05:00,17.655746391352352,17.81385100420074,17.648558229228446,17.715036392211914,1253400
2002-12-31 00:00:00-05:00,17.894693293230443,17.894693293230443,17.610820644811056,17.7886905670166,1397700
2003-01-02 00:00:00-05:00,17.937814362737615,18.21629592921004,17.85337198964929,18.164194107055664,860700
2003-01-03 00:00:00-05:00,18.200129528706874,18.270199705302744,18.126467327740773,18.18216323852539,663000
2003-01-06 00:00:00-05:00,18.164191235216574,18.500165690601552,18.1102903255153,18.406740188598633,1602600
2003-01-07 00:00:00-05:00,18.1156876882102,18.20731618211842,18.0132769525361,18.119281768798828,6725400
2003-01-08 00:00:00-05:00,17.750966418681077,17.97375212185602,17.733000128182958,17.873138427734375,709200
2003-01-09 00:00:00-05:00,17.86056207289125,18.1174853854293,17.86056207289125,18.092330932617188,2422500
2003-01-10 00:00:00-05:00,18.043819091280664,18.18216239783565,17.96835985356341,18.068973541259766,675900
2003-01-13 00:00:00-05:00,18.209113392434194,18.266606345727986,18.015074161040097,18.106704711914062,1176900
2003-01-14 00:00:00-05:00,18.12825418889618,18.27917465979384,18.074355342502926,18.245037078857422,1388700
2003-01-15 00:00:00-05:00,18.160595958355493,18.160595958355493,17.99710031257657,18.070764541625977,499200
2003-01-16 00:00:00-05:00,18.16419507861533,18.171381182726197,18.056395292512676,18.146228790283203,717300
2003-01-17 00:00:00-05:00,18.038427415678427,18.056393702428405,17.880320802503086,17.955780029296875,805500
2003-01-21 00:00:00-05:00,17.75096218191268,17.804861040542548,17.57129520759379,17.639568328857422,1443900
2003-01-22 00:00:00-05:00,17.400615224108034,17.55153368869841,17.319764871728978,17.391632080078125,1064400
2003-01-23 00:00:00-05:00,17.697064419947417,17.697064419947417,17.42936300673002,17.513805389404297,821400
2003-01-24 00:00:00-05:00,17.544346198799737,17.544346198799737,17.251492436782563,17.32874870300293,541200
2003-01-27 00:00:00-05:00,16.95145544619889,17.077220517321454,16.8005359215746,16.86701202392578,1155300
2003-01-28 00:00:00-05:00,16.91551691277342,16.983790035669003,16.816701308201807,16.938873291015625,1166700
2003-01-29 00:00:00-05:00,16.762805161602373,17.041286778888345,16.75382098822259,16.897554397583008,1705500
2003-01-30 00:00:00-05:00,17.044877755945937,17.048470808027293,16.825686158158828,16.88677215576172,1506000
2003-01-31 00:00:00-05:00,16.87958978420105,17.100578470923782,16.818502745034955,17.0233211517334,1015800
2003-02-03 00:00:00-05:00,17.174237384472242,17.30898763603185,17.114947397152612,17.2910213470459,619200
2003-02-04 00:00:00-05:00,16.999963795153867,17.102372472434265,16.926300565555895,17.04128646850586,653400
2003-02-05 00:00:00-05:00,17.11853809818391,17.325153464901334,17.03409470612013,17.07002830505371,801000
2003-02-06 00:00:00-05:00,16.892161276944837,16.953247271036485,16.78256548435088,16.90473747253418,523200
2003-02-07 00:00:00-05:00,16.87958731077237,16.951453498035317,16.637038286225522,16.6603946685791,546600
2003-02-10 00:00:00-05:00,16.6927306465132,16.74842757233373,16.556185433774278,16.717884063720703,532200
2003-02-11 00:00:00-05:00,16.717880524308853,16.931682983225393,16.717880524308853,16.798730850219727,721800
2003-02-12 00:00:00-05:00,16.75920520077519,16.83825849678347,16.62086296081543,16.62086296081543,596700
2003-02-13 00:00:00-05:00,16.744837406840208,16.895755879987462,16.642427708593864,16.86521339416504,501000
2003-02-14 00:00:00-05:00,16.88677368263389,17.09698215519681,16.809517401597084,17.025115966796875,594300
2003-02-18 00:00:00-05:00,17.193999614663806,17.28383208190712,17.158066010933524,17.27484893798828,640200
2003-02-19 00:00:00-05:00,17.05386067246944,17.12932093350011,16.870601654052734,16.870601654052734,2189700
2003-02-20 00:00:00-05:00,17.05026663968553,17.05026663968553,16.86341457998338,16.888566970825195,250800
2003-02-21 00:00:00-05:00,16.834673530027935,17.0215256498965,16.834673530027935,16.99637222290039,1104000
2003-02-24 00:00:00-05:00,16.890369454863713,16.915522881867858,16.787960762437542,16.789756774902344,694800
2003-02-25 00:00:00-05:00,16.529238645650103,16.628054262392787,16.378319146347753,16.58313751220703,1611000
2003-02-26 00:00:00-05:00,16.385507583618164,16.448390631609453,16.29567509851138,16.385507583618164,1377600
2003-02-27 00:00:00-05:00,16.390904398243524,16.487924056533394,16.30466493044265,16.408870697021484,1026000
2003-02-28 00:00:00-05:00,16.57056345615244,16.663990020751953,16.49690022306542,16.663990020751953,899700
2003-03-03 00:00:00-05:00,16.867007444582057,16.877787627997396,16.65500196833652,16.735851287841797,718200
2003-03-04 00:00:00-05:00,16.61907410137404,16.61907410137404,16.439409113373983,16.493309020996094,1403700
2003-03-05 00:00:00-05:00,16.49330279816763,16.58133821841141,16.448386054086832,16.520252227783203,746700
2003-03-06 00:00:00-05:00,16.33161163330078,16.408867938726054,16.263338475754438,16.33161163330078,765300
2003-03-07 00:00:00-05:00,16.124994410501706,16.25794662119691,16.053127183684886,16.213029861450195,711000
2003-03-10 00:00:00-05:00,15.846510823674379,15.90939387248633,15.73871204575042,15.76386547088623,1649400
2003-03-11 00:00:00-05:00,15.774644522998612,15.850104797898773,15.711761474609377,15.711761474609375,1033500
2003-03-12 00:00:00-05:00,15.584194303454423,15.629111045729775,15.384765036928853,15.530294418334961,1614600
2003-03-13 00:00:00-05:00,15.767457892372729,16.047736572528123,15.717152068890192,15.974074363708496,2728800
2003-03-14 00:00:00-05:00,16.074683842795,16.220212219124015,15.966884055535393,16.053123474121094,1962300
2003-03-17 00:00:00-05:00,15.9561033106248,16.557983207559793,15.945323126666578,16.50588035583496,2464200
2003-03-18 00:00:00-05:00,16.59931185214721,16.59931185214721,16.40347555472276,16.57595443725586,4454400
2003-03-19 00:00:00-05:00,16.619072236708885,16.726872039857927,16.53103679312745,16.663990020751953,1033800
2003-03-20 00:00:00-05:00,16.651411965901218,16.804127489383873,16.54900226081111,16.769990921020508,1044000
2003-03-21 00:00:00-05:00,16.998164100660894,17.282034733201336,16.897551451290195,17.17603302001953,2088600
2003-03-24 00:00:00-05:00,16.84365277547693,16.84365277547693,16.619070053100586,16.619070053100586,1530900
2003-03-25 00:00:00-05:00,16.601104378631526,16.805923779671698,16.601104378631526,16.804126739501953,1936500
2003-03-26 00:00:00-05:00,16.90652923815139,16.958632072273947,16.81130671081831,16.81310272216797,916500
2003-03-27 00:00:00-05:00,16.662185326895855,16.77537414296122,16.478926362552716,16.699914932250977,485100
2003-03-28 00:00:00-05:00,16.493305504739862,16.67297045443662,16.493305504739862,16.592121124267578,1169100
2003-03-31 00:00:00-05:00,16.304657489456844,16.416050341543638,16.18787454458544,16.277708053588867,1401900
2003-04-01 00:00:00-05:00,16.4735434242024,16.531036376953125,16.349573345285453,16.531036376953125,1181400
2003-04-02 00:00:00-05:00,16.7448377786156,16.836467294227255,16.723277408798733,16.804126739501953,2012400
2003-04-03 00:00:00-05:00,16.82389087965105,16.84185819804903,16.70171887165314,16.71070098876953,1245900
2003-04-04 00:00:00-05:00,16.852637286372786,16.985589479253736,16.82029775827703,16.935283660888672,621600
2003-04-07 00:00:00-04:00,17.37186881202985,17.400615284246886,17.15447425842285,17.15447425842285,1147800
2003-04-08 00:00:00-04:00,17.1634597036888,17.18322303567845,17.07722027030951,17.158069610595703,487500
2003-04-09 00:00:00-04:00,17.24610414026508,17.2694605209399,17.050267894501257,17.093387603759766,2949300
2003-04-10 00:00:00-04:00,17.104170586699276,17.104170586699276,16.949658012894286,17.005353927612305,639300
2003-04-11 00:00:00-04:00,17.086205611407042,17.089798664362853,16.90653959889879,16.908336639404297,327900
2003-04-14 00:00:00-04:00,17.016130238746562,17.185016012863713,16.94426406125574,17.165252685546875,1698600
2003-04-15 00:00:00-04:00,17.30000216875532,17.420377111243063,17.17782915833342,17.40061378479004,1128900
2003-04-16 00:00:00-04:00,17.35929735152275,17.41858529254353,17.247903462822105,17.285633087158203,1815000
2003-04-17 00:00:00-04:00,17.461701959950567,17.564110622643803,17.420378264429687,17.535364151000977,1543500
2003-04-21 00:00:00-04:00,17.481461840216145,17.533563653232047,17.389831323363193,17.474273681640625,1130400
2003-04-22 00:00:00-04:00,17.35749951360491,17.763544272776823,17.35749951360491,17.727609634399414,2584200
2003-04-23 00:00:00-04:00,17.768932857173258,17.94141171472392,17.727609155017316,17.88391876220703,5359200
2003-04-24 00:00:00-04:00,17.78689705878945,17.78689705878945,17.637773574151023,17.743776321411133,1192200
2003-04-25 00:00:00-04:00,17.481467135640884,17.494044360848456,17.41139696107021,17.429363250732422,1229100
2003-04-28 00:00:00-04:00,17.544346960259197,17.78509891268971,17.544346960259197,17.738386154174805,791400
2003-04-29 00:00:00-04:00,17.831816185680594,17.962973406829967,17.743779710144803,17.84079933166504,467700
2003-04-30 00:00:00-04:00,17.98992513875836,18.01867162079623,17.885719398384897,17.932432174682617,1732200
2003-05-01 00:00:00-04:00,17.977343688896937,18.056397009965448,17.813847982191653,18.00609016418457,913200
2003-05-02 00:00:00-04:00,17.95399163654872,18.216301986726045,17.88212440705612,18.162403106689453,778800
2003-05-05 00:00:00-04:00,18.343856052435083,18.39236584288884,18.25581961375164,18.300737380981445,1083600
2003-05-06 00:00:00-04:00,18.487589207211517,18.78942814526293,18.487589207211517,18.6870174407959,808200
2003-05-07 00:00:00-04:00,18.564850378994628,18.586410749440113,18.44627039765456,18.514543533325195,668700
2003-05-08 00:00:00-04:00,18.279179923261292,18.39775783069265,18.18216032692941,18.236059188842773,1073400
2003-05-09 00:00:00-04:00,18.28996305788891,18.528918007368382,18.28996305788891,18.466033935546875,957300
2003-05-12 00:00:00-04:00,18.505561555724835,18.692414684522937,18.41033897904539,18.613361358642578,860400
2003-05-13 00:00:00-04:00,18.489390725933987,18.694210128375126,18.489390725933987,18.611562728881836,952200
2003-05-14 00:00:00-04:00,18.764279208182753,18.76607624845688,18.568444996616137,18.616954803466797,522300
2003-05-15 00:00:00-04:00,18.733734514265347,18.733734514265347,18.595391222579654,18.649290084838867,612300
2003-05-16 00:00:00-04:00,18.744515613205547,18.906214263988474,18.704988956508178,18.87926483154297,459000
2003-05-19 00:00:00-04:00,18.681629922810533,18.710376392806864,18.34385838632624,18.3690128326416,676500
2003-05-20 00:00:00-04:00,18.45165547232329,18.593590761713383,18.41931492725199,18.55226707458496,693900
2003-05-21 00:00:00-04:00,18.390568912070187,18.426503537288607,18.291754347020575,18.36002540588379,1339800
2003-05-22 00:00:00-04:00,18.4786094457123,18.74810788596306,18.446268892682635,18.606172561645508,1334400
2003-05-23 00:00:00-04:00,18.640306258756187,18.751700115234435,18.579221294987203,18.712173461914062,632700
2003-05-27 00:00:00-04:00,18.622338739370456,18.91699157987186,18.58640616822478,18.873870849609375,763800
2003-05-28 00:00:00-04:00,18.882862315436782,19.033780825656983,18.857709915770247,18.963712692260742,801600
2003-05-29 00:00:00-04:00,18.990657265018697,19.199068683439357,18.985266144686634,19.053539276123047,594300
2003-05-30 00:00:00-04:00,19.11642124739227,19.20625268197784,19.044554043614074,19.0894718170166,1646400
2003-06-02 00:00:00-04:00,19.28530599334178,19.472159078316448,19.197271598651422,19.2673397064209,1393500
2003-06-03 00:00:00-04:00,19.2673436297562,19.332024743173818,19.145171620150965,19.314056396484375,1439400
2003-06-04 00:00:00-04:00,19.21524199332442,19.50090971743274,19.21524199332442,19.43083953857422,920100
2003-06-05 00:00:00-04:00,19.524265819636224,19.662609142345666,19.45958675919881,19.626676559448242,1451100
2003-06-06 00:00:00-04:00,19.83509377813622,19.921333235845516,19.642851525152313,19.74526023864746,1814100
2003-06-09 00:00:00-04:00,19.655423058236618,19.743459531318685,19.538640107583486,19.60331916809082,904500
2003-06-10 00:00:00-04:00,19.69315187984484,19.774002244270335,19.62128466078772,19.761425018310547,535800
2003-06-11 00:00:00-04:00,19.84407128245393,20.122552913941817,19.818918885484095,20.086620330810547,702300
2003-06-12 00:00:00-04:00,20.16387163194367,20.20160124612351,20.016545198983007,20.14051628112793,1860000
2003-06-13 00:00:00-04:00,20.172854554187197,20.19261788102741,19.966238142322226,20.023733139038086,1373100
2003-06-16 00:00:00-04:00,20.174654026753466,20.356116013915283,20.174654026753466,20.31658935546875,681300
2003-06-17 00:00:00-04:00,20.44415531156777,20.44415531156777,20.336355505950362,20.3579158782959,797700
2003-06-18 00:00:00-04:00,20.24832068107961,20.406427349674168,20.24832068107961,20.300424575805664,725100
2003-06-19 00:00:00-04:00,20.12254194408518,20.1782398849071,19.998572954976105,20.059659957885742,1944300
2003-06-20 00:00:00-04:00,20.176453844748995,20.22855567906728,19.994991832603752,20.086620330810547,1131300
2003-06-23 00:00:00-04:00,20.002173861823447,20.002173861823447,19.77220208687216,19.86383056640625,744000
2003-06-24 00:00:00-04:00,19.669791821905484,19.741659031293807,19.603315732678983,19.707521438598633,874800
2003-06-25 00:00:00-04:00,19.71650570319458,19.83328657173002,19.511686325073246,19.511686325073242,1455900
2003-06-26 00:00:00-04:00,19.588945220322188,19.72189741028513,19.504502835465733,19.60152244567871,417900
2003-06-27 00:00:00-04:00,19.624876824016464,19.653623297608732,19.438023717611753,19.454195022583008,1479000
2003-06-30 00:00:00-04:00,19.678772948704793,19.678772948704793,19.457784335252352,19.45958137512207,1613700
2003-07-01 00:00:00-04:00,19.403887903148213,19.63385968860787,19.346394956783296,19.574569702148438,1467000
2003-07-02 00:00:00-04:00,19.761425279514157,19.987803013121475,19.738067867581556,19.960853576660156,1419600
2003-07-03 00:00:00-04:00,19.869225353617313,19.924921267622274,19.804544237891967,19.85305404663086,1455300
2003-07-07 00:00:00-04:00,20.092007513842113,20.22855171419985,20.08122732979363,20.217771530151367,2078100
2003-07-08 00:00:00-04:00,20.023730676371198,20.22136186435743,19.998576232881113,20.12254524230957,719700
2003-07-09 00:00:00-04:00,20.075834002316927,20.13152990035193,19.906949268383123,20.018341064453125,635700
2003-07-10 00:00:00-04:00,19.79016754285541,19.99678190117968,19.79016754285541,19.91593360900879,2265900
2003-07-11 00:00:00-04:00,19.833289425257206,20.04709197787302,19.734474829971745,19.87281608581543,3879300
2003-07-14 00:00:00-04:00,20.095603476593364,20.293236796035895,19.998583857250715,20.086620330810547,1445400
2003-07-15 00:00:00-04:00,20.167472524380358,20.228557510010436,19.808140492212697,19.897974014282227,3166500
2003-07-16 00:00:00-04:00,19.89617442528257,19.914140716173122,19.6338620548381,19.74884796142578,1337100
2003-07-17 00:00:00-04:00,19.472161797926454,19.563790285242316,19.387719415160653,19.439821243286133,1727100
2003-07-18 00:00:00-04:00,19.556612067443016,19.77939784721975,19.529662622429647,19.74526023864746,683700
2003-07-21 00:00:00-04:00,19.644640492364356,19.644640492364356,19.538637740655428,19.59433364868164,1119000
2003-07-22 00:00:00-04:00,19.646433585982354,19.6895522603988,19.52965067293551,19.547616958618164,3241200
2003-07-23 00:00:00-04:00,19.723688994309082,19.892573717303225,19.673382162909512,19.836877822875977,724800
2003-07-24 00:00:00-04:00,20.059667769258287,20.09560034679322,19.869222640991207,19.86922264099121,1459200
2003-07-25 00:00:00-04:00,20.084829446947435,20.165679839885787,19.91055348678634,20.118967056274414,1580100
2003-07-28 00:00:00-04:00,20.1153684571907,20.208794003433262,20.1153684571907,20.171064376831055,1042500
2003-07-29 00:00:00-04:00,20.264490318308823,20.264490318308823,20.04170460189646,20.086620330810547,677700
2003-07-30 00:00:00-04:00,20.10458296430286,20.10458296430286,19.86922212028514,19.91952896118164,876600
2003-07-31 00:00:00-04:00,19.994992046564967,20.05967110811542,19.72010243678252,19.754240036010742,3659400
2003-08-01 00:00:00-04:00,19.763225726829383,19.781192020900818,19.693155535062346,19.750648498535156,1482000
2003-08-04 00:00:00-04:00,19.88718738831694,19.88718738831694,19.657215620142402,19.808134078979492,835800
2003-08-05 00:00:00-04:00,19.80634409705525,19.829701512631978,19.623085021972656,19.623085021972656,1669200
2003-08-06 00:00:00-04:00,19.68237234638881,19.68237234638881,19.585352728307384,19.592538833618164,1060500
2003-08-07 00:00:00-04:00,19.763219081210774,19.763219081210774,19.55301063270532,19.709318161010742,432300
2003-08-08 00:00:00-04:00,19.790171961870065,19.91593805610618,19.70213549029376,19.770408630371094,1206600
2003-08-11 00:00:00-04:00,19.912343768585703,19.982413948273294,19.81532415243679,19.960853576660156,571800
2003-08-12 00:00:00-04:00,20.043498823967443,20.084820466314078,19.944682178140745,20.0452938079834,808200
2003-08-13 00:00:00-04:00,20.048879777601147,20.120746960795376,20.011150174659655,20.059659957885742,637800
2003-08-14 00:00:00-04:00,20.24831540465106,20.36689537519669,20.124346370039675,20.345335006713867,1311000
2003-08-15 00:00:00-04:00,20.327370513842567,20.36510013396517,20.266283483115444,20.29862403869629,366000
2003-08-18 00:00:00-04:00,20.291436245692164,20.596867261695763,20.228552179979708,20.580698013305664,1170300
2003-08-19 00:00:00-04:00,20.526792995869243,20.550150399869644,20.413604167504623,20.535776138305664,831900
2003-08-20 00:00:00-04:00,20.51601888723744,20.51601888723744,20.4207963155562,20.4980525970459,754800
2003-08-21 00:00:00-04:00,20.542964297142408,20.600457231179313,20.44414767423226,20.535776138305664,606300
2003-08-22 00:00:00-04:00,20.60584815279091,20.60584815279091,20.38845361888967,20.417200088500977,555900
2003-08-25 00:00:00-04:00,20.383064472914224,20.39204761703072,20.24112915098574,20.33455467224121,991200
2003-08-26 00:00:00-04:00,20.23574369275179,20.311205002998026,20.077639078398384,20.228557586669922,1089600
2003-08-27 00:00:00-04:00,20.273475181455886,20.31839091417478,20.232151473688237,20.26449203491211,1442400
2003-08-28 00:00:00-04:00,20.302215973775873,20.392047414046605,20.219568581394956,20.38306427001953,1079700
2003-08-29 00:00:00-04:00,20.341744831318884,20.480086086751022,20.341744831318884,20.404626846313477,591000
2003-09-02 00:00:00-04:00,20.49086785031369,20.719042629423726,20.49086785031369,20.713653564453125,901500
2003-09-03 00:00:00-04:00,20.900504820226576,21.035254049612025,20.84121483031937,20.984947204589844,2043000
2003-09-04 00:00:00-04:00,20.93644154663456,20.979560239401156,20.796301168894537,20.959796905517578,1139700
2003-09-05 00:00:00-04:00,20.981354375151422,21.033458263479183,20.896911985753494,21.001117706298828,423900
2003-09-08 00:00:00-04:00,21.06938725066934,21.191559241213064,21.02626651511871,21.094539642333984,1236000
2003-09-09 00:00:00-04:00,21.09274542384238,21.182578930849704,21.047829698393777,21.135866165161133,1450500
2003-09-10 00:00:00-04:00,21.101726995932605,21.101726995932605,20.913076869272597,20.922060012817383,2636700
2003-09-11 00:00:00-04:00,21.038848876953125,21.071189436514064,20.938237229614113,21.038848876953125,690600
2003-09-12 00:00:00-04:00,21.159224700233178,21.18258005626326,20.957997304868105,21.128681182861328,630600
2003-09-15 00:00:00-04:00,21.200544207641542,21.234681802238793,21.117898865544543,21.18976402282715,4375500
2003-09-16 00:00:00-04:00,21.331701689018814,21.536521090956512,21.25444541026153,21.399974822998047,813300
2003-09-17 00:00:00-04:00,21.525739333597038,21.56706097411362,21.421531572007673,21.540111541748047,886200
2003-09-18 00:00:00-04:00,21.78985407466747,21.78985407466747,21.48981202408832,21.766496658325195,1835700
2003-09-19 00:00:00-04:00,21.637126729578856,21.762892777740795,21.622754524359507,21.685636520385742,1131300
2003-09-22 00:00:00-04:00,21.602996335648672,21.602996335648672,21.389193797336464,21.441295623779297,2204700
2003-09-23 00:00:00-04:00,21.444885693136133,21.541905279668107,21.39457886009926,21.48980140686035,2469900
2003-09-24 00:00:00-04:00,21.604792659821136,21.62276100589564,21.380211979155884,21.385601043701172,2603400
2003-09-25 00:00:00-04:00,21.461058793587267,21.543706189016053,21.1107120513916,21.1107120513916,1749600
2003-09-26 00:00:00-04:00,21.166405318578587,21.22749028137724,21.020875930786133,21.020875930786133,2462700
2003-09-29 00:00:00-04:00,21.161022195186543,21.430520706392286,21.094546087659435,21.290382385253906,765000
2003-09-30 00:00:00-04:00,21.319120809739758,21.319120809739758,20.98853538146236,21.020875930786133,2134200
2003-10-01 00:00:00-04:00,21.222106257220492,21.710796356201172,21.222106257220492,21.710796356201172,1397400
2003-10-02 00:00:00-04:00,21.69283360550219,21.707207874108324,21.577847681095175,21.676664352416992,1935000
2003-10-03 00:00:00-04:00,22.052166056750313,22.10786197939829,21.87429604506871,21.992876052856445,921600
2003-10-06 00:00:00-04:00,22.059349355515067,22.22284507751465,21.99107621330653,22.22284507751465,917400
2003-10-07 00:00:00-04:00,22.106058050318598,22.230027085234692,22.009038448017325,22.188705444335938,781800
2003-10-08 00:00:00-04:00,22.251585132859063,22.253382172734597,21.991069865868567,22.09707260131836,506700
2003-10-09 00:00:00-04:00,22.2767454994242,22.377357141987115,22.215658464079056,22.249794006347656,735600
2003-10-10 00:00:00-04:00,22.456410533681144,22.456410533681144,22.33244147838892,22.34322166442871,601500
2003-10-13 00:00:00-04:00,22.526479211603252,22.566007932126073,22.431258687487137,22.564210891723633,1119600
2003-10-14 00:00:00-04:00,22.48155972108609,22.686379114383307,22.420474750394256,22.682785034179688,448500
2003-10-15 00:00:00-04:00,22.59654982204602,22.67200907149384,22.458208550095126,22.467191696166992,667200
2003-10-16 00:00:00-04:00,22.526473149161475,22.718717354389288,22.48155743173988,22.6019344329834,570300
2003-10-17 00:00:00-04:00,22.605518564607156,22.61629874424668,22.467177380802823,22.485143661499023,444000
2003-10-20 00:00:00-04:00,22.609123435689487,22.725906372070312,22.50491772424337,22.725906372070312,521700
2003-10-21 00:00:00-04:00,22.67200074977115,22.74566498785453,22.574981162917602,22.648645401000977,1185300
2003-10-22 00:00:00-04:00,22.458209230463016,22.483361629004165,22.352206458715372,22.42766571044922,1143300
2003-10-23 00:00:00-04:00,22.00723939146735,22.22103982886754,21.937169234747877,22.143783569335938,679500
2003-10-24 00:00:00-04:00,22.129410068526763,22.240801851978617,22.062933995158815,22.18690299987793,556800
2003-10-27 00:00:00-05:00,22.188701241271836,22.366569107725194,22.188701241271836,22.285720825195312,843900
2003-10-28 00:00:00-05:00,22.400715969514266,22.601941323462672,22.370172449912115,22.54804039001465,876600
2003-10-29 00:00:00-05:00,22.56420838691503,22.63787058635565,22.47078080135197,22.521087646484375,804300
2003-10-30 00:00:00-05:00,22.779805580396822,22.79956891011392,22.5049180606436,22.546241760253906,1359300
2003-10-31 00:00:00-05:00,22.350404702478865,22.499526133992322,22.350404702478865,22.386337280273438,1472400
2003-11-03 00:00:00-05:00,22.68278600971604,22.700754355396956,22.431255899613756,22.499526977539062,2315100
2003-11-04 00:00:00-05:00,22.654038615403117,22.654038615403117,22.548035866350745,22.62349510192871,1264800
2003-11-05 00:00:00-05:00,22.456405288682223,22.526473397410133,22.409692530827027,22.4941349029541,1238400
2003-11-06 00:00:00-05:00,22.398911723458056,22.404300787014044,22.212058641131676,22.2965030670166,1919100
2003-11-07 00:00:00-05:00,22.548038056177614,22.634277484657854,22.413288820670356,22.503122329711914,6998100
2003-11-10 00:00:00-05:00,22.58217150390659,22.58217150390659,22.300095858866506,22.316265106201172,888300
2003-11-11 00:00:00-05:00,22.269544940104804,22.30907158142753,22.17072833679799,22.231815338134766,2766300
2003-11-12 00:00:00-05:00,22.427655034399955,22.73847709583173,22.379145244789846,22.695356369018555,891000
2003-11-13 00:00:00-05:00,22.770827076366828,22.849880411346447,22.700758944098947,22.82472801208496,1561800
2003-11-14 00:00:00-05:00,22.67560085664557,22.903775622324627,22.566006074442306,22.670211791992188,3168900
2003-11-17 00:00:00-05:00,22.447420405434915,22.456403548322044,22.152767561630256,22.280330657958984,988500
2003-11-18 00:00:00-05:00,22.404296901206774,22.499519437688253,22.36836433410645,22.368364334106445,674700
2003-11-19 00:00:00-05:00,22.368374760091292,22.508513070767183,22.287524390321536,22.422273635864258,1048200
2003-11-20 00:00:00-05:00,22.267759471983926,22.49234221726288,22.23362393098105,22.278539657592773,946800
2003-11-21 00:00:00-05:00,22.44922090263479,22.533663281222577,22.332437971006815,22.519289016723633,1952400
2003-11-24 00:00:00-05:00,22.5462474626504,22.774422276085005,22.494143564915376,22.688182830810547,1393500
2003-11-25 00:00:00-05:00,22.73488792634093,22.78699180647419,22.583969462121633,22.72410774230957,1729200
2003-11-26 00:00:00-05:00,22.932518658655972,22.932518658655972,22.745667622413865,22.916349411010742,1257900
2003-11-28 00:00:00-05:00,22.9954045979721,23.006184782651893,22.889401847415794,22.95228385925293,1150800
2003-12-01 00:00:00-05:00,23.320592344446954,23.419408962579748,23.203809442309904,23.406831741333008,1906500
2003-12-02 00:00:00-05:00,23.35652550555539,23.502054877016597,23.329576078864676,23.462528228759766,965100
2003-12-03 00:00:00-05:00,23.59009511927949,23.724844330568637,23.509246826171875,23.509246826171875,1653600
2003-12-04 00:00:00-05:00,23.669153167402474,23.678136312879637,23.489488201749012,23.56315040588379,1448700
2003-12-05 00:00:00-05:00,23.534398827989776,23.570331402109943,23.383478315687505,23.394258499145508,1191300
2003-12-08 00:00:00-05:00,23.53439581135315,23.615244092760403,23.33676256680532,23.590091705322266,1851900
2003-12-09 00:00:00-05:00,23.737424612571097,23.758984982621623,23.392466916202952,23.491281509399414,2191500
2003-12-10 00:00:00-05:00,23.419418758496327,23.419418758496327,23.273889329858285,23.322399139404297,2155500
2003-12-11 00:00:00-05:00,23.336765877159777,23.62423264238052,23.322393669759123,23.581111907958984,1652400
2003-12-12 00:00:00-05:00,23.696094859529207,23.696094859529207,23.53978530075703,23.65836524963379,967800
2003-12-15 00:00:00-05:00,23.9296614397778,23.9296614397778,23.500259399414062,23.500259399414062,2520000
2003-12-16 00:00:00-05:00,23.62107493086693,23.819418866112592,23.62107493086693,23.801387786865234,1147200
2003-12-17 00:00:00-05:00,23.79958235387894,23.79958235387894,23.675166266249533,23.7454891204834,1482900
2003-12-18 00:00:00-05:00,23.93482026024179,24.138574764494358,23.82843523814619,24.098905563354492,3238800
2003-12-19 00:00:00-05:00,24.12414529768645,24.12414529768645,23.891540705265058,23.963665008544922,1152300
2003-12-22 00:00:00-05:00,24.12934382056953,24.1311667851461,23.994317064080697,24.12204360961914,1556400
2003-12-23 00:00:00-05:00,24.138471915707775,24.209632281688894,24.045413000573426,24.173139572143555,1662000
2003-12-24 00:00:00-05:00,24.19504414345646,24.434073976896364,24.180445801848006,24.231536865234375,549000
2003-12-26 00:00:00-05:00,24.2917453937897,24.36838092675764,24.187740325927734,24.187740325927734,477300
2003-12-29 00:00:00-05:00,24.466904653901913,24.596456247743486,24.326404832170535,24.59463119506836,2037300
2003-12-30 00:00:00-05:00,24.52347500350054,24.755206636396075,24.52347500350054,24.642078399658203,3807000
2003-12-31 00:00:00-05:00,24.861047167923516,24.97964851566343,24.73514560517755,24.957754135131836,3129000
2004-01-02 00:00:00-05:00,24.963217835311205,25.187651334749198,24.959569817340082,25.025257110595703,1593300
2004-01-05 00:00:00-05:00,25.3610003181609,25.527042589360498,25.253343050014035,25.506973266601562,2562600
2004-01-06 00:00:00-05:00,25.506970321905595,25.58178079679426,25.397490101173787,25.5452880859375,1701000
2004-01-07 00:00:00-05:00,25.27159243268219,25.390193761056064,25.10737312061806,25.289838790893555,1582200
2004-01-08 00:00:00-05:00,25.68032364627905,25.68032364627905,25.455890038543508,25.6529541015625,1532100
2004-01-09 00:00:00-05:00,25.525209286585874,25.632864422971316,25.45587190313755,25.49053955078125,1413300
2004-01-12 00:00:00-05:00,25.561712161406493,25.91022218185411,25.415739213981173,25.483251571655273,1629600
2004-01-13 00:00:00-05:00,25.61644683325393,25.61644683325393,25.271586978792403,25.33544921875,1532400
2004-01-14 00:00:00-05:00,25.53799135649067,25.63834841319649,25.466830978246378,25.554414749145508,1325400
2004-01-15 00:00:00-05:00,25.525220235604348,25.534343414590328,25.271592101102815,25.39931869506836,1477800
2004-01-16 00:00:00-05:00,25.37011995069387,25.426684068777764,25.198600455149975,25.308080673217773,2704800
2004-01-20 00:00:00-05:00,25.590902657225048,25.669363234425266,25.54163666483976,25.58177947998047,1307400
2004-01-21 00:00:00-05:00,25.705861530513463,25.952191545979154,25.596381291621835,25.891977310180664,2350200
2004-01-22 00:00:00-05:00,25.974084974951754,25.981383099848195,25.837235214375784,25.908397674560547,3117900
2004-01-23 00:00:00-05:00,25.835412240543615,25.88102813501991,25.510621642651696,25.63105010986328,1104900
2004-01-26 00:00:00-05:00,25.683959254555784,25.720454051371267,25.510616800287504,25.713153839111328,2091000
2004-01-27 00:00:00-05:00,25.75877521875889,25.75877521875889,25.570834403283744,25.60002899169922,1978500
2004-01-28 00:00:00-05:00,25.678492321852165,25.791622669149085,25.22415214364894,25.27159309387207,1808700
2004-01-29 00:00:00-05:00,25.271595024445162,25.33545728473442,24.999718412359975,25.3044376373291,2433300
2004-01-30 00:00:00-05:00,25.17670355198201,25.269762466562707,25.09824297402946,25.23874282836914,2088300
2004-02-02 00:00:00-05:00,25.205903370920367,25.3117355910059,25.10737345290735,25.18035888671875,1497900
2004-02-03 00:00:00-05:00,25.309903137362607,25.309903137362607,25.182176577375753,25.225967407226562,714000
2004-02-04 00:00:00-05:00,25.132922786787297,25.14751904110134,24.941331809738998,24.952280044555664,1631400
2004-02-05 00:00:00-05:00,25.264288351053672,25.293485025516233,25.034381766993608,25.056278228759766,1060800
2004-02-06 00:00:00-05:00,25.406616290431927,25.589081954505613,25.32085757448862,25.528867721557617,1552200
2004-02-09 00:00:00-05:00,25.910209746587313,25.910209746587313,25.612790922521274,25.68942642211914,1095300
2004-02-10 00:00:00-05:00,25.747830985247298,25.818993458110764,25.68944179934958,25.800745010375977,771000
2004-02-11 00:00:00-05:00,25.758773866784786,26.15107678057786,25.636520359620633,26.092687606811523,930000
2004-02-12 00:00:00-05:00,25.90839978657163,25.952190627681652,25.820813928027984,25.864606857299805,1710300
2004-02-13 00:00:00-05:00,26.118231287737732,26.118231287737732,25.7660712027096,25.831758499145508,732600
2004-02-17 00:00:00-05:00,26.318941249246453,26.40652499349681,26.193037659235465,26.32988739013672,1516800
2004-02-18 00:00:00-05:00,26.337191589736275,26.36456112242874,25.95036176126706,25.9649600982666,1000500
2004-02-19 00:00:00-05:00,26.313469359627437,26.364560405494274,26.121880547828603,26.138301849365234,809100
2004-02-20 00:00:00-05:00,26.165673745709558,26.165673745709558,25.63652106091638,25.818988800048828,2603100
2004-02-23 00:00:00-05:00,26.03247719371047,26.03247719371047,25.760602694040212,25.891977310180664,1345800
2004-02-24 00:00:00-05:00,25.689440049423723,25.908400525705904,25.62740076057267,25.791622161865234,1583400
2004-02-25 00:00:00-05:00,25.780671682110913,25.822637467347008,25.43580969288238,25.60002899169922,1878000
2004-02-26 00:00:00-05:00,25.543464539161647,25.707683835863254,25.446757596791123,25.60915184020996,1798800
2004-02-27 00:00:00-05:00,25.793442230726242,25.904747509833804,25.700385396061225,25.818988800048828,2097300
2004-03-01 00:00:00-05:00,26.090861827989016,26.19121887015937,26.00145301661556,26.165672302246094,1406700
2004-03-02 00:00:00-05:00,26.021532564088165,26.09816811547512,25.731411665791228,25.746007919311523,1731300
2004-03-03 00:00:00-05:00,25.669370546660772,25.725934679322425,25.435813801609815,25.691267013549805,1524300
2004-03-04 00:00:00-05:00,25.685783178284783,25.888320208203588,25.63651718850331,25.773366928100586,1689900
2004-03-05 00:00:00-05:00,25.835410228209604,26.127356106441685,25.835410228209604,26.074440002441406,1098300
2004-03-08 00:00:00-05:00,26.0635050238,26.11094598831448,25.906583786010742,25.906583786010742,1105500
2004-03-09 00:00:00-05:00,25.972259522542483,25.990505878583985,25.711333290090476,25.727754592895508,1269600
2004-03-10 00:00:00-05:00,25.662065189941565,25.691259774847143,25.315378189086914,25.315378189086914,1806300
2004-03-11 00:00:00-05:00,25.052627003345894,25.224146495303884,24.904829025268555,24.904829025268555,2135400
2004-03-12 00:00:00-05:00,25.00518924016879,25.12379264831543,24.870164528425803,25.12379264831543,1599300
2004-03-15 00:00:00-05:00,24.88110999563685,24.992413178118785,24.63295497513161,24.696819305419922,2073000
2004-03-16 00:00:00-05:00,25.017960882258677,25.043505362637806,24.7606826726166,24.924901962280273,1427400
2004-03-17 00:00:00-05:00,25.315381298639952,25.44675799093311,25.18400669450848,25.44493293762207,1678200
2004-03-18 00:00:00-05:00,25.42485613768179,25.472297072903416,25.262461926173767,25.43580436706543,2881500
2004-03-19 00:00:00-05:00,25.342759668467316,25.35370790398851,25.107379913330075,25.107379913330078,1089900
2004-03-22 00:00:00-05:00,25.00518568124789,25.00518568124789,24.724188065970758,24.780752182006836,1711500
2004-03-23 00:00:00-05:00,25.052628620544652,25.13656227476844,24.906655686137036,24.97052001953125,1414500
2004-03-24 00:00:00-05:00,24.94863147978279,25.02344197987232,24.780762029866594,24.87199592590332,1770900
2004-03-25 00:00:00-05:00,25.136563655937007,25.360999273592352,25.045331872020352,25.344575881958008,2658000
2004-03-26 00:00:00-05:00,25.32451054002055,25.37012853107136,25.18036261636275,25.2351016998291,1619700
2004-03-29 00:00:00-05:00,25.523393458128805,25.66024322183645,25.4996719414705,25.60002899169922,1683300
2004-03-30 00:00:00-05:00,25.55258209567693,25.66936042214266,25.4814196504365,25.65476417541504,1302600
2004-03-31 00:00:00-05:00,25.80804372052032,25.94489349750197,25.747829484542493,25.837238311767578,2627100
2004-04-01 00:00:00-05:00,25.98503222002189,26.18391916691057,25.828111055815995,26.18027114868164,2286300
2004-04-02 00:00:00-05:00,26.134660320263322,26.501418850851646,26.074446077318814,26.255088806152344,2089800
2004-04-05 00:00:00-04:00,26.090869472406848,26.256913859846804,26.010583815147502,26.255088806152344,1556700
2004-04-06 00:00:00-04:00,26.154727554347218,26.202170590172063,26.01240471135805,26.1747989654541,1522800
2004-04-07 00:00:00-04:00,26.255087666364528,26.255087666364528,26.116412825875297,26.21494483947754,1743300
2004-04-08 00:00:00-04:00,26.27333219201823,26.27333219201823,26.02152910290765,26.16020393371582,1018800
2004-04-12 00:00:00-04:00,26.273323280171915,26.34813374250206,26.183914483052792,26.32988739013672,880500
2004-04-13 00:00:00-04:00,26.16384796595487,26.172971143842002,25.930291270985684,25.99233055114746,972900
2004-04-14 00:00:00-04:00,25.534347731487067,25.724111557006836,25.472308433364432,25.724111557006836,1487400
2004-04-15 00:00:00-04:00,25.53616490822331,25.69673408888997,25.452229167458928,25.5452880859375,2116800
2004-04-16 00:00:00-04:00,25.67119080837943,25.84635833447021,25.610976579755416,25.818988800048828,814800
2004-04-19 00:00:00-04:00,25.797095157668885,25.84636116027832,25.67301866849625,25.84636116027832,1103100
2004-04-20 00:00:00-04:00,25.9010886935311,25.935758429335728,25.454046850490844,25.49053955078125,874200
2004-04-21 00:00:00-04:00,25.556235853829605,25.713154925303108,25.494196575967845,25.663888931274414,1887900
2004-04-22 00:00:00-04:00,25.579959735495382,25.926646807221378,25.50149914201228,25.84636116027832,1066200
2004-04-23 00:00:00-04:00,25.789796447605763,25.828114216749075,25.64747151522048,25.80986785888672,1048500
2004-04-26 00:00:00-04:00,25.974089883548338,25.974089883548338,25.682143950902393,25.802570343017578,1864200
2004-04-27 00:00:00-04:00,25.72957965537081,25.926643641748328,25.72957965537081,25.82811164855957,1936800
2004-04-28 00:00:00-04:00,25.729578138150032,25.729578138150032,25.317203833663818,25.351871490478516,2226900
2004-04-29 00:00:00-04:00,25.351876330736776,25.433987031949535,25.00336629027578,25.080001831054688,2768100
2004-04-30 00:00:00-04:00,25.32449972779408,25.32449972779408,24.90665238887895,24.96139144897461,4595100
2004-05-03 00:00:00-04:00,25.160282348752343,25.216846466064453,25.09094494786086,25.216846466064453,1395900
2004-05-04 00:00:00-04:00,25.53434445857054,25.643824699040263,25.3865464471607,25.537992477416992,1985400
2004-05-05 00:00:00-04:00,25.700385396061225,25.87372786889159,25.676663879999055,25.818988800048828,1707900
2004-05-06 00:00:00-04:00,25.454058768921485,25.454058768921485,25.154814727734543,25.27159309387207,1749000
2004-05-07 00:00:00-04:00,25.008842706908805,25.0416853185141,24.58734512329102,24.587345123291016,3348900
2004-05-10 00:00:00-04:00,23.966953606914473,24.215108638045024,23.795436193043592,23.95783042907715,5254200
2004-05-11 00:00:00-04:00,23.996153171688864,24.176795889033407,23.97608175865058,24.13117790222168,1500300
2004-05-12 00:00:00-04:00,24.339182241842654,24.3410072948274,23.87754198028391,24.28626823425293,2675700
2004-05-13 00:00:00-04:00,24.056363420583384,24.1968632885467,23.932286943939424,24.030818939208984,1188600
2004-05-14 00:00:00-04:00,24.056358068434655,24.08372759699545,23.90308703796527,24.0107421875,972000
2004-05-17 00:00:00-04:00,23.685965788605706,23.839236910332428,23.685965788605706,23.748003005981445,1040100
2004-05-18 00:00:00-04:00,23.965128075425785,24.010746051863517,23.879369370201893,23.999797821044922,657300
2004-05-19 00:00:00-04:00,24.5216508896525,24.612884756690338,24.23700523376465,24.23700523376465,2612100
2004-05-20 00:00:00-04:00,24.233364402365318,24.38663552006933,24.123884137650005,24.26803207397461,1387800
2004-05-21 00:00:00-04:00,24.722357135603843,24.722357135603843,24.40668985162666,24.44683265686035,1630500
2004-05-24 00:00:00-04:00,24.694997454781994,24.724192044029696,24.450492508812253,24.603763580322266,1747800
2004-05-25 00:00:00-04:00,24.60558663943143,25.05992674522464,24.578217105760295,24.97052001953125,1480800
2004-05-26 00:00:00-04:00,24.974167957995533,25.016135829054118,24.844616326572215,24.924901962280273,1150200
2004-05-27 00:00:00-04:00,25.3427524795611,25.444934589998265,25.255168708398593,25.39931869506836,1328100
2004-05-28 00:00:00-04:00,25.37924782337102,25.386545949082638,25.19860511691586,25.24604606628418,1154400
2004-06-01 00:00:00-04:00,25.30078799021427,25.335455654508173,25.11649517128146,25.30626106262207,1382400
2004-06-02 00:00:00-04:00,25.47047945663733,25.494200975254778,25.264292267393923,25.379247665405273,1918500
2004-06-03 00:00:00-04:00,25.196772289072083,25.2788829645189,25.061747608340127,25.134735107421875,1050000
2004-06-04 00:00:00-04:00,25.370117078924814,25.525213166897483,25.253336661553032,25.43580436706543,1358400
2004-06-07 00:00:00-04:00,25.81716404194802,25.997804641723633,25.711333921411786,25.997804641723633,1045200
2004-06-08 00:00:00-04:00,25.85548345030024,25.877379914742985,25.68396392971447,25.85183334350586,1406700
2004-06-09 00:00:00-04:00,25.707683639306282,25.709508692575103,25.36282165715651,25.40843963623047,2286900
2004-06-10 00:00:00-04:00,25.634694612956796,25.756946018693906,25.574480392513795,25.709505081176758,804300
2004-06-14 00:00:00-04:00,25.224149852245056,25.264290584816717,25.038034087100197,25.0909481048584,1386300
2004-06-15 00:00:00-04:00,25.433983139916702,25.707682651193895,25.362820682299397,25.536165237426758,2062800
2004-06-16 00:00:00-04:00,25.536175287895404,25.636530283542722,25.452239513013705,25.527050018310547,636900
2004-06-17 00:00:00-04:00,25.556242281337468,25.716811499478997,25.49420298787255,25.691267013549805,932400
2004-06-18 00:00:00-04:00,25.667543840859455,25.90475067784377,25.64017430309093,25.736881256103516,1888800
2004-06-21 00:00:00-04:00,25.76424663359362,25.818987788453228,25.62739687868691,25.64564323425293,897600
2004-06-22 00:00:00-04:00,25.589086673996132,25.691268801146762,25.417569210475914,25.656599044799805,1382100
2004-06-23 00:00:00-04:00,25.609151526495,25.85548151261067,25.508794478788317,25.818988800048828,979200
2004-06-24 00:00:00-04:00,25.917530519324615,25.990515971834046,25.85549121416167,25.919353485107422,1119000
2004-06-25 00:00:00-04:00,25.802566426959277,25.910221603793758,25.793443248458843,25.824462890625,1457400
2004-06-28 00:00:00-04:00,26.101820685109274,26.138313410514513,25.91022970040704,25.983217239379883,2811900
2004-06-29 00:00:00-04:00,25.893795147594183,25.95400936661222,25.85547738788476,25.928464889526367,2685900
2004-06-30 00:00:00-04:00,26.017875042312323,26.1200571404842,25.79344152513786,26.092687606811523,5310000
2004-07-01 00:00:00-04:00,26.017879860005966,26.030653146683054,25.663894645440017,25.764251708984375,2171100
2004-07-02 00:00:00-04:00,25.784319110512932,25.935767209043412,25.784319110512932,25.908397674560547,1066800
2004-07-06 00:00:00-04:00,25.643826415864545,25.65477464946068,25.48143005371094,25.481430053710938,1130400
2004-07-07 00:00:00-04:00,25.71680819459367,25.833586552111882,25.67666537317657,25.782495498657227,979500
2004-07-08 00:00:00-04:00,25.680317794501832,25.746005104485853,25.54529306747171,25.61827850341797,1184100
2004-07-09 00:00:00-04:00,25.82628598661971,25.83540916442871,25.72775399575326,25.83540916442871,1107000
2004-07-12 00:00:00-04:00,25.837233771293675,25.910219192504883,25.745999906618152,25.910219192504883,576000
2004-07-13 00:00:00-04:00,25.84635983751598,25.84635983751598,25.63287453318811,25.782495498657227,1331700
2004-07-14 00:00:00-04:00,25.58359875790602,25.777012577624177,25.561702302197297,25.636512756347656,1405200
2004-07-15 00:00:00-04:00,25.552591031904623,25.57266244429535,25.302610903780288,25.317209243774414,2289300
2004-07-16 00:00:00-04:00,25.618273326976507,25.716805316124077,25.521566390991207,25.52156639099121,1351500
2004-07-19 00:00:00-04:00,25.616447893905868,25.645642479584712,25.41756095355959,25.541637420654297,769200
2004-07-20 00:00:00-04:00,25.47047899693271,25.572661107062597,25.37559710049911,25.554414749145508,777000
2004-07-21 00:00:00-04:00,25.625569630865428,25.625569630865428,24.99971008300781,24.999710083007812,1611000
2004-07-22 00:00:00-04:00,25.196772289072083,25.22596687107254,25.01978183232531,25.134735107421875,2698500
2004-07-23 00:00:00-04:00,24.99606475055391,24.99606475055391,24.645729704463857,24.671274185180664,1337700
2004-07-26 00:00:00-04:00,24.840968636701227,24.840968636701227,24.601936779621806,24.671274185180664,1568400
2004-07-27 00:00:00-04:00,24.71688783829515,24.85556263686326,24.587338305044653,24.824542999267578,1640400
2004-07-28 00:00:00-04:00,24.758855559491888,24.9212518706013,24.585513106388962,24.85738754272461,1755300
2004-07-29 00:00:00-04:00,24.850088992735362,24.98876378810532,24.76980336508314,24.88840675354004,2150100
2004-07-30 00:00:00-04:00,25.01430879700397,25.03985327536231,24.882934210930507,24.979639053344727,2845200
2004-08-02 00:00:00-04:00,24.977821147809525,25.123794099770475,24.91578186016544,25.098247528076172,1519800
2004-08-03 00:00:00-04:00,25.041687640995967,25.12927142700298,24.934032440185547,24.934032440185547,1063800
2004-08-04 00:00:00-04:00,24.72236591858798,24.997890495215632,24.705942527237152,24.930376052856445,969300
2004-08-05 00:00:00-04:00,24.913955852913578,24.913955852913578,24.552672549621597,24.559972763061523,1332900
2004-08-06 00:00:00-04:00,24.80448099802651,24.80448099802651,24.48151539263708,24.523483276367188,966900
2004-08-09 00:00:00-04:00,24.59464292598182,24.623837518225933,24.49063784366278,24.496110916137695,888000
2004-08-10 00:00:00-04:00,24.705940394705145,24.80629743478022,24.623831797684918,24.696819305419922,853800
2004-08-11 00:00:00-04:00,24.52347598692422,24.65485267216829,24.43041915467091,24.614709854125977,870900
2004-08-12 00:00:00-04:00,24.541711516782538,24.5508346906621,24.340999603271488,24.340999603271484,828600
2004-08-13 00:00:00-04:00,24.576391156175006,24.576391156175006,24.43954140464909,24.486982345581055,742500
2004-08-16 00:00:00-04:00,24.468738165151443,24.804474887801813,24.466913111845418,24.733314514160156,1028700
2004-08-17 00:00:00-04:00,24.813601405092314,24.84097094157729,24.69682304556032,24.751562118530273,807600
2004-08-18 00:00:00-04:00,24.60559082658282,24.952275821735956,24.58004425361323,24.939504623413086,1868700
2004-08-19 00:00:00-04:00,24.93220010581647,24.986941261186857,24.81542175857507,24.88111114501953,1177500
2004-08-20 00:00:00-04:00,24.831842333548884,25.052625718716726,24.77892623738467,24.997886657714844,1521300
2004-08-23 00:00:00-04:00,25.023436582606713,25.023436582606713,24.76615834593567,24.795352935791016,1457700
2004-08-24 00:00:00-04:00,24.915788046425273,24.915788046425273,24.755216715319584,24.789886474609375,2878500
2004-08-25 00:00:00-04:00,24.83366921518463,25.089120273498303,24.7698048844851,25.052627563476562,2217900
2004-08-26 00:00:00-04:00,25.007012922126176,25.116491057647035,24.979641300084378,25.07087516784668,958200
2004-08-27 00:00:00-04:00,25.162104636517075,25.189474165612275,25.056274537785576,25.134735107421875,1377600
2004-08-30 00:00:00-04:00,25.034387257301933,25.123796088987444,25.025264077592144,25.04351043701172,1250700
2004-08-31 00:00:00-04:00,25.10372089322324,25.289836654684724,25.04350666331487,25.277063369750977,1728300
2004-09-01 00:00:00-04:00,25.289840367078646,25.33363121188281,25.218677895089655,25.29896354675293,1734000
2004-09-02 00:00:00-04:00,25.298966897778975,25.56354331970215,25.271597355130837,25.56354331970215,1131900
2004-09-03 00:00:00-04:00,25.3099103306202,25.362824352068518,25.18035868086979,25.224151611328125,1324500
2004-09-07 00:00:00-04:00,25.48142730737729,25.579959310960888,25.401141661766687,25.576309204101562,1623600
2004-09-08 00:00:00-04:00,25.399323975651065,25.61645735118943,25.371952344840675,25.56354331970215,1557900
2004-09-09 00:00:00-04:00,25.444937333831856,25.54529440166138,25.348230373255056,25.481430053710938,1449300
2004-09-10 00:00:00-04:00,25.62740142401219,25.709512126784148,25.54529280940215,25.673019409179688,1054200
2004-09-13 00:00:00-04:00,25.724108883566632,25.855485592948515,25.69309132589106,25.764251708984375,850200
2004-09-14 00:00:00-04:00,25.798917061250368,25.864604360655672,25.74600095818174,25.82811164855957,1271100
2004-09-15 00:00:00-04:00,25.636525843924908,25.636525843924908,25.38289768560977,25.45771026611328,921300
2004-09-16 00:00:00-04:00,25.472297353157714,25.63104354872526,25.441277717589646,25.625568389892578,974400
2004-09-17 00:00:00-04:00,25.698556851263366,25.71680320506524,25.58907664029076,25.709505081176758,789600
2004-09-20 00:00:00-04:00,25.50878831244738,25.62374367028716,25.44492608090183,25.548931121826172,889200
2004-09-21 00:00:00-04:00,25.83358073358024,26.025169530681207,25.72227756123064,25.94853401184082,1576200
2004-09-22 00:00:00-04:00,25.736887367352416,25.736887367352416,25.501505527960067,25.527050018310547,1800900
2004-09-23 00:00:00-04:00,25.600033124554617,25.60733125079627,25.43763885282722,25.45771026611328,1859400
2004-09-24 00:00:00-04:00,25.545280689377783,25.579948337021488,25.45587190313755,25.49053955078125,1443000
2004-09-27 00:00:00-04:00,25.35187716061255,25.44311104403966,25.31720949604417,25.362825393676758,1306800
2004-09-28 00:00:00-04:00,25.565353665287134,25.665708597260913,25.423028784339365,25.61096954345703,1361100
2004-09-29 00:00:00-04:00,25.618271224006033,25.709505081176758,25.545285808798525,25.709505081176758,1462500
2004-09-30 00:00:00-04:00,25.78249865080319,25.853661123666658,25.682143673152865,25.800745010375977,3372000
2004-10-01 00:00:00-04:00,25.946714356825094,26.209465635577967,25.946714356825094,26.202167510986328,1596300
2004-10-04 00:00:00-04:00,26.247784730154873,26.29340062136641,26.147427681327844,26.2423095703125,1882500
2004-10-05 00:00:00-04:00,26.266035411189698,26.355444243214276,26.200348099397722,26.256912231445312,1347000
2004-10-06 00:00:00-04:00,26.2112863697283,26.37368267908014,26.129177776697265,26.355436325073242,1263300
2004-10-07 00:00:00-04:00,26.302525557544694,26.309823682993983,26.138306250045872,26.1747989654541,1461300
2004-10-08 00:00:00-04:00,26.34814401920635,26.43755285119807,26.317126460984035,26.357269287109375,2474400
2004-10-11 00:00:00-04:00,26.366386346248046,26.421125411987305,26.34448988468774,26.421125411987305,651300
2004-10-12 00:00:00-04:00,25.964963837950705,26.162025754615783,25.866431835537266,26.120059967041016,1691700
2004-10-13 00:00:00-04:00,26.089037740828818,26.09816091880379,25.851830937156368,25.937589645385742,2155200
2004-10-14 00:00:00-04:00,26.05072514811195,26.275158711916426,25.791623918751586,25.800745010375977,910800
2004-10-15 00:00:00-04:00,26.052541439768454,26.238657168243645,25.81898477472685,26.094507217407227,1442100
2004-10-18 00:00:00-04:00,26.08720777487822,26.2021631367731,25.990500853658336,26.19851303100586,1239600
2004-10-19 00:00:00-04:00,26.34813476247716,26.38097945090295,26.12917643745566,26.147422790527344,2419200
2004-10-20 00:00:00-04:00,26.183926938463742,26.443030276891104,26.070798664720247,26.247791290283203,2554200
2004-10-21 00:00:00-04:00,26.2769779119717,26.439372146523695,26.256906503280398,26.40105438232422,1383000
2004-10-22 00:00:00-04:00,26.412003282257775,26.634611748522182,26.169323406793676,26.23866081237793,1916700
2004-10-25 00:00:00-04:00,26.26602769534749,26.421123793603403,26.174793836542268,26.211286544799805,1527600
2004-10-26 00:00:00-04:00,26.302528120501186,26.3901118989123,26.224067521831106,26.357269287109375,2247600
2004-10-27 00:00:00-04:00,26.39739792623665,26.640079825339843,26.384626733349876,26.630956649780273,1210200
2004-10-28 00:00:00-04:00,26.649213713944004,26.758691864669284,26.548856654283956,26.70395278930664,1447200
2004-10-29 00:00:00-04:00,26.702127735828846,26.742270559692866,26.596297603897284,26.70395278930664,2553300
2004-11-01 00:00:00-05:00,26.70941641199152,26.857214368975114,26.70941641199152,26.749561309814453,4493400
2004-11-02 00:00:00-05:00,26.930212934506734,27.07801095224112,26.879121875013,26.957582473754883,1418700
2004-11-03 00:00:00-05:00,27.349873299199793,27.36994470335084,26.953922462650777,27.276887893676758,1863900
2004-11-04 00:00:00-05:00,27.333462112117672,27.680147092924162,27.278720949563812,27.658252716064453,2343600
2004-11-05 00:00:00-05:00,27.598039845434336,27.816998241986802,27.596214791898692,27.787803649902344,2557200
2004-11-08 00:00:00-05:00,27.53417282259543,27.63452987567531,27.517751518695718,27.59438705444336,1785000
2004-11-09 00:00:00-05:00,27.514099071190472,27.59803481322972,27.506800946540576,27.525047302246094,1497000
2004-11-10 00:00:00-05:00,27.57796375380468,27.6053332877098,27.189308854970303,27.47213363647461,2506200
2004-11-11 00:00:00-05:00,27.596211936443506,27.79874900654201,27.574315472605367,27.771379470825195,1201800
2004-11-12 00:00:00-05:00,27.842535472135157,28.13630634793567,27.767722919411998,28.099811553955078,3053700
2004-11-15 00:00:00-05:00,28.063315963519177,28.127178192138672,27.950187751843092,28.127178192138672,2940000
2004-11-16 00:00:00-05:00,27.939246311187446,28.125362060376325,27.625403985568493,27.88998031616211,2542500
2004-11-17 00:00:00-05:00,28.189228261396376,28.3370262672186,28.15456059877525,28.245792388916016,1379400
2004-11-18 00:00:00-05:00,28.1801054885307,28.211125132890363,28.07792337630615,28.181930541992188,1743600
2004-11-19 00:00:00-05:00,28.30782545457509,28.309650507609117,27.931945967858855,27.99945831298828,2092800
2004-11-22 00:00:00-05:00,27.888161476838206,28.099821753209223,27.8370704172501,28.081575393676758,3271200
2004-11-23 00:00:00-05:00,28.099817682800744,28.198349680532782,28.008585898353818,28.13631248474121,2788800
2004-11-24 00:00:00-05:00,28.189225699839113,28.28045956985127,28.07427240181047,28.264036178588867,2311200
2004-11-26 00:00:00-05:00,28.437385890408542,28.517671543505955,28.373521543385774,28.42826271057129,900300
2004-11-29 00:00:00-05:00,28.619852078512235,28.69101455302358,28.44650957039474,28.519495010375977,1688700
2004-11-30 00:00:00-05:00,28.515831140661696,28.561447015294245,28.2840974859422,28.327890396118164,2875800
2004-12-01 00:00:00-05:00,28.51948364880805,28.820554733276367,28.464744590629017,28.820554733276367,3296700
2004-12-02 00:00:00-05:00,28.847926087057225,28.847926087057225,28.481167691943593,28.774938583374023,1785000
2004-12-03 00:00:00-05:00,28.80962235904627,28.97566676603005,28.76765447178241,28.94647216796875,3707400
2004-12-06 00:00:00-05:00,28.8461076613617,29.304097931099825,28.743925550361386,28.769472122192383,1775700
2004-12-07 00:00:00-05:00,28.939156743918502,29.185484582221978,28.576048495005676,28.61254119873047,2475600
2004-12-08 00:00:00-05:00,28.428254704778563,28.847927123592523,28.33519579085088,28.59247398376465,1833900
2004-12-09 00:00:00-05:00,28.245793294139798,28.541389315257536,28.085224085449024,28.473876953125,1636500
2004-12-10 00:00:00-05:00,28.04508668484405,28.245798756563474,28.03596350377327,28.19470977783203,2391600
2004-12-13 00:00:00-05:00,28.437380692439373,28.720203392021993,28.194700812067893,28.61984634399414,2657100
2004-12-14 00:00:00-05:00,28.55416061710734,28.69283543872219,28.495771438339162,28.628971099853516,2719500
2004-12-15 00:00:00-05:00,28.77677199961187,28.864355776588845,28.75670058687786,28.802318572998047,1904700
2004-12-16 00:00:00-05:00,28.692833857513023,28.76581928287028,28.49394481472357,28.61984634399414,2297400
2004-12-17 00:00:00-05:00,28.545037106082532,28.5833548736929,28.450153125567677,28.537736892700195,3940800
2004-12-20 00:00:00-05:00,28.946464002891837,29.03039766558158,28.574232460566947,28.79866600036621,2919000
2004-12-21 00:00:00-05:00,28.87347314554933,29.00119972229004,28.69283255545813,29.00119972229004,5990100
2004-12-22 00:00:00-05:00,29.001199523443304,29.065063855456543,28.95010847546502,29.044992446899414,2148000
2004-12-23 00:00:00-05:00,29.21525211099359,29.272687531553615,29.161525005637504,29.235631942749023,3845700
2004-12-27 00:00:00-05:00,29.400528504988554,29.63952723272773,29.35420954146599,29.46537208557129,1929300
2004-12-28 00:00:00-05:00,29.546893489858114,29.68955234545407,29.515397186132446,29.661762237548828,2246100
2004-12-29 00:00:00-05:00,29.348651244143305,29.57838659442756,29.346798146433517,29.519100189208984,6386700
2004-12-30 00:00:00-05:00,29.576531368477077,29.67657743511554,29.519098065101023,29.522804260253906,4646400
2004-12-31 00:00:00-05:00,29.64322762731176,29.713630492495053,29.43943142196458,29.689546585083008,3647400
2005-01-03 00:00:00-05:00,29.678435283934885,29.735868596505487,29.420909806054457,29.476490020751953,5273700
2005-01-04 00:00:00-05:00,29.419059650076523,29.43017611817752,28.831752660279015,28.911418914794922,2983800
2005-01-05 00:00:00-05:00,28.939205867987425,29.26343014485715,28.729850335464153,28.89288902282715,3143700
2005-01-06 00:00:00-05:00,28.957732606051536,29.004051571461076,28.8261923417465,28.89288902282715,2673300
2005-01-07 00:00:00-05:00,29.18745933594081,29.18745933594081,28.755780954161942,28.76319122314453,2475300
2005-01-10 00:00:00-05:00,28.985524833396966,29.022578309525187,28.855835546698927,28.89288902282715,1698600
2005-01-11 00:00:00-05:00,28.974408655810375,28.974408655810375,28.794696326445155,28.83730697631836,2209800
2005-01-12 00:00:00-05:00,29.011463931131313,29.102246650380184,28.90030137449495,29.068897247314453,2629200
2005-01-13 00:00:00-05:00,28.98367652621915,28.9947929949449,28.77246786092918,28.818784713745117,1655100
2005-01-14 00:00:00-05:00,28.891040277864576,29.00405594138237,28.60572465224127,28.95773696899414,2011200
2005-01-18 00:00:00-05:00,28.818772035328823,29.02257033855995,28.716875003961942,28.979957580566406,3630000
2005-01-19 00:00:00-05:00,29.031841113565495,29.094833717956973,28.67982673645019,28.679826736450195,2236500
2005-01-20 00:00:00-05:00,28.6038611982054,28.624241029817895,28.420442713692964,28.488994598388672,2893500
2005-01-21 00:00:00-05:00,28.64276084356256,28.790976801184275,28.570504901644377,28.602001190185547,1255800
2005-01-24 00:00:00-05:00,28.687239164751688,28.807665080229455,28.652036666870117,28.652036666870117,1333500
2005-01-25 00:00:00-05:00,28.68166713423898,28.839146455237774,28.646466772238522,28.661287307739258,1710300
2005-01-26 00:00:00-05:00,28.992932831002996,29.0781562434647,28.941056696341956,29.007753372192383,2575800
2005-01-27 00:00:00-05:00,28.946613400854535,29.09297630319407,28.8725043407877,29.050363540649414,1803600
2005-01-28 00:00:00-05:00,29.011469776953504,29.018880050155925,28.818787831941698,28.985532760620117,1708500
2005-01-31 00:00:00-05:00,28.99478050481231,29.14299649022566,28.99478050481231,29.124469757080078,3236700
2005-02-01 00:00:00-05:00,29.115211022129714,29.346799480652667,29.078157547245784,29.306039810180664,3320100
2005-02-02 00:00:00-05:00,29.383853536306944,29.38570451375481,29.281954365465644,29.346797943115234,2643600
2005-02-03 00:00:00-05:00,29.16152675488089,29.217106961048486,29.035543682084956,29.187463760375977,1950600
2005-02-04 00:00:00-05:00,29.181917157711663,29.3542171313886,29.17450688492173,29.337543487548828,2401500
2005-02-07 00:00:00-05:00,29.280099812856633,29.313449208997334,29.048511377974567,29.152263641357422,1713600
2005-02-08 00:00:00-05:00,29.07630148130066,29.198580480234245,29.04110110780407,29.152263641357422,1944000
2005-02-09 00:00:00-05:00,29.15227605568073,29.20415008921343,29.072609786737804,29.078166961669922,1885200
2005-02-10 00:00:00-05:00,29.27268968773525,29.409789227689174,29.257867027071836,29.380146026611328,1296000
2005-02-11 00:00:00-05:00,29.428314239501162,29.635816634891164,29.380144305602446,29.583940505981445,3481800
2005-02-14 00:00:00-05:00,29.800715111186435,29.87482206613223,29.643233591427936,29.813682556152344,2572800
2005-02-15 00:00:00-05:00,29.83591373875242,30.02118323548711,29.832207543123026,30.01377296447754,2157000
2005-02-16 00:00:00-05:00,29.83220683477286,29.856292865293593,29.643231146895904,29.748836517333984,6873900
2005-02-17 00:00:00-05:00,29.841469063212486,29.945221331915764,29.78218265831035,29.809972763061523,2853000
2005-02-18 00:00:00-05:00,29.930394881789343,29.99338747411727,29.89334141347824,29.958187103271484,1808100
2005-02-22 00:00:00-05:00,30.02302947663342,30.10640189726048,29.847023388919325,29.88778305053711,2227800
2005-02-23 00:00:00-05:00,29.854433219187463,29.943362810432426,29.767356725306737,29.902603149414062,3172200
2005-02-24 00:00:00-05:00,29.937822112598393,29.987845167715626,29.772930280424998,29.948936462402344,3470700
2005-02-25 00:00:00-05:00,30.102706413241137,30.347262349713922,30.023040159051213,30.297239303588867,2302800
2005-02-28 00:00:00-05:00,30.328732523437495,30.400988498320768,30.130493457161005,30.22683334350586,2276400
2005-03-01 00:00:00-05:00,30.317615406703922,30.43433724678263,30.291678397936003,30.393577575683594,2256000
2005-03-02 00:00:00-05:00,30.050828348711544,30.273153455115438,30.050828348711544,30.16569709777832,3374700
2005-03-03 00:00:00-05:00,30.289817079032535,30.326870544429653,30.119368169857665,30.18050765991211,2220000
2005-03-04 00:00:00-05:00,30.469533631566758,30.77152492959032,30.300937796045673,30.708532333374023,2952900
2005-03-07 00:00:00-05:00,30.53994321574414,30.634432130853376,30.504740714733064,30.57884979248047,2007600
2005-03-08 00:00:00-05:00,30.704830650571218,30.73632695330804,30.621460329472967,30.662220001220703,2472900
2005-03-09 00:00:00-05:00,30.66963067446241,30.734474258388936,30.506591985334,30.52326774597168,2828400
2005-03-10 00:00:00-05:00,30.660365470772316,30.678892207928495,30.480653152008575,30.62331199645996,1933800
2005-03-11 00:00:00-05:00,30.678886909277626,30.743730478124903,30.57143058018144,30.615894317626953,2505900
2005-03-14 00:00:00-05:00,30.465835494695916,30.517711639404297,30.352821955428894,30.517711639404297,1933200
2005-03-15 00:00:00-05:00,30.606642614662306,30.615905985170706,30.312063616045936,30.328737258911133,2351400
2005-03-16 00:00:00-05:00,30.514006512677216,30.528827056226646,30.319471506782524,30.363937377929688,2791200
2005-03-17 00:00:00-05:00,30.28427350452074,30.404699441379528,30.269450839557543,30.328737258911133,1601400
2005-03-18 00:00:00-05:00,30.345408439758017,30.347259417380513,30.191633120139873,30.267595291137695,1447200
2005-03-21 00:00:00-05:00,30.18791656626862,30.18791656626862,30.01376359056444,30.061933517456055,2524500
2005-03-22 00:00:00-05:00,30.04341571156081,30.243507867518844,29.682137972164455,29.71734046936035,2239800
2005-03-23 00:00:00-05:00,29.64137919506571,29.64137919506571,29.463517859160884,29.519100189208984,3244800
2005-03-24 00:00:00-05:00,29.56541831216998,29.680287052415444,29.51354217529297,29.51354217529297,2715900
2005-03-28 00:00:00-05:00,29.53206891269565,29.637674284239772,29.51354217529297,29.51354217529297,1452300
2005-03-29 00:00:00-05:00,29.36532123495141,29.463514198880503,29.154114767754297,29.207841873168945,2633400
2005-03-30 00:00:00-05:00,29.383853620818332,29.53392061071739,29.367177861746924,29.44684410095215,3034200
2005-03-31 00:00:00-05:00,29.641374609061405,29.661754440217766,29.389406365741507,29.43387222290039,5814300
2005-04-01 00:00:00-05:00,29.680288749687172,29.72475249794643,29.29122088123448,29.365327835083008,2720700
2005-04-04 00:00:00-04:00,29.268984766835484,29.40238023761813,29.167085596116035,29.374588012695312,1936800
2005-04-05 00:00:00-04:00,29.439438370352384,29.552451904630466,29.413499239018513,29.532072067260742,3195000
2005-04-06 00:00:00-04:00,29.541339129227993,29.708081912785584,29.515399996513786,29.615446090698242,2424300
2005-04-07 00:00:00-04:00,29.680286335764848,29.850735284102736,29.680286335764848,29.73586654663086,1803300
2005-04-08 00:00:00-04:00,29.735866546630856,29.86370272782199,29.66175959880951,29.73586654663086,5148000
2005-04-11 00:00:00-04:00,29.900748201650995,29.94891812889661,29.787734712410884,29.847021102905273,1389000
2005-04-12 00:00:00-04:00,29.671019768427417,29.980421352932,29.550595982595414,29.92113494873047,2382600
2005-04-13 00:00:00-04:00,29.717340829487334,29.85073630849229,29.578388177304724,29.606178283691406,2060400
2005-04-14 00:00:00-04:00,29.517249836953283,29.517249836953283,29.217111587524418,29.217111587524414,2802900
2005-04-15 00:00:00-04:00,29.27270065387754,29.296784571135554,28.857693563068693,28.859546661376953,3907800
2005-04-18 00:00:00-04:00,28.790988334415903,28.902150877224287,28.679825791607517,28.753934860229492,4774500
2005-04-19 00:00:00-04:00,29.013316512408803,29.1596794472445,28.98367330585033,29.13559341430664,2568600
2005-04-20 00:00:00-04:00,28.96143023010708,29.078149917515237,28.73540112427335,28.76319122314453,3272700
2005-04-21 00:00:00-04:00,29.087421575976023,29.28936683512424,28.96884875745761,29.283809661865234,4253100
2005-04-22 00:00:00-04:00,29.23563391752541,29.3282697154209,28.95031837392598,29.1800537109375,2785200
2005-04-25 00:00:00-04:00,29.263423204966507,29.343087311649946,29.180050783200716,29.333826065063477,1811100
2005-04-26 00:00:00-04:00,29.12447845296084,29.143005191638068,28.966999053955078,28.966999053955078,2562300
2005-04-27 00:00:00-04:00,28.811377504723996,28.937360629928307,28.765060646983404,28.889190673828125,2814900
2005-04-28 00:00:00-04:00,28.711317088469922,28.815069342407153,28.49640443134838,28.500110626220703,2952000
2005-04-29 00:00:00-04:00,28.902156746427767,28.967002459671452,28.679831615663105,28.95773696899414,3655800
2005-05-02 00:00:00-04:00,28.91141759086239,28.99108384173016,28.855837373152063,28.948471069335938,6243000
2005-05-03 00:00:00-04:00,28.963287507525422,29.06889074657651,28.891031543833126,29.011457443237305,2449500
2005-05-04 00:00:00-04:00,29.15226570965883,29.456108010696017,29.087420010381614,29.356061935424805,1389600
2005-05-05 00:00:00-04:00,29.439433679475272,29.49316079107136,29.307891306526056,29.39867401123047,2568000
2005-05-06 00:00:00-04:00,29.393118498723442,29.411647357785345,29.237492196498543,29.270841598510742,1951500
2005-05-09 00:00:00-04:00,29.226380914700968,29.344953760338758,29.170800688401904,29.337543487548828,2148900
2005-05-10 00:00:00-04:00,29.105955178293797,29.16153540094029,28.92994689941406,28.929946899414062,3199500
2005-05-11 00:00:00-04:00,29.048509161078496,29.09112192174248,28.898440070271647,29.05962562561035,1905000
2005-05-12 00:00:00-04:00,28.896592070660688,28.929939347443664,28.642770698234425,28.69835090637207,5169600
2005-05-13 00:00:00-04:00,28.67055547426775,28.715021328713718,28.41303007463935,28.53160285949707,2818800
2005-05-16 00:00:00-04:00,28.42971475247117,28.66871349450323,28.4223023609048,28.646480560302734,4869000
2005-05-17 00:00:00-04:00,28.448243601196175,28.67612589303243,28.42045137125926,28.642776489257812,3548100
2005-05-18 00:00:00-04:00,28.65203813569422,29.042959106581574,28.627954223513555,28.966999053955078,3137100
2005-05-19 00:00:00-04:00,28.8873291795576,28.99293455286242,28.865098366453257,28.987375259399414,1799400
2005-05-20 00:00:00-04:00,28.809516618733237,28.879919495617916,28.702060265672177,28.86509895324707,2433900
2005-05-23 00:00:00-04:00,28.939203686196674,29.1392958346025,28.904003310578553,29.104095458984375,3382800
2005-05-24 00:00:00-04:00,29.041097231542075,29.065181136443833,28.963284104515534,29.028127670288086,3470400
2005-05-25 00:00:00-04:00,29.011463678940494,29.011463678940494,28.861394546823337,28.948471069335938,3068400
2005-05-26 00:00:00-04:00,28.905859544170628,28.99108296613574,28.883626609658222,28.966999053955078,3284700
2005-05-27 00:00:00-04:00,29.004049195428955,29.104095268978718,28.954026158654074,29.087419509887695,2327100
2005-05-31 00:00:00-04:00,28.881775580314784,28.898449222268624,28.67983029782046,28.707622528076172,5366100
2005-06-01 00:00:00-04:00,28.727992205801925,28.96699088377706,28.727992205801925,28.881765365600586,2512500
2005-06-02 00:00:00-04:00,28.950320332756544,29.133738843355225,28.922530227582257,29.1281795501709,1892400
2005-06-03 00:00:00-04:00,29.022571965268344,29.076299069859807,28.805806208953697,28.8558292388916,1814700
2005-06-06 00:00:00-04:00,29.017016482306683,29.06703739490761,28.959581059220614,29.04665756225586,1891500
2005-06-07 00:00:00-04:00,29.165230396681878,29.311595420531038,29.148556759129008,29.194875717163086,3360600
2005-06-08 00:00:00-04:00,29.356061430308493,29.38941082824144,29.059629405068115,29.087419509887695,4509600
2005-06-09 00:00:00-04:00,29.00220500216029,29.23564449861571,28.97441488880842,29.20229721069336,2432300
2005-06-10 00:00:00-04:00,29.252314899214532,29.26898854011848,28.9466194678958,29.091129302978516,3986200
2005-06-13 00:00:00-04:00,28.879912992001923,29.01886561662116,28.818773497929655,28.99107551574707,1466900
2005-06-14 00:00:00-04:00,28.968853437557332,29.046666597250088,28.91327321499096,28.95773696899414,1955100
2005-06-15 00:00:00-04:00,29.096680283385798,29.180052710658668,28.95772765143028,29.130029678344727,3046500
2005-06-16 00:00:00-04:00,29.235641707088508,29.291224048734787,29.102248327636516,29.22452735900879,4516400
2005-06-17 00:00:00-04:00,29.496862016308178,29.70251130032449,29.491304844415293,29.663604736328125,2686500
2005-06-20 00:00:00-04:00,29.385704040527344,29.47463364630697,29.224520587722992,29.385704040527344,1714000
2005-06-21 00:00:00-04:00,29.38570902165157,29.61359130760539,29.319012336073467,29.608034133911133,1552400
2005-06-22 00:00:00-04:00,29.541333121228224,29.591356158146965,29.43017058138112,29.519100189208984,1439300
2005-06-23 00:00:00-04:00,29.430171652819002,29.491311157973215,29.163382819622665,29.18561363220215,2070900
2005-06-24 00:00:00-04:00,29.285656951554117,29.307889882288872,29.152263607643544,29.1800537109375,1790800
2005-06-27 00:00:00-04:00,29.113351821899414,29.207838580216727,29.046653041647506,29.113351821899414,2304000
2005-06-28 00:00:00-04:00,29.09668326542424,29.346798452627564,29.09668326542424,29.280101776123047,1779500
2005-06-29 00:00:00-04:00,29.20228369756273,29.319003391779308,29.124470568085012,29.157817840576172,4981800
2005-06-30 00:00:00-04:00,29.185604586030745,29.307883558438416,29.02997834496536,29.118907928466797,2959400
2005-07-01 00:00:00-04:00,29.152273078080366,29.26343564761755,29.052226977521872,29.08001708984375,2779400
2005-07-05 00:00:00-04:00,28.874353159951564,29.15225838358873,28.874353159951564,29.113351821899414,3690000
2005-07-06 00:00:00-04:00,29.096684642680742,29.185614255645845,28.968848456558987,29.035547256469727,1836900
2005-07-07 00:00:00-04:00,28.501961186150268,28.95772561732983,28.479730377988126,28.87435531616211,4927400
2005-07-08 00:00:00-04:00,28.918817995307084,29.2634220123291,28.874354260359883,29.2634220123291,4205300
2005-07-11 00:00:00-04:00,29.341237022181733,29.541329142910385,29.26342389084255,29.47463035583496,2530600
2005-07-12 00:00:00-04:00,29.669162421836514,29.84146230441903,29.56911637119246,29.780324935913086,1680200
2005-07-13 00:00:00-04:00,29.558007791693473,29.624704469829812,29.452404541290168,29.54133415222168,5145700
2005-07-14 00:00:00-04:00,29.71363588464087,29.797008327559613,29.59135898734249,29.624706268310547,2711100
2005-07-15 00:00:00-04:00,29.513542765995886,29.6302646063676,29.463519725907787,29.546892166137695,2391700
2005-07-18 00:00:00-04:00,29.541333405516383,29.608030081966856,29.457960969766454,29.463518142700195,1931900
2005-07-19 00:00:00-04:00,29.39681694968872,29.59690906854687,29.346793919974182,29.53021240234375,1868000
2005-07-20 00:00:00-04:00,29.51354252131269,29.85258733240457,29.324566829240947,29.730310440063477,2667900
2005-07-21 00:00:00-04:00,29.835910640380618,29.96930398569734,29.64137779502332,29.791444778442383,2875400
2005-07-22 00:00:00-04:00,29.80812057085135,29.80812057085135,29.596911966901395,29.763654708862305,1609300
2005-07-25 00:00:00-04:00,29.66916994122082,29.758099550970766,29.63026336947079,29.680286407470703,2713700
2005-07-26 00:00:00-04:00,29.613583271762508,29.69139640386342,29.546886604282985,29.591352462768555,2755800
2005-07-27 00:00:00-04:00,29.79699989238536,29.95262614684517,29.685837373378916,29.93039321899414,2259700
2005-07-28 00:00:00-04:00,29.9693006126802,30.158276264150683,29.880371019061666,30.136045455932617,3058500
2005-07-29 00:00:00-04:00,30.086029817885063,30.136052859099603,29.958193628169965,29.991540908813477,3734500
2005-08-01 00:00:00-04:00,30.341709225248604,30.38061580851066,30.230546650107097,30.286128997802734,4786100
2005-08-02 00:00:00-04:00,30.45841995349537,30.56402532271273,30.40283974251191,30.502885818481445,2443700
2005-08-03 00:00:00-04:00,30.625168536460986,30.74744756820043,30.58070478325999,30.73077392578125,1682100
2005-08-04 00:00:00-04:00,30.547358088054903,30.72521735713603,30.475104217662388,30.480661392211914,2716800
2005-08-05 00:00:00-04:00,30.519553030102642,30.519553030102642,30.247204965044116,30.369483947753906,1971000
2005-08-08 00:00:00-04:00,30.625164065990912,30.63072335948549,30.402841091940157,30.441747665405273,2064000
2005-08-09 00:00:00-04:00,30.66406379589065,30.869715204308363,30.625157231108656,30.830808639526367,2101000
2005-08-10 00:00:00-04:00,31.14206687417573,31.281019522545602,30.95865048085706,31.042020797729492,1998200
2005-08-11 00:00:00-04:00,31.30326043060029,31.55893285988137,31.30326043060029,31.542259216308594,1175700
2005-08-12 00:00:00-04:00,31.347713470458984,31.458873875757654,31.23655094491149,31.347713470458984,1606600
2005-08-15 00:00:00-04:00,31.292140587281043,31.464442659869476,31.264350477573092,31.403303146362305,1636600
2005-08-16 00:00:00-04:00,31.292135105477126,31.292135105477126,31.019789109699953,31.064252853393555,2163600
2005-08-17 00:00:00-04:00,30.975322285579622,31.11983421866468,30.95864864724251,30.986438751220703,2994700
2005-08-18 00:00:00-04:00,30.747440881723062,30.747440881723062,30.597371771836507,30.6529541015625,1395300
2005-08-19 00:00:00-04:00,30.814133126944622,30.903062721471567,30.76966938980554,30.803016662597656,920400
2005-08-22 00:00:00-04:00,31.0976032105014,31.23655585923443,31.01979006645077,31.142066955566406,1383500
2005-08-23 00:00:00-04:00,30.875273444064135,31.042016173217505,30.847483342580045,31.008668899536133,1682000
2005-08-24 00:00:00-04:00,30.903067129044526,30.980882390571743,30.680744171142578,30.680744171142578,1171500
2005-08-25 00:00:00-04:00,30.830821406709106,30.914191742802235,30.775239062397382,30.79747200012207,1069700
2005-08-26 00:00:00-04:00,30.89750844202228,30.94753147614235,30.658509736809602,30.697416305541992,2065900
2005-08-29 00:00:00-04:00,30.569581632067063,30.70853427584919,30.519558595495536,30.680744171142578,1701500
2005-08-30 00:00:00-04:00,30.558468454448942,30.59181785583496,30.408399328585826,30.59181785583496,1669300
2005-08-31 00:00:00-04:00,30.719651836327632,31.153183421894948,30.680745264302317,31.142066955566406,2073600
2005-09-01 00:00:00-04:00,31.386627233078222,31.614509508590285,31.358835005132182,31.514463424682617,2482600
2005-09-02 00:00:00-04:00,31.61450723667324,31.703436847061596,31.57004137135448,31.62562370300293,2426400
2005-09-06 00:00:00-04:00,31.903529972982945,32.05915626584409,31.85350693309912,32.01469039916992,1571100
2005-09-07 00:00:00-04:00,31.842389950874647,31.95910966863071,31.786807618431865,31.92576026916504,2873600
2005-09-08 00:00:00-04:00,31.77569445145057,31.80348668068243,31.6367417862889,31.68120765686035,1847100
2005-09-09 00:00:00-04:00,31.94243052966481,32.14252265151166,31.903523963777793,32.09805679321289,1313600
2005-09-12 00:00:00-04:00,31.88129747480164,31.942436982188518,31.831274434235038,31.84794807434082,1162200
2005-09-13 00:00:00-04:00,31.725668710062315,31.76457528077988,31.58115677289786,31.631179809570312,2819700
2005-09-14 00:00:00-04:00,31.72567165522154,31.82015844423586,31.636739919326722,31.65341567993164,1404200
2005-09-15 00:00:00-04:00,31.764565872554208,31.764565872554208,31.631170440854525,31.675636291503906,2431700
2005-09-16 00:00:00-04:00,31.892407997240348,32.042477090968994,31.797919107004304,32.0313606262207,1952800
2005-09-19 00:00:00-04:00,31.870175314344785,31.870175314344785,31.71454904716224,31.820152282714844,3151000
2005-09-20 00:00:00-04:00,31.959112100468314,32.04248454535188,31.625626561432732,31.703439712524414,1926100
2005-09-21 00:00:00-04:00,31.925763504981113,31.94799644021163,31.68676475187654,31.736787796020508,2342400
2005-09-22 00:00:00-04:00,31.708996886066956,31.747903461612793,31.553370583883595,31.703439712524414,2868600
2005-09-23 00:00:00-04:00,31.58672123297611,31.664534387139966,31.486675143265604,31.570045471191406,2273500
2005-09-26 00:00:00-04:00,31.859067836429347,31.998020505681133,31.786811854748567,31.914648056030273,3019800
2005-09-27 00:00:00-04:00,31.764574016826526,31.903526655359887,31.642295016437483,31.7923641204834,1901900
2005-09-28 00:00:00-04:00,32.07027343728835,32.17587669258641,31.99246028914776,32.120296478271484,3054500
2005-09-29 00:00:00-04:00,32.22034456483053,32.55383011196642,32.17032152073521,32.503807067871094,2540400
2005-09-30 00:00:00-04:00,32.220352476962056,32.359305175765236,32.16477012529083,32.292606353759766,2702900
2005-10-03 00:00:00-04:00,32.192556609572776,32.23702248589386,32.08695333368473,32.18144226074219,1985900
2005-10-04 00:00:00-04:00,32.231459873881576,32.3537367726365,31.964668901463334,31.97022819519043,2071900
2005-10-05 00:00:00-04:00,32.01468698061447,32.04247920444276,31.675644324548706,31.692317962646484,2813000
2005-10-06 00:00:00-04:00,31.681211900080882,31.7812580020169,31.30881972529101,31.542259216308594,3380300
2005-10-07 00:00:00-04:00,31.68120578727413,31.72567165522154,31.570043237654893,31.65341567993164,1555800
2005-10-10 00:00:00-04:00,31.67563540149711,31.708982668298713,31.408844545593904,31.497774124145508,1096400
2005-10-11 00:00:00-04:00,31.714560463266693,31.753467044067307,31.492235327049233,31.536701202392578,1497800
2005-10-12 00:00:00-04:00,31.5978293076505,31.642295169916377,31.25322735608601,31.325483322143555,3101400
2005-10-13 00:00:00-04:00,31.086490806959937,31.308815922088783,30.91418873672261,31.258792877197266,2196500
2005-10-14 00:00:00-04:00,31.297699034648005,31.592278006031805,31.21432658753024,31.55337142944336,1748600
2005-10-17 00:00:00-04:00,31.258789940309835,31.308812980501493,31.130951632959533,31.236557006835938,2955500
2005-10-18 00:00:00-04:00,30.991992446616386,31.042015476264165,30.830809013528018,30.875272750854492,3051300
2005-10-19 00:00:00-04:00,30.54178847756235,31.125389099121097,30.508439083095126,31.125389099121094,2472800
2005-10-20 00:00:00-04:00,30.814151392376406,30.82526786331278,30.319480097082806,30.413969039916992,2368500
2005-10-21 00:00:00-04:00,30.658510559070134,30.752999457275116,30.44730195153756,30.547348022460938,1385300
2005-10-24 00:00:00-04:00,30.691861252318986,31.030906049183653,30.652954680900002,31.025346755981445,2223400
2005-10-25 00:00:00-04:00,31.058702468872067,31.20321231777244,30.897516857223902,31.05870246887207,2192200
2005-10-26 00:00:00-04:00,31.097609344669742,31.264352131990442,30.95865666852756,31.00312042236328,3255800
2005-10-27 00:00:00-04:00,31.26434194654134,31.292132048666264,30.90306425817064,30.941970825195312,1573000
2005-10-28 00:00:00-04:00,31.01423005404213,31.236555134959634,30.88639387460175,31.208765029907227,3726800
2005-10-31 00:00:00-05:00,31.319931111264356,31.470000249971637,31.23656078103775,31.26435089111328,4862900
2005-11-01 00:00:00-05:00,31.508896907875712,31.592269332102862,31.40329367473697,31.531129837036133,2795300
2005-11-02 00:00:00-05:00,31.486663520864425,31.96465873718262,31.4811042289051,31.964658737182617,3075900
2005-11-03 00:00:00-05:00,32.003570834411576,32.07026750329838,31.83682598182123,31.947988510131836,2471300
2005-11-04 00:00:00-05:00,31.91464523325018,31.936878167223885,31.5200201963387,31.65341567993164,1951400
2005-11-07 00:00:00-05:00,31.708986358237077,31.87017190069646,31.62561606128297,31.836822509765625,1630300
2005-11-08 00:00:00-05:00,31.703433923364997,31.820153628689084,31.63673513153784,31.759014129638672,3971600
2005-11-09 00:00:00-05:00,31.60895159881913,31.792370134096803,31.525581272078785,31.736787796020508,3981500
2005-11-10 00:00:00-05:00,31.681204244367517,31.75346021613848,31.458879155956495,31.697877883911133,2539600
2005-11-11 00:00:00-05:00,31.67564453479811,31.881293846948683,31.67564453479811,31.864620208740234,1850000
2005-11-14 00:00:00-05:00,31.809029602955132,31.809029602955132,31.553357322466567,31.675636291503906,2313900
2005-11-15 00:00:00-05:00,31.492234742918207,31.625630246224336,31.147632696397636,31.50335121154785,2382200
2005-11-16 00:00:00-05:00,31.392190633068967,31.453330154278202,31.308820293442515,31.447772979736328,1761000
2005-11-17 00:00:00-05:00,31.68119547112241,31.986890792846683,31.68119547112241,31.98689079284668,2169700
2005-11-18 00:00:00-05:00,32.12028367722403,32.20921325683594,31.886842205587513,32.20921325683594,5674400
2005-11-21 00:00:00-05:00,32.23146181145631,32.287042030572515,32.059159739796975,32.253692626953125,2170100
2005-11-22 00:00:00-05:00,31.975776668614078,32.38151807007469,31.92019646796146,32.35928726196289,2834400
2005-11-23 00:00:00-05:00,32.34817652925565,32.542709386256035,32.31482713080596,32.51491928100586,3026800
2005-11-25 00:00:00-05:00,32.31482923550169,32.375968743183634,32.1536436462037,32.20366668701172,2582900
2005-11-28 00:00:00-05:00,32.3037105347852,32.37040933141643,32.15364142273861,32.28703689575195,3798500
2005-11-29 00:00:00-05:00,32.33150155470177,32.35373448754123,32.18143455865833,32.23701477050781,2672700
2005-11-30 00:00:00-05:00,32.1703092580304,32.19809935632377,31.92575130445211,31.98689079284668,4958500
2005-12-01 00:00:00-05:00,32.331498995000466,32.59828992745369,32.29259242573625,32.58717346191406,2846500
2005-12-02 00:00:00-05:00,32.60941130627427,32.71501669155434,32.48713439946236,32.70945739746094,2407900
2005-12-05 00:00:00-05:00,32.90953833032103,32.90953833032103,32.62607591568813,32.85395812988281,1974800
2005-12-06 00:00:00-05:00,32.90954795490902,33.120756594791175,32.79838540127371,32.95401382446289,2462800
2005-12-07 00:00:00-05:00,32.90954740807588,32.92066387527963,32.62052562152627,32.737247467041016,2433700
2005-12-08 00:00:00-05:00,32.731689453125,32.94845527145043,32.60385325565743,32.731689453125,6019200
2005-12-09 00:00:00-05:00,32.931779898122954,33.092965490028455,32.90398979061322,33.05961608886719,2044400
2005-12-12 00:00:00-05:00,33.42643648331186,33.48757596539298,33.3486233680262,33.47645950317383,2521200
2005-12-13 00:00:00-05:00,33.43755742985051,33.68211327072407,33.35418501215,33.63764953613281,2861000
2005-12-14 00:00:00-05:00,33.57095627744028,33.69323315014878,33.515373953255626,33.62097930908203,1811000
2005-12-15 00:00:00-05:00,33.504278746024504,33.504278746024504,33.220816133704055,33.30974578857422,5016800
2005-12-16 00:00:00-05:00,33.57096862792969,33.68212907669629,33.515386283296735,33.57096862792969,2155700
2005-12-19 00:00:00-05:00,33.72102167735626,33.72102167735626,33.45979218675876,33.50981521606445,2335400
2005-12-20 00:00:00-05:00,33.58207371960248,33.59874947852047,33.42644743802839,33.515377044677734,3313900
2005-12-21 00:00:00-05:00,33.67100227595885,33.70990884268883,33.50425742397448,33.67655944824219,4912400
2005-12-22 00:00:00-05:00,33.73214111415618,33.87665304277317,33.12075036454296,33.87109375,2659000
2005-12-23 00:00:00-05:00,33.72956528908504,33.85411071777344,33.68993474406483,33.85411071777344,2142700
2005-12-27 00:00:00-05:00,33.910735582897466,33.910735582897466,33.469158603847106,33.542755126953125,3543800
2005-12-28 00:00:00-05:00,33.87675806928298,33.96733754969877,33.6955991084514,33.78617858886719,3248600
2005-12-29 00:00:00-05:00,33.85411961679599,33.96168425661063,33.752217410437694,33.797508239746094,6123300
2005-12-30 00:00:00-05:00,33.59935868360916,33.66729491661827,33.429522420256916,33.644649505615234,4236600
2006-01-03 00:00:00-05:00,34.25040861110483,34.79954808486273,34.125860979633366,34.771240234375,7778500
2006-01-04 00:00:00-05:00,34.90143444282809,35.082593373796556,34.839160655385534,35.0599479675293,5231500
2006-01-05 00:00:00-05:00,34.88445281982422,34.9467266135353,34.805196049495585,34.88445281982422,4953800
2006-01-06 00:00:00-05:00,35.19015981020868,35.38264146616803,35.093920062021525,35.35433578491211,5326600
2006-01-09 00:00:00-05:00,35.30903740656467,35.37131118774414,35.20713524819545,35.37131118774414,3057200
2006-01-10 00:00:00-05:00,34.8108601763021,35.054290771484375,34.8108601763021,35.054290771484375,3608400
2006-01-11 00:00:00-05:00,35.03730653992463,35.371318761748654,35.03730653992463,35.35433578491211,4077000
2006-01-12 00:00:00-05:00,35.15620756842044,35.24112681011054,34.997693954157356,35.06562805175781,3438400
2006-01-13 00:00:00-05:00,34.98070870169123,35.58645958502127,34.95806328409728,35.20149612426758,2582100
2006-01-17 00:00:00-05:00,34.64103086080254,34.76557848699687,34.573096773599126,34.759918212890625,3501700
2006-01-18 00:00:00-05:00,34.34663898470649,34.45420360409251,34.120191359928135,34.2900276184082,3444800
2006-01-19 00:00:00-05:00,34.493829580322384,34.72593962125062,34.45420119476769,34.68064880371094,5194300
2006-01-20 00:00:00-05:00,34.75992576621287,34.7882314620663,34.08623854313586,34.1541748046875,5101100
2006-01-23 00:00:00-05:00,34.51648077806014,34.680654620213446,34.45420697329129,34.629703521728516,5957000
2006-01-24 00:00:00-05:00,34.658000224840116,34.97502726052545,34.62403211690895,34.80519104003906,3037100
2006-01-25 00:00:00-05:00,34.92975377268363,35.014670839997315,34.75991747847062,34.92409133911133,3563000
2006-01-26 00:00:00-05:00,35.22412621844512,35.433590841101896,35.1675126990886,35.33734893798828,3474100
2006-01-27 00:00:00-05:00,35.603438158142026,35.711002798596084,35.354345074221925,35.5241813659668,3571300
2006-01-30 00:00:00-05:00,35.507193940656705,35.580788290131,35.45058041077031,35.55248260498047,3050100
2006-01-31 00:00:00-05:00,35.58645248413086,35.79025688263772,35.49587299141508,35.58645248413086,3681800
2006-02-01 00:00:00-05:00,35.59776812644165,35.78458734827582,35.569462445507384,35.694007873535156,4100900
2006-02-02 00:00:00-05:00,35.53549743126265,35.660045029735755,35.24111357278952,35.29206466674805,4136500
2006-02-03 00:00:00-05:00,35.05996550368419,35.35434945364794,34.997691685093756,35.20149612426758,7103400
2006-02-06 00:00:00-05:00,35.30338504057993,35.30338504057993,35.03730688308115,35.15053176879883,2528900
2006-02-07 00:00:00-05:00,35.11090499477834,35.17317879276148,34.776892754347514,34.89011764526367,3779000
2006-02-08 00:00:00-05:00,34.8165293396176,35.09393027969567,34.69198171432716,35.014671325683594,4463400
2006-02-09 00:00:00-05:00,35.16751668918461,35.37698349519238,35.03164854648328,35.08259963989258,3885000
2006-02-10 00:00:00-05:00,35.20148744563409,35.21281015163955,34.81086380657986,35.00334548950195,2125000
2006-02-13 00:00:00-05:00,34.70330467389971,34.87314097170108,34.67499898419709,34.759918212890625,3482600
2006-02-14 00:00:00-05:00,34.70329392899218,35.66004192564432,34.686310952346055,35.14487075805664,3066500
2006-02-15 00:00:00-05:00,34.935408993974484,35.09958499045613,34.68631594246067,34.82784652709961,6430600
2006-02-16 00:00:00-05:00,34.861802120316085,35.18449156459573,34.799528339913955,35.16184616088867,2418100
2006-02-17 00:00:00-05:00,34.90143444282809,35.17317283928079,34.844820927159944,35.0599479675293,6936300
2006-02-21 00:00:00-05:00,35.18451542204116,35.2637722291727,35.01467693866096,35.06562805175781,2872600
2006-02-22 00:00:00-05:00,35.15619685178503,35.3826466542061,35.059957089486566,35.331695556640625,6620200
2006-02-23 00:00:00-05:00,35.512851209084516,35.5694647341808,35.331692247946734,35.422271728515625,3203900
2006-02-24 00:00:00-05:00,35.49586048879105,35.592100221084635,35.43358670456123,35.5411491394043,3580600
2006-02-27 00:00:00-05:00,35.620419621571074,35.750629671265386,35.56947067984572,35.66571044921875,2755700
2006-02-28 00:00:00-05:00,35.541153288501874,35.57512140011579,35.32602839370192,35.33734893798828,11384100
2006-03-01 00:00:00-05:00,35.592104277590224,35.75061997176468,35.48454183048804,35.699668884277344,4076900
2006-03-02 00:00:00-05:00,35.467566726911265,35.63740300303765,35.33169641025891,35.63174057006836,2822200
2006-03-03 00:00:00-05:00,35.371325569673054,35.64872648237663,35.31471419626521,35.48455047607422,5237600
2006-03-06 00:00:00-05:00,35.61474909634946,35.61474909634946,35.27507662510729,35.348670959472656,2946500
2006-03-07 00:00:00-05:00,34.95804344809049,35.3260237166411,34.822173179208605,34.91841506958008,3858200
2006-03-08 00:00:00-05:00,34.82218066709586,35.08825883109656,34.73726362042136,35.03730773925781,2873700
2006-03-09 00:00:00-05:00,35.20148887596845,35.28074566164174,34.99202420531972,34.997684478759766,4765700
2006-03-10 00:00:00-05:00,35.16752437091648,35.55815022557488,35.048639180188125,35.529842376708984,3744300
2006-03-13 00:00:00-05:00,35.733639267632284,35.83554145524411,35.66570519575281,35.82421875,2515800
2006-03-14 00:00:00-05:00,35.807228138399715,36.26012761327257,35.75061678383298,36.203514099121094,3769000
2006-03-15 00:00:00-05:00,36.26578875293256,36.35070795145682,36.07896953959808,36.33372497558594,5171500
2006-03-16 00:00:00-05:00,36.28843405099621,36.54884975829367,36.243143236030605,36.45261001586914,3464200
2006-03-17 00:00:00-05:00,36.57150142415892,36.62811279296876,36.40732543119098,36.62811279296875,2797000
2006-03-20 00:00:00-05:00,36.80360810879726,36.82059108496562,36.59414132465768,36.70170593261719,2259000
2006-03-21 00:00:00-05:00,36.531876916970134,36.59981315826508,36.260140590132416,36.32241439819336,4341300
2006-03-22 00:00:00-05:00,36.503565315298,36.74133562848382,36.44129152101075,36.662078857421875,3161400
2006-03-23 00:00:00-05:00,36.458277251471955,36.48092266193864,36.1016195951699,36.22050476074219,5467700
2006-03-24 00:00:00-05:00,36.271457411335454,36.52621073147189,36.19786090395244,36.50922775268555,3362600
2006-03-27 00:00:00-05:00,36.43562846052913,36.49790225374218,36.28843546573737,36.44694900512695,4893200
2006-03-28 00:00:00-05:00,36.424308537214905,36.52621072909698,36.03368706764246,36.0959587097168,3977600
2006-03-29 00:00:00-05:00,36.26013798676821,36.6167935098251,36.21484716248998,36.571502685546875,2738000
2006-03-30 00:00:00-05:00,36.72434993071404,37.09232591802164,36.718687499152,37.01306915283203,5073200
2006-03-31 00:00:00-05:00,36.82625368525644,36.86021963774858,36.696043668753326,36.752655029296875,5380100
2006-04-03 00:00:00-04:00,36.899860129255,37.28482355409937,36.8658941656183,37.15461349487305,6945100
2006-04-04 00:00:00-04:00,37.25084413851963,37.46030659753386,37.216873867978826,37.4489860534668,3560600
2006-04-05 00:00:00-04:00,37.46031648218709,37.69242872892251,37.3923845615199,37.573543548583984,3615600
2006-04-06 00:00:00-04:00,37.61883016012267,37.760360754132414,37.44899603881355,37.60750961303711,2806400
2006-04-07 00:00:00-04:00,37.60184548604706,37.85094070241785,37.08667639302745,37.17725372314453,4531900
2006-04-10 00:00:00-04:00,37.27914417084977,37.33575552422877,37.15459660191432,37.24517822265625,3222100
2006-04-11 00:00:00-04:00,37.27915876154908,37.30746660890269,36.88287481362498,36.996097564697266,5924600
2006-04-12 00:00:00-04:00,36.88852479807441,36.97910210453068,36.72434884100466,36.81492614746094,6929500
2006-04-13 00:00:00-04:00,36.78097285617965,36.956469417267684,36.730019594436314,36.91117858886719,3974900
2006-04-17 00:00:00-04:00,37.12064493505572,37.23386768537364,36.97911433757279,37.081016540527344,2309400
2006-04-18 00:00:00-04:00,37.40369879909118,37.845273485624205,37.165928478522666,37.8396110534668,4494100
2006-04-19 00:00:00-04:00,37.71506191440535,38.11700815166261,37.641463265316425,38.10002517700195,3753900
2006-04-20 00:00:00-04:00,37.918866681828554,38.04340993715259,37.82262262570283,37.9301872253418,6370500
2006-04-21 00:00:00-04:00,38.18495178222656,38.29817884670135,37.992472251375744,38.18495178222656,2464500
2006-04-24 00:00:00-04:00,38.14531826781921,38.292511272287925,38.00945012786287,38.22457504272461,1778000
2006-04-25 00:00:00-04:00,38.32647809270868,38.41139730178732,38.06040423904553,38.201934814453125,4088800
2006-04-26 00:00:00-04:00,38.354785686492114,38.47933328310961,38.29817432053063,38.43970489501953,4610400
2006-04-27 00:00:00-04:00,38.009439657777556,38.666143405149725,38.009439657777556,38.507625579833984,3101300
2006-04-28 00:00:00-04:00,38.41139585145529,38.65482860473167,38.054740369796036,38.51329803466797,3910500
2006-05-01 00:00:00-04:00,38.89260272435273,38.93789354779737,38.445369880141435,38.49631881713867,3377000
2006-05-02 00:00:00-04:00,38.96053921679984,39.085086822509766,38.88694486759429,39.085086822509766,6046400
2006-05-03 00:00:00-04:00,38.93788932825471,38.96053473752305,37.22253952850273,38.852970123291016,4595600
2006-05-04 00:00:00-04:00,38.8529780858903,39.198313089458125,38.80769157724272,39.15302658081055,2996100
2006-05-05 00:00:00-04:00,39.430423220676005,39.76443333972866,39.17566556728436,39.75311279296875,3404600
2006-05-08 00:00:00-04:00,39.85500340189063,39.85500340189063,39.63987420346781,39.71913528442383,3313400
2006-05-09 00:00:00-04:00,39.80971618628474,39.99087513233046,39.7587672573203,39.9569091796875,3747200
2006-05-10 00:00:00-04:00,39.82670451076851,39.99654293513013,39.70781934138359,39.832366943359375,4080100
2006-05-11 00:00:00-04:00,39.81538326706777,39.85501165616833,39.32285530038614,39.430419921875,6549900
2006-05-12 00:00:00-04:00,39.300203099363394,39.40776770226742,38.84164548769,38.920902252197266,5935200
2006-05-15 00:00:00-04:00,38.42272661363308,38.71710834411789,38.286854135713114,38.5869026184082,5947000
2006-05-16 00:00:00-04:00,38.654832486823366,38.70578574313203,38.315159948391326,38.5302848815918,2687500
2006-05-17 00:00:00-04:00,38.275530867512074,38.354787647744985,37.148948646340905,37.30179977416992,4996900
2006-05-18 00:00:00-04:00,37.49994426874396,37.77168490452778,37.0979979076746,37.18857955932617,5215300
2006-05-19 00:00:00-04:00,37.165926630584146,37.41501748391214,36.933814434543734,37.375389099121094,3712900
2006-05-22 00:00:00-04:00,36.429968244620916,36.7469996618546,36.19219792107336,36.55451583862305,5725300
2006-05-23 00:00:00-04:00,36.865882465940025,37.245183336747026,36.565834045410156,36.565834045410156,5083400
2006-05-24 00:00:00-04:00,36.60547143282207,36.66774091463766,36.0902980463314,36.54319763183594,4414000
2006-05-25 00:00:00-04:00,36.780952357183594,37.03570556640625,36.63375940650205,37.03570556640625,5204000
2006-05-26 00:00:00-04:00,37.33576583862305,37.37539422885305,36.99609330534155,37.33576583862305,5687200
2006-05-30 00:00:00-04:00,37.081010870742425,37.1998960361497,36.68472698605151,36.7696418762207,2933100
2006-05-31 00:00:00-04:00,36.98477427928954,37.1093218877515,36.78096988711011,37.041385650634766,5671700
2006-06-01 00:00:00-04:00,36.656418261607946,37.279151916503906,36.49790471154392,37.279151916503906,4111200
2006-06-02 00:00:00-04:00,37.72639489796496,37.80565168529577,37.39238476838094,37.641475677490234,4277800
2006-06-05 00:00:00-04:00,37.505600802183004,37.51126323431325,36.75831957028745,36.826255798339844,3549700
2006-06-06 00:00:00-04:00,36.54319667840064,36.577162634717595,36.061991421253346,36.37902069091797,4594400
2006-06-07 00:00:00-04:00,36.2035183675844,36.458273812340344,35.880828857421875,35.880828857421875,3892300
2006-06-08 00:00:00-04:00,35.12788903972153,35.18450256669207,34.58441213831573,35.088260650634766,12178100
2006-06-09 00:00:00-04:00,35.40528354314396,35.50718571374368,35.0089975640989,35.04862594604492,4961800
2006-06-12 00:00:00-04:00,35.26941618727311,35.3656580939694,34.70895636208217,34.74858474731445,3024300
2006-06-13 00:00:00-04:00,34.13717150315077,34.39192694950857,33.627662770020166,33.66162872314453,6131600
2006-06-14 00:00:00-04:00,34.199453451274,34.38061244308339,33.882424135814794,34.148502349853516,5532100
2006-06-15 00:00:00-04:00,34.8221800937209,35.43359318571848,34.73160061634182,35.32603073120117,6355700
2006-06-16 00:00:00-04:00,35.17884454197712,35.23545807604113,34.95239688447763,35.04297637939453,4610800
2006-06-19 00:00:00-04:00,35.20713842505788,35.3260257269393,34.7882092113693,34.86746597290039,4358900
2006-06-20 00:00:00-04:00,35.014668635986084,35.26942414106275,34.87313803978632,35.076942443847656,3953400
2006-06-21 00:00:00-04:00,35.0995902847268,35.70534110558346,35.076944869468356,35.529842376708984,3138600
2006-06-22 00:00:00-04:00,35.461898922750876,36.0336836292604,35.19582076271663,35.343013763427734,4670300
2006-06-23 00:00:00-04:00,35.139213376376034,35.45058023062021,35.08826227952987,35.24111557006836,2508200
2006-06-26 00:00:00-04:00,35.37131972395908,35.53549570312861,35.22978915424434,35.51851272583008,2044000
2006-06-27 00:00:00-04:00,35.48454238061291,35.495865084628406,34.84482364103974,34.86180877685547,4121700
2006-06-28 00:00:00-04:00,35.15619640844901,35.297726993281074,34.99202257132868,35.25809860229492,4952700
2006-06-29 00:00:00-04:00,35.55814389297967,36.611129599941954,35.55814389297967,36.5601806640625,7741100
2006-06-30 00:00:00-04:00,36.956467801131396,37.03006647385646,36.75832583450802,37.018741607666016,5907200
2006-07-03 00:00:00-04:00,37.08101356263224,37.30746336425346,37.00175677994043,37.21122360229492,9164600
2006-07-05 00:00:00-04:00,36.74134858305605,36.76965211460334,36.345060268849615,36.503578186035156,6388500
2006-07-06 00:00:00-04:00,36.73567529316469,36.96212507448187,36.718692315420704,36.88853073120117,4385500
2006-07-07 00:00:00-04:00,37.047052448262114,37.13196735569891,36.71303797538267,36.71870040893555,3124800
2006-07-10 00:00:00-04:00,37.02439498901367,37.13195527650085,36.90550983810476,37.02439498901367,3957500
2006-07-11 00:00:00-04:00,36.88286805432066,37.16592919929753,36.62811043233929,37.12630081176758,4199400
2006-07-12 00:00:00-04:00,36.66774012121588,36.730013920854525,36.31674705325673,36.429969787597656,3154800
2006-07-13 00:00:00-04:00,36.09029681505971,36.17521602434099,35.72231645428777,35.790252685546875,4183900
2006-07-14 00:00:00-04:00,35.597775382475376,35.66570946248189,34.81652590385137,35.48455047607422,3555800
2006-07-17 00:00:00-04:00,34.89011888560843,35.099583537519436,34.85049049631676,34.986358642578125,2899700
2006-07-18 00:00:00-04:00,34.98634844223733,35.03729952212676,34.493822776362535,34.92973709106445,3659800
2006-07-19 00:00:00-04:00,35.94310596650205,35.94310596650205,34.754247834490144,35.790252685546875,5192700
2006-07-20 00:00:00-04:00,35.92612435054654,36.05067196047845,35.55248368033621,35.597774505615234,2644500
2006-07-21 00:00:00-04:00,35.818561879886964,35.863850545580576,35.55248368033621,35.597774505615234,3641900
2006-07-24 00:00:00-04:00,35.76760436638373,36.26579039759177,35.73929868545362,36.24314498901367,3025500
2006-07-25 00:00:00-04:00,36.265788919426996,36.41298190960015,36.01669591397581,36.2318229675293,4507400
2006-07-26 00:00:00-04:00,36.18653198879465,36.57715771053355,36.08463197397681,36.486576080322266,3045900
2006-07-27 00:00:00-04:00,37.0300670542333,37.09799897575691,36.56018444089696,36.713035583496094,4190200
2006-07-28 00:00:00-04:00,37.052697904402656,37.4489860534668,37.030056816268534,37.4489860534668,3029200
2006-07-31 00:00:00-04:00,37.33011148754121,37.364077448541515,37.22254685214552,37.31878662109375,3475500
2006-08-01 00:00:00-04:00,37.08101027823747,37.16592948622017,36.786628585623816,37.05836486816406,3778900
2006-08-02 00:00:00-04:00,37.26217612065934,37.56222030099148,37.26217612065934,37.465980529785156,3247200
2006-08-03 00:00:00-04:00,37.069687903561665,37.50560014824605,37.024397085649746,37.4036979675293,3939100
2006-08-04 00:00:00-04:00,37.66977715774613,37.81697016041491,37.29613437847237,37.4320068359375,4047200
2006-08-07 00:00:00-04:00,37.16025794390068,37.29612605186211,37.081001187659076,37.199886322021484,2061800
2006-08-08 00:00:00-04:00,37.19423398425811,37.48295757129832,36.97910906167801,37.0696907043457,2627000
2006-08-09 00:00:00-04:00,37.57354022966867,37.74337433550595,37.239525812265406,37.250850677490234,3065500
2006-08-10 00:00:00-04:00,37.21122255445062,37.347090703929105,37.064029539666095,37.33576583862305,3848800
2006-08-11 00:00:00-04:00,37.041376991472504,37.16592457081898,36.922491843688086,37.01306915283203,1996200
2006-08-14 00:00:00-04:00,37.30179882216453,37.44899183277071,37.13196040075966,37.13762283325195,2221000
2006-08-15 00:00:00-04:00,37.81697359100168,38.015115543816755,37.74903735610624,37.9415168762207,2887400
2006-08-16 00:00:00-04:00,38.241559663519034,38.32647454556835,38.13965748588986,38.28684616088867,2618500
2006-08-17 00:00:00-04:00,38.24156114630773,38.383091714104324,38.07172273728375,38.14531707763672,2464400
2006-08-18 00:00:00-04:00,38.24157444957398,38.31516881552855,38.02644514741627,38.30384826660156,2019400
2006-08-21 00:00:00-04:00,38.23024260801648,38.38309806526472,38.17929366838098,38.18495178222656,3163500
2006-08-22 00:00:00-04:00,38.04341467562041,38.201932538737026,37.93019194970725,38.07738494873047,2552400
2006-08-23 00:00:00-04:00,38.18494965229941,38.269868866126046,37.8735849604959,37.9415168762207,2570600
2006-08-24 00:00:00-04:00,38.12832786043046,38.15097326587215,37.737706494277234,37.833946228027344,2849700
2006-08-25 00:00:00-04:00,37.82829421538954,37.91321342939163,37.720729589708846,37.80564880371094,3690800
2006-08-28 00:00:00-04:00,37.83396280919191,38.10004104078181,37.79433441209371,37.964168548583984,3573200
2006-08-29 00:00:00-04:00,38.190610166215386,38.31515776434749,37.91887387862756,38.269866943359375,3565000
2006-08-30 00:00:00-04:00,38.428380497647346,38.428380497647346,38.201935031047626,38.269866943359375,5866400
2006-08-31 00:00:00-04:00,38.47367131863546,38.47367131863546,38.21325557670944,38.269866943359375,5035800
2006-09-01 00:00:00-04:00,38.3944191658778,38.62086897892251,38.354790772532795,38.55293273925781,2611300
2006-09-05 00:00:00-04:00,38.71144592937637,38.7907027152817,38.56425722364984,38.756736755371094,3383200
2006-09-06 00:00:00-04:00,38.3151568048883,38.320819237162624,38.06040350175774,38.105690002441406,3474200
2006-09-07 00:00:00-04:00,37.70374041915253,37.890561795443794,37.56787229056341,37.64712905883789,3539200
2006-09-08 00:00:00-04:00,37.63581380304808,37.73771599360176,37.56787756962211,37.65845489501953,2230400
2006-09-11 00:00:00-04:00,37.443327381141145,37.590520383809924,37.23952301411368,37.4320068359375,3626400
2006-09-12 00:00:00-04:00,37.57920532569907,37.91321980516554,37.505610964745415,37.862266540527344,3787600
2006-09-13 00:00:00-04:00,37.70374655760197,37.90188851054716,37.63581464183255,37.788665771484375,2231000
2006-09-14 00:00:00-04:00,37.86225646292621,37.90754728184504,37.771679144258776,37.8396110534668,2314600
2006-09-15 00:00:00-04:00,37.94718980542882,37.9585146739626,37.658466126223125,37.76036834716797,3204300
2006-09-18 00:00:00-04:00,37.70374359907448,37.986804743690904,37.669777643855,37.91887283325195,3239400
2006-09-19 00:00:00-04:00,37.87358145845314,37.9018849809978,37.364070541776684,37.567874908447266,2981300
2006-09-20 00:00:00-04:00,37.87357825960439,38.06605774566387,37.845270420280414,37.93585205078125,2951400
2006-09-21 00:00:00-04:00,38.19628577384592,38.21893119215117,37.94719049166019,38.02644729614258,3259600
2006-09-22 00:00:00-04:00,38.10568921565214,38.10568921565214,37.76601671210137,37.8396110534668,2685200
2006-09-25 00:00:00-04:00,37.93019837447981,38.06606653242354,37.50560660163116,37.99813461303711,6174600
2006-09-26 00:00:00-04:00,37.81697068982098,38.10003183474727,37.81697068982098,38.088706970214844,4046900
2006-09-27 00:00:00-04:00,38.21326050985449,38.377436517752905,38.201939962731245,38.33214569091797,3299600
2006-09-28 00:00:00-04:00,38.422721917148124,38.49631626098102,38.28119134265922,38.43970489501953,3508000
2006-09-29 00:00:00-04:00,38.4113972854944,38.43970512823207,38.303836985266116,38.35478591918945,6423000
2006-10-02 00:00:00-04:00,38.52462273408333,38.705781690222516,38.439703528574604,38.46234893798828,4369800
2006-10-03 00:00:00-04:00,38.36610877952797,38.62086642202613,38.27553145180933,38.49631881713867,4013800
2006-10-04 00:00:00-04:00,38.400072086655484,38.90392052830381,38.366101815652655,38.86429214477539,5653600
2006-10-05 00:00:00-04:00,38.87562139619334,38.9435576342452,38.56425668992335,38.90959167480469,6165000
2006-10-06 00:00:00-04:00,38.6491696550956,38.728430755109805,38.451027702986615,38.56425476074219,4727600
2006-10-09 00:00:00-04:00,38.473667032586675,38.62086002481521,38.41705567224337,38.592552185058594,1671700
2006-10-10 00:00:00-04:00,38.683127264569826,38.71143078036229,38.50196835065505,38.63783645629883,2482800
2006-10-11 00:00:00-04:00,38.56991445463414,38.83599265229888,38.473674690976495,38.60954284667969,2174200
2006-10-12 00:00:00-04:00,38.739754515229365,39.07376464518458,38.739754515229365,39.0228157043457,3457900
2006-10-13 00:00:00-04:00,38.9945113671154,39.11905899260274,38.88128860894766,39.090755462646484,2296200
2006-10-16 00:00:00-04:00,39.1869851802027,39.260579522203855,39.10772840599522,39.23793411254883,3775800
2006-10-17 00:00:00-04:00,39.05677299986634,39.062435431760285,38.807682145742895,38.99449920654297,2322400
2006-10-18 00:00:00-04:00,39.170012257198174,39.237944184430276,38.949224855351126,39.090755462646484,3554300
2006-10-19 00:00:00-04:00,39.220967232027476,39.453079536876544,39.18133882865959,39.3851432800293,4728700
2006-10-20 00:00:00-04:00,39.50967788696289,39.53798141193041,39.28322809136971,39.50967788696289,3792600
2006-10-23 00:00:00-04:00,39.254916566430815,39.58893095542474,39.203967634764226,39.54364013671875,2221500
2006-10-24 00:00:00-04:00,39.42476496813313,39.60026153613096,39.37947413794941,39.549312591552734,3483600
2006-10-25 00:00:00-04:00,39.600263717788806,39.883324943274566,39.560635318987664,39.82671356201172,3332400
2006-10-26 00:00:00-04:00,40.03617980759882,40.17771041816348,39.86068323263351,40.13241958618164,5856600
2006-10-27 00:00:00-04:00,40.02484125473596,40.05881152669297,39.79839581059583,39.85500717163086,5966100
2006-10-30 00:00:00-05:00,39.730467432727075,39.86067747607747,39.6512106477906,39.77009582519531,2264000
2006-10-31 00:00:00-05:00,39.730473682573766,39.900312145109034,39.673862301452516,39.792747497558594,2783000
2006-11-01 00:00:00-05:00,40.14939182797427,40.18902021556448,39.66252631234005,39.72480010986328,5579400
2006-11-02 00:00:00-05:00,39.73612587504736,39.894639429000975,39.696497486558954,39.87199401855469,3685800
2006-11-03 00:00:00-05:00,39.88330692014602,39.911614757570995,39.66818204089279,39.71913528442383,3242300
2006-11-06 00:00:00-05:00,39.990879990194024,40.31923196952883,39.917285644137806,40.30790710449219,5598700
2006-11-07 00:00:00-05:00,40.42112759741268,40.63059005571297,40.30224244884958,40.35319137573242,6005500
2006-11-08 00:00:00-05:00,40.13807503995052,40.42113621185543,40.10976719509174,40.364524841308594,3607400
2006-11-09 00:00:00-05:00,40.20034157994062,40.364517548282784,40.098439403699615,40.16071319580078,3768800
2006-11-10 00:00:00-05:00,40.336208286859225,40.36451612560564,40.22298557021315,40.3192253112793,4116400
2006-11-13 00:00:00-05:00,40.12673835410038,40.205995113353225,40.030498620603275,40.0644645690918,4064600
2006-11-14 00:00:00-05:00,40.44378393235063,40.52869883343229,40.12675246468558,40.50605773925781,6901700
2006-11-15 00:00:00-05:00,40.25129532264184,40.55700188792819,40.19468395555262,40.494728088378906,2810700
2006-11-16 00:00:00-05:00,40.432439256009964,40.4494222279054,40.296571161677626,40.409793853759766,3451900
2006-11-17 00:00:00-05:00,39.979544250031374,40.29090881347656,39.88330021047958,40.29090881347656,3346400
2006-11-20 00:00:00-05:00,39.934272922153994,40.04749566968791,39.87766154838703,39.98522186279297,3933700
2006-11-21 00:00:00-05:00,40.07580404785733,40.21733464373795,40.01353024013618,40.18336868286133,3291700
2006-11-22 00:00:00-05:00,40.51171986977996,40.59097666476145,40.41548009289834,40.57399368286133,4944600
2006-11-24 00:00:00-05:00,40.43810914939306,40.57397726880045,40.35885238647461,40.35885238647461,3341800
2006-11-27 00:00:00-05:00,40.449429140518454,40.47773697796109,39.98520911297855,40.024837493896484,4632000
2006-11-28 00:00:00-05:00,40.08146372198961,40.398490852804414,40.07013885636296,40.381507873535156,5369000
2006-11-29 00:00:00-05:00,40.73249276709037,40.85704034889899,40.61360761695574,40.840057373046875,4843500
2006-11-30 00:00:00-05:00,41.04386035901226,41.134441986109465,40.86836385547355,41.01555252075195,7728700
2006-12-01 00:00:00-05:00,41.06651324292002,41.08349622130047,40.66456691762412,40.9646110534668,4977800
2006-12-04 00:00:00-05:00,40.93065343486993,41.29862955919647,40.87403773650766,41.23069763183594,4143500
2006-12-05 00:00:00-05:00,41.29295736321422,41.49676171413839,41.21935870810999,41.462791442871094,13172300
2006-12-06 00:00:00-05:00,41.29861280595254,41.45713065022244,41.242001449726665,41.37221145629883,4641000
2006-12-07 00:00:00-05:00,41.70057722320455,41.734543184390475,41.46846497064457,41.513755798339844,3735000
2006-12-08 00:00:00-05:00,41.581680255498824,41.677924326865224,41.32126452176036,41.41184616088867,5172700
2006-12-11 00:00:00-05:00,41.366547793534664,41.68357483429804,41.3439023878845,41.58167266845703,2909400
2006-12-12 00:00:00-05:00,41.64395363392087,41.77982609124728,41.45713656364498,41.75151824951172,4246600
2006-12-13 00:00:00-05:00,41.825118775791466,41.910037994384766,41.740203876369044,41.910037994384766,3111900
2006-12-14 00:00:00-05:00,41.966645078403864,42.102517541936415,41.92135857639678,42.079872131347656,6839800
2006-12-15 00:00:00-05:00,42.19309917691517,42.19309917691517,41.825118775791466,41.910037994384766,6932400
2006-12-18 00:00:00-05:00,42.06288848441369,42.06288848441369,41.77982733531042,41.84775924682617,3569600
2006-12-19 00:00:00-05:00,41.76283583976014,42.079867231919856,41.717549343025844,42.034576416015625,6391600
2006-12-20 00:00:00-05:00,42.19309882754589,42.26669749866374,41.92136251330243,41.96099090576172,4919700
2006-12-21 00:00:00-05:00,41.96850318037735,42.113022822465695,41.86444886165816,41.93960189819336,6433600
2006-12-22 00:00:00-05:00,42.08989780540282,42.08989780540282,41.6679029338088,41.84132385253906,5377900
2006-12-26 00:00:00-05:00,41.8817853917611,41.98006208825994,41.73726576734455,41.823978424072266,3353800
2006-12-27 00:00:00-05:00,42.11879946530078,42.3442497253418,42.10723542559212,42.3442497253418,3522400
2006-12-28 00:00:00-05:00,42.43675413242747,42.4540957855781,42.22864547384013,42.373165130615234,4539600
2006-12-29 00:00:00-05:00,42.303784442524496,42.459863695610785,42.25753710442896,42.326908111572266,5536000
2007-01-03 00:00:00-05:00,42.754686178305896,42.81827516739758,42.3615926140978,42.49455261230469,12081400
2007-01-04 00:00:00-05:00,42.378942741405496,42.47143743872872,42.21129941029959,42.373165130615234,8674000
2007-01-05 00:00:00-05:00,42.078338999741156,42.078338999741156,41.67946338118146,41.73727035522461,8961600
2007-01-08 00:00:00-05:00,41.893362037360006,41.893362037360006,41.68525336274859,41.79508972167969,6584100
2007-01-09 00:00:00-05:00,41.99739820916467,42.00895783702521,41.63898800005124,41.83553695678711,8505700
2007-01-10 00:00:00-05:00,41.448233808220266,41.57541180573649,41.33261985250899,41.51760482788086,5273600
2007-01-11 00:00:00-05:00,41.517588961260216,41.92224206199464,41.48290566987956,41.783504486083984,4562000
2007-01-12 00:00:00-05:00,41.974273030945845,42.292217915511024,41.9569313845856,42.257530212402344,6611900
2007-01-16 00:00:00-05:00,42.367378105996025,42.41940305930394,42.124586169780315,42.20551681518555,6899500
2007-01-17 00:00:00-05:00,42.153488472891475,42.384720784104786,42.095681497685526,42.228641510009766,3764900
2007-01-18 00:00:00-05:00,42.43096411824886,42.482989067900455,42.0841178894043,42.0841178894043,7926000
2007-01-19 00:00:00-05:00,42.26911289634774,42.65064251574138,42.25176683194746,42.59861755371094,7582600
2007-01-22 00:00:00-05:00,42.731558410774745,42.77780574574991,42.31534121677554,42.38471221923828,6171500
2007-01-23 00:00:00-05:00,42.57548638313425,42.852961619229404,42.54658069127922,42.76047134399414,5401500
2007-01-24 00:00:00-05:00,42.835618190282034,43.07263250456529,42.812494519835674,43.03794479370117,7744400
2007-01-25 00:00:00-05:00,42.84717466885172,42.87607594401717,42.25753220250516,42.338462829589844,5003800
2007-01-26 00:00:00-05:00,42.430967117171164,42.47721446038952,42.18239316035927,42.419403076171875,5965500
2007-01-29 00:00:00-05:00,42.43097678509317,42.58127847960444,42.350046121215655,42.465660095214844,5772600
2007-01-30 00:00:00-05:00,42.62172886580437,42.7662484878213,42.552357859496254,42.75468444824219,4124800
2007-01-31 00:00:00-05:00,42.45986710562202,42.96857904475044,42.361594812068304,42.91654968261719,5358500
2007-02-01 00:00:00-05:00,43.20558855213858,43.315424885319416,43.101534239227576,43.274959564208984,7254100
2007-02-02 00:00:00-05:00,43.211375168510976,43.2460584730406,43.06685551911796,43.18825149536133,7174500
2007-02-05 00:00:00-05:00,42.94544902791459,43.107310289941566,42.89920169293871,43.049503326416016,3339100
2007-02-06 00:00:00-05:00,43.350119866094104,43.41949089685533,43.16513486112125,43.38480758666992,4497700
2007-02-07 00:00:00-05:00,43.459943912927145,43.616023174921196,43.373231251646374,43.50619125366211,5121800
2007-02-08 00:00:00-05:00,43.11887683578711,43.35589115776979,43.04372821218713,43.332767486572266,3842600
2007-02-09 00:00:00-05:00,43.39636682782246,43.4426141812454,43.02639682121966,43.14779281616211,4636400
2007-02-12 00:00:00-05:00,43.08419500478107,43.10731867676788,42.904992059870125,42.980140686035156,5846900
2007-02-13 00:00:00-05:00,43.25761453737349,43.552431392285435,43.22292682885118,43.52931213378906,4569100
2007-02-14 00:00:00-05:00,43.73742416435765,44.16520104622179,43.720078103545305,44.118953704833984,5539000
2007-02-15 00:00:00-05:00,44.159433575277305,44.234582222,44.03225554975377,44.170997619628906,4191200
2007-02-16 00:00:00-05:00,44.118957443285154,44.47736775382696,43.64493317986643,44.15364074707031,4899400
2007-02-20 00:00:00-05:00,44.118944220168565,44.51203771667945,43.933959304774525,44.21721649169922,7949700
2007-02-21 00:00:00-05:00,43.84146245409989,44.15362531019755,43.76053183330288,43.991764068603516,6819200
2007-02-22 00:00:00-05:00,44.09582167996282,44.19987597317715,44.032232700199145,44.188316345214844,4327600
2007-02-23 00:00:00-05:00,44.251915888495205,44.39065350910336,44.211450565384936,44.327064514160156,3728100
2007-02-26 00:00:00-05:00,44.60454903119943,44.6161086631821,44.34441100249535,44.35019302368164,5972100
2007-02-27 00:00:00-05:00,43.73742606628207,43.79523304033595,42.20551699671235,42.56392288208008,12980000
2007-02-28 00:00:00-05:00,42.777796949867934,43.15933076937988,42.708425961669114,42.86450958251953,8136300
2007-03-01 00:00:00-05:00,42.188172442102804,42.581266013161304,41.62165355042854,42.4251823425293,11055900
2007-03-02 00:00:00-05:00,42.14192546319615,42.303786744951076,41.81819848929715,41.85288619995117,6951000
2007-03-05 00:00:00-05:00,41.309486074925,41.760386566453604,40.98576354980469,40.98576354980469,8286300
2007-03-06 00:00:00-05:00,41.87600076131231,42.34424285459177,41.76616445384649,42.257530212402344,8908400
2007-03-07 00:00:00-05:00,42.240202125132264,42.54080104944116,42.16505349665244,42.269107818603516,6005700
2007-03-08 00:00:00-05:00,42.64484643682143,42.89342035327058,42.63328680808856,42.7662467956543,5305700
2007-03-09 00:00:00-05:00,42.88186058629216,42.951231589631774,42.65062831888212,42.83561325073242,8451700
2007-03-12 00:00:00-04:00,42.85874217812684,43.14778144526305,42.76625190604563,43.11309814453125,5143100
2007-03-13 00:00:00-04:00,42.760468697209554,42.8818646567857,42.020528899570735,42.0841178894043,5769600
2007-03-14 00:00:00-04:00,41.812431609844424,42.147718299746685,41.29215992040821,42.101470947265625,9299900
2007-03-15 00:00:00-04:00,42.026304894732924,42.378933130121425,42.00318563603534,42.2922248840332,4313700
2007-03-16 00:00:00-04:00,42.44830403077526,42.68531392013603,42.23441340005401,42.3442497253418,4659400
2007-03-19 00:00:00-04:00,42.78937366249496,42.997482299804695,42.70844301580667,42.99748229980469,6262200
2007-03-20 00:00:00-04:00,42.916544737608035,43.40213294988026,42.89342106936758,43.36166763305664,4477900
2007-03-21 00:00:00-04:00,43.50040352834348,44.35017955874539,43.36166593472335,44.286590576171875,6514700
2007-03-22 00:00:00-04:00,44.26925535914974,44.327062330689884,44.02068141217681,44.118953704833984,4099400
2007-03-23 00:00:00-04:00,44.22300720214844,44.33862114309643,44.14785858157115,44.22300720214844,5361600
2007-03-26 00:00:00-04:00,44.20566932744652,44.303941626684214,43.824135351032616,44.240352630615234,4736400
2007-03-27 00:00:00-04:00,44.24034491821577,44.24034491821577,43.90505834473686,44.043800354003906,4700700
2007-03-28 00:00:00-04:00,43.76633048647603,43.864602790453404,43.52932055274295,43.656494140625,7258800
2007-03-29 00:00:00-04:00,44.09005749419415,44.153646499678096,43.78945853131652,44.03803253173828,6979600
2007-03-30 00:00:00-04:00,44.02645691247575,44.21721944926888,43.98020957793682,44.10738754272461,8504700
2007-04-02 00:00:00-04:00,44.107393261200436,44.29815582272572,43.96287362982087,44.22300720214844,7702400
2007-04-03 00:00:00-04:00,44.40799067088241,44.86467322003752,44.379084981416156,44.59297561645508,5387500
2007-04-04 00:00:00-04:00,44.65656957508527,44.80108921772309,44.546733235355894,44.7779655456543,7809700
2007-04-05 00:00:00-04:00,44.80109694876225,45.02076525573827,44.7606316182564,44.93983459472656,3051600
2007-04-09 00:00:00-04:00,44.94560906149706,45.00341603673298,44.81843106974433,44.90514373779297,4103200
2007-04-10 00:00:00-04:00,45.11903295732341,45.327141589841176,45.072785614455164,45.24042892456055,5112200
2007-04-11 00:00:00-04:00,45.321374443521385,45.35027573450721,44.90515704188642,45.02077102661133,7729600
2007-04-12 00:00:00-04:00,44.90513291960613,45.37337503971829,44.81842027244762,45.32135009765625,6007200
2007-04-13 00:00:00-04:00,45.40228960064877,45.48900226475757,45.22886427243116,45.47166061401367,3711700
2007-04-16 00:00:00-04:00,45.812727980836385,46.05551992867665,45.795386328903454,45.95146560668945,12054000
2007-04-17 00:00:00-04:00,45.95147429527122,46.0266273483768,45.75492965568218,45.95725631713867,24911200
2007-04-18 00:00:00-04:00,45.841623350800674,46.090197263436366,45.778034367773735,45.93989562988281,5797900
2007-04-19 00:00:00-04:00,45.471658805789005,45.88787163825941,45.44853513558691,45.766475677490234,6385900
2007-04-20 00:00:00-04:00,46.1422322083818,46.29253387451172,46.03817788727487,46.29253387451172,6654100
2007-04-23 00:00:00-04:00,46.01504994046322,46.061297281190335,45.806941317580396,45.84162902832031,6250100
2007-04-24 00:00:00-04:00,45.77804557728796,45.87053585954581,45.59883821288077,45.81272888183594,8034800
2007-04-25 00:00:00-04:00,46.043953017759875,46.26362125816249,45.84740403601952,46.24049758911133,6584200
2007-04-26 00:00:00-04:00,46.217366218433376,46.217366218433376,45.81271310344153,46.02660369873047,9558700
2007-04-27 00:00:00-04:00,45.84163265413023,46.00927155934424,45.73179631381321,45.928340911865234,3837700
2007-04-30 00:00:00-04:00,45.91099747364813,46.13067014573339,45.662423520239095,45.76070022583008,6285400
2007-05-01 00:00:00-04:00,45.870526269709565,45.89943195771623,45.46009108026978,45.714447021484375,5349800
2007-05-02 00:00:00-04:00,45.841630112297004,46.10176369185711,45.78381872982652,46.06129837036133,6366000
2007-05-03 00:00:00-04:00,46.078630597324945,46.1248779296875,45.90520971654791,46.1248779296875,5510700
2007-05-04 00:00:00-04:00,46.36189598471829,46.57000460674636,46.36189598471829,46.55844497680664,6404800
2007-05-07 00:00:00-04:00,46.639359613766125,46.70873060076797,46.59311228909823,46.62779998779297,4647500
2007-05-08 00:00:00-04:00,46.27519399390366,46.2809716044605,45.991932302588246,46.24628829956055,8882800
2007-05-09 00:00:00-04:00,46.29253982955034,46.52954978510018,46.211609170544044,46.500648498535156,7718100
2007-05-10 00:00:00-04:00,46.07863743367301,46.240498710567756,45.47165764531771,45.58148956298828,7110200
2007-05-11 00:00:00-04:00,45.864749710266445,46.38502128360379,45.864749710266445,46.350337982177734,5222000
2007-05-14 00:00:00-04:00,46.645156998733945,46.645156998733945,45.974583801298614,46.176910400390625,5662900
2007-05-15 00:00:00-04:00,46.0844221011093,46.56422834974599,46.032392738896164,46.257843017578125,6407900
2007-05-16 00:00:00-04:00,46.31566509849962,46.36190804067266,46.009279695560316,46.32722473144531,5397900
2007-05-17 00:00:00-04:00,46.05551080945857,46.20003042747022,45.93411485957543,46.0901985168457,3868000
2007-05-18 00:00:00-04:00,46.327218990087424,46.535327640441075,46.234728706813435,46.442832946777344,3817800
2007-05-21 00:00:00-04:00,46.33300865753481,46.408157300746325,46.21739027137425,46.22895431518555,7652800
2007-05-22 00:00:00-04:00,46.471728133949426,46.50063382178124,46.26940155029297,46.26940155029297,3605500
2007-05-23 00:00:00-04:00,46.73185892996944,46.812793969053,46.437042101318184,46.50640869140625,11083800
2007-05-24 00:00:00-04:00,46.52376296778958,46.616253241041676,45.92833836522419,46.06129837036133,6064400
2007-05-25 00:00:00-04:00,46.217367623734916,46.356109619140625,46.12487737051942,46.356109619140625,6213100
2007-05-29 00:00:00-04:00,46.5468692845823,46.63358192378575,46.21158717559061,46.41391372680664,5330900
2007-05-30 00:00:00-04:00,46.015038345955944,46.61045837402343,45.991914681418905,46.61045837402344,5249800
2007-05-31 00:00:00-04:00,46.766556696706665,46.90529431711914,46.70874972240058,46.841705322265625,9318400
2007-06-01 00:00:00-04:00,47.032480209208515,47.17121785293165,47.00357451200403,47.148094177246094,3408400
2007-06-04 00:00:00-04:00,47.13074129448178,47.281042945434365,47.13074129448178,47.27526092529297,4870000
2007-06-05 00:00:00-04:00,47.21167746971228,47.24636518423814,46.8301478930449,47.032474517822266,4022000
2007-06-06 00:00:00-04:00,46.8532574100403,46.88215868462526,46.292520640510084,46.356109619140625,5453700
2007-06-07 00:00:00-04:00,45.56994141476758,46.35612873809901,45.48322873447262,45.56415939331055,10025900
2007-06-08 00:00:00-04:00,45.69132845657443,46.113323322117644,45.523685150266424,46.06129837036133,5170600
2007-06-11 00:00:00-04:00,45.94569108915781,46.32722068853396,45.86475602403994,46.217384338378906,3701900
2007-06-12 00:00:00-04:00,45.71445606731303,46.02083701509876,45.36760979454407,45.39651107788086,6530400
2007-06-13 00:00:00-04:00,45.552593715379864,46.03817760396431,45.500564349951794,45.98615264892578,8119500
2007-06-14 00:00:00-04:00,46.061309069791626,46.390813738622306,46.020843738896296,46.32722473144531,7109200
2007-06-15 00:00:00-04:00,46.841710046514315,47.00357135505173,46.70297241210937,46.702972412109375,4672300
2007-06-18 00:00:00-04:00,47.061373316622635,47.101838635649585,46.81279938248882,46.963096618652344,4333800
2007-06-19 00:00:00-04:00,46.89373206614874,47.06715297937681,46.81280142456448,47.00934600830078,3381500
2007-06-20 00:00:00-04:00,47.211661319249984,47.252126630362824,46.43125637042332,46.45438003540039,5157500
2007-06-21 00:00:00-04:00,46.535316740787245,47.08448952201993,46.396579143176965,46.876380920410156,4977900
2007-06-22 00:00:00-04:00,46.70876069437332,46.73187996121496,46.13068199474192,46.22895431518555,7624600
2007-06-25 00:00:00-04:00,46.28097334000658,46.650943307445836,46.06130505008637,46.217384338378906,6233400
2007-06-26 00:00:00-04:00,46.48907818918973,46.535325533928116,45.98615264892578,45.98615264892578,8359900
2007-06-27 00:00:00-04:00,45.82426936466996,46.33298114087706,45.79536809308683,46.31563949584961,6194900
2007-06-28 00:00:00-04:00,46.40814495468426,46.6567189058127,46.304090640016796,46.350337982177734,7796800
2007-06-29 00:00:00-04:00,46.69139862060547,46.91685329372427,46.44282468857141,46.69139862060547,10251500
2007-07-02 00:00:00-04:00,47.08449423632479,47.39087956020765,46.93419699486053,47.36775588989258,6357400
2007-07-03 00:00:00-04:00,47.506495647985915,47.75506960211839,47.44290665434346,47.59320831298828,2146300
2007-07-05 00:00:00-04:00,47.5180510023475,47.575862380739565,47.1943284532189,47.3561897277832,6216300
2007-07-06 00:00:00-04:00,47.47180773473313,47.72615927420589,47.37931305827837,47.69725799560547,3310600
2007-07-09 00:00:00-04:00,47.85334679615136,47.93427744900094,47.755074490603974,47.81288146972656,6013200
2007-07-10 00:00:00-04:00,47.54696031416671,47.67992032005421,47.17699039829188,47.2290153503418,5760000
2007-07-11 00:00:00-04:00,47.40245087935548,47.703049846799196,47.3273022400921,47.67414855957031,5451600
2007-07-12 00:00:00-04:00,47.76083838594517,48.44297106565145,47.76083838594517,48.33891677856445,5022800
2007-07-13 00:00:00-04:00,48.04410760271007,48.36205256247921,48.03254356214252,48.30424118041992,5231000
2007-07-16 00:00:00-04:00,48.304228867716525,48.38515948950331,48.14236762414297,48.19439697265625,3503000
2007-07-17 00:00:00-04:00,48.13660131767328,48.25800170036804,48.032546997070305,48.03254699707031,4005300
2007-07-18 00:00:00-04:00,47.86491394042969,48.032552867633264,47.52962726524236,47.86491394042969,10019900
2007-07-19 00:00:00-04:00,48.25800469932111,48.379400679170374,48.09036137179885,48.13660430908203,5586300
2007-07-20 00:00:00-04:00,48.09612434405554,48.136589658356044,47.506486277049845,47.63944625854492,5625600
2007-07-23 00:00:00-04:00,47.97472879394875,48.13659005247601,47.86489688874155,47.92848587036133,5016700
2007-07-24 00:00:00-04:00,47.79552490047364,47.79552490047364,46.98043219494193,47.20588684082031,9805600
2007-07-25 00:00:00-04:00,47.37932668633153,47.40823238363523,46.73187699608438,47.07872772216797,8867500
2007-07-26 00:00:00-04:00,46.853257222689855,46.853257222689855,45.11323996149873,45.512115478515625,13657300
2007-07-27 00:00:00-04:00,45.46586416615657,45.66819071128087,44.81841481137092,44.88200378417969,9895400
2007-07-30 00:00:00-04:00,45.53524035788694,45.84740326927359,45.304012492020235,45.67975997924805,9021100
2007-07-31 00:00:00-04:00,46.113325588705415,46.33878028856558,45.552593080528,45.6219596862793,11469500
2007-08-01 00:00:00-04:00,45.46587313465134,46.03816959243222,44.95716125183387,45.697105407714844,11344300
2007-08-02 00:00:00-04:00,45.66820644954694,45.88209710546855,45.40807286050909,45.83584976196289,9015000
2007-08-03 00:00:00-04:00,45.48322148000531,45.67398846414932,44.81843025096342,45.00919723510742,7883200
2007-08-06 00:00:00-04:00,45.257780218385115,45.63930985236536,44.97452290114626,45.500572204589844,7220900
2007-08-07 00:00:00-04:00,45.17683291475295,45.91099062461696,45.13636759862483,45.656639099121094,8305700
2007-08-08 00:00:00-04:00,46.10176227506904,46.63937547864215,46.055514934669624,46.396583557128906,8609500
2007-08-09 00:00:00-04:00,45.24042007173387,45.63929119734908,44.980282126796816,45.072776794433594,8844100
2007-08-10 00:00:00-04:00,44.107390374543364,44.70858812059388,43.93396506408224,44.298152923583984,11124300
2007-08-13 00:00:00-04:00,44.835773020922396,44.95716899284599,44.38487243652344,44.38487243652344,5942900
2007-08-14 00:00:00-04:00,44.73749742452078,44.75483907489056,43.801008611049824,43.95709228515625,8083000
2007-08-15 00:00:00-04:00,43.40214395254906,44.23457416828735,42.824065331157804,42.92811965942383,11236300
2007-08-16 00:00:00-04:00,41.043573705685745,42.777809214376695,39.02029894554631,42.743125915527344,22832500
2007-08-17 00:00:00-04:00,43.32697391359761,43.57554779970538,42.6679648965469,43.13621139526367,11580600
2007-08-20 00:00:00-04:00,43.44260286892055,43.483068190030984,42.864524332834826,43.274959564208984,7638200
2007-08-21 00:00:00-04:00,43.21136467752371,43.50040390613591,43.12465202686232,43.24604797363281,6882500
2007-08-22 00:00:00-04:00,43.968645697206924,44.32127390615429,43.91083873401968,44.269248962402344,8277500
2007-08-23 00:00:00-04:00,44.75484435501232,44.76640839688262,44.20567144669558,44.46580505371094,4939500
2007-08-24 00:00:00-04:00,44.569855684139,45.263552595994675,44.52360834127075,45.24042892456055,4861900
2007-08-27 00:00:00-04:00,45.06699718725577,45.07856122652357,44.760616302490234,44.760616302490234,7691500
2007-08-28 00:00:00-04:00,44.58142006780838,44.604543739420286,43.66805488589029,43.858821868896484,8262100
2007-08-29 00:00:00-04:00,44.33284244260314,44.94560425325225,44.18254079475729,44.86467361450195,5959300
2007-08-30 00:00:00-04:00,44.39642245255492,44.916689479186594,44.165190212725214,44.5525016784668,6076800
2007-08-31 00:00:00-04:00,45.500559558998226,45.65086120837729,45.194178650548295,45.332916259765625,7313400
2007-09-04 00:00:00-04:00,45.21729533911475,45.945675393227674,45.14792434002215,45.74912643432617,5454400
2007-09-05 00:00:00-04:00,45.17105561742215,45.217302957942934,44.887798374913345,45.08434295654297,7351400
2007-09-06 00:00:00-04:00,45.119039469719844,45.48900944528789,44.65657479506479,45.25199508666992,4950000
2007-09-07 00:00:00-04:00,44.78952103122376,44.92825862674545,44.529383077933346,44.70280838012695,7796000
2007-09-10 00:00:00-04:00,44.82999283793278,44.853112098543285,44.16520163045397,44.51782989501953,4196600
2007-09-11 00:00:00-04:00,44.87623923098321,45.29823854109822,44.8242142750128,45.28667449951172,7243200
2007-09-12 00:00:00-04:00,45.06700067110363,45.48321790914469,45.02075333123482,45.332916259765625,4960400
2007-09-13 00:00:00-04:00,45.506339991376514,45.70866658325706,45.35603834724142,45.523681640625,7211100
2007-09-14 00:00:00-04:00,45.026549620189606,45.396519635605046,44.95717858840278,45.257781982421875,5239800
2007-09-17 00:00:00-04:00,44.83000351459755,44.99186483975552,44.46581112260179,44.62189483642578,5785200
2007-09-18 00:00:00-04:00,44.968732931621595,46.13644971392972,44.8068716360927,46.07286071777344,10021300
2007-09-19 00:00:00-04:00,46.53531441132133,46.77810629758281,46.35032948697137,46.48906707763672,6846200
2007-09-20 00:00:00-04:00,46.57000053424246,46.749207860555146,46.25206001922867,46.448604583740234,7612300
2007-09-21 00:00:00-04:00,46.74342316500521,46.939967718265315,46.650928497314446,46.65092849731445,5809500
2007-09-24 00:00:00-04:00,46.96888793081248,47.350421937452985,46.679848620469016,46.75499725341797,5901800
2007-09-25 00:00:00-04:00,46.47752232950351,46.85327431781068,46.47752232950351,46.812808990478516,4832900
2007-09-26 00:00:00-04:00,47.08449837454767,47.18277508462149,46.847488451168545,47.04403305053711,5547100
2007-09-27 00:00:00-04:00,47.645222738778436,47.7030296992114,46.512189554816445,47.6683464050293,6117100
2007-09-28 00:00:00-04:00,47.731959195647946,47.940067885332084,47.50072682817773,47.7435188293457,15156000
2007-10-01 00:00:00-04:00,47.83021625801093,48.52969074890483,47.77819130738396,48.35626983642578,8508100
2007-10-02 00:00:00-04:00,48.32736117620552,48.36782649433638,48.02676230014617,48.23487091064453,5801400
2007-10-03 00:00:00-04:00,48.22332934959521,48.24067100682216,47.94007199064273,48.015220642089844,6839700
2007-10-04 00:00:00-04:00,48.17705642047086,48.32157603451411,47.99207149091105,48.182838439941406,3061400
2007-10-05 00:00:00-04:00,48.356257685785245,48.812940138222835,48.356257685785245,48.674198150634766,5486700
2007-10-08 00:00:00-04:00,47.76084084219191,49.25227981995649,47.731935156919135,48.22330093383789,3801400
2007-10-09 00:00:00-04:00,48.31002850459096,48.784052780950596,48.31002850459096,48.760929107666016,4796200
2007-10-10 00:00:00-04:00,48.38516489538237,48.749357144500706,48.10190768748146,48.668426513671875,5991100
2007-10-11 00:00:00-04:00,49.48353248908055,49.48353248908055,48.708909200491284,48.89389419555664,7069500
2007-10-12 00:00:00-04:00,48.86497709005963,49.18869965324835,48.80717011954581,49.10776901245117,4354600
2007-10-15 00:00:00-04:00,49.06151335503464,49.084637019319395,48.47187094174333,48.708885192871094,5428100
2007-10-16 00:00:00-04:00,48.125029290768865,48.19440029009899,47.922702722374844,47.9573860168457,7389800
2007-10-17 00:00:00-04:00,48.52969923163293,48.61062988701389,48.0787986058276,48.46611022949219,6810300
2007-10-18 00:00:00-04:00,48.35628336703467,48.639540690614645,48.32737766833879,48.58173370361328,3925000
2007-10-19 00:00:00-04:00,48.32736024790803,48.32736024790803,47.48336619282719,47.512271881103516,9232400
2007-10-22 00:00:00-04:00,47.009334098703675,47.46023453340795,47.003552079944164,47.45445251464844,6704000
2007-10-23 00:00:00-04:00,48.05566332567806,48.2175290077385,47.74928243138706,48.12503433227539,7097000
2007-10-24 00:00:00-04:00,47.911144508599016,48.04988652412637,47.30994233914732,48.02098083496094,9818100
2007-10-25 00:00:00-04:00,48.14814467873036,48.24063491821289,47.84176386921378,48.24063491821289,8531500
2007-10-26 00:00:00-04:00,48.80715980111325,49.14822394231205,48.703105512031065,49.11354064941406,5992900
2007-10-29 00:00:00-04:00,49.28697702071966,49.54132857649615,49.23494765928158,49.471961975097656,5745100
2007-10-30 00:00:00-04:00,49.13668729538687,49.33323192758109,49.049974612199314,49.078880310058594,8347700
2007-10-31 00:00:00-04:00,49.34477568222199,50.003784746864035,49.26962707323245,49.772552490234375,8751300
2007-11-01 00:00:00-04:00,48.99793202075999,49.0788626531816,48.558591151622196,48.726234436035156,9412700
2007-11-02 00:00:00-04:00,48.72045662054107,48.9979362487793,48.40251608298937,48.9979362487793,9559700
2007-11-05 00:00:00-05:00,48.2580137045288,48.43143467507912,47.99787563311735,48.21754837036133,6812300
2007-11-06 00:00:00-05:00,48.57595661937635,48.951708688664745,48.52970926091821,48.945926666259766,6590000
2007-11-07 00:00:00-05:00,48.55860264699652,48.8071766226765,47.94584073920438,48.09613800048828,7956300
2007-11-08 00:00:00-05:00,47.98629388182912,48.43141235251134,47.71459630176563,48.182838439941406,9869300
2007-11-09 00:00:00-05:00,47.84178482914443,47.84178482914443,47.11340457866337,47.24636459350586,8293000
2007-11-12 00:00:00-05:00,46.708747409687504,47.142306311100235,46.41970814207902,46.47173309326172,7366400
2007-11-13 00:00:00-05:00,47.113402257894045,47.836000452033524,47.113402257894045,47.72038650512695,6678000
2007-11-14 00:00:00-05:00,48.40829279004018,48.40829279004018,47.471808434274784,47.64522933959961,9712300
2007-11-15 00:00:00-05:00,47.142300932056386,47.33306347501574,46.558440443198066,46.859039306640625,10754300
2007-11-16 00:00:00-05:00,47.153865641185426,47.159647661409785,46.61625243043899,47.00934600830078,13421500
2007-11-19 00:00:00-05:00,46.82436043469337,46.82436043469337,45.090124863038056,45.766475677490234,12391600
2007-11-20 00:00:00-05:00,46.40235692411778,46.94575209815312,46.26361932599404,46.7896728515625,11649200
2007-11-21 00:00:00-05:00,45.887871711076606,46.23472235426937,45.529465848348146,45.73179244995117,11096600
2007-11-23 00:00:00-05:00,46.41970008509589,46.89372422528273,46.41970008509589,46.88216018676758,3629400
2007-11-26 00:00:00-05:00,46.951542941427526,47.1076222173503,46.05551937887924,46.148014068603516,9880400
2007-11-27 00:00:00-05:00,46.81281946236069,46.89952774719035,46.30988935839429,46.77235412597656,10679800
2007-11-28 00:00:00-05:00,47.055596466766325,48.34470920768354,46.85326984940146,48.1019172668457,12647900
2007-11-29 00:00:00-05:00,47.460231219582624,47.980502611909806,47.460231219582624,47.708805084228516,8476000
2007-11-30 00:00:00-05:00,48.4950089931308,48.50657303389791,47.66835649385523,47.96895980834961,14157700
2007-12-03 00:00:00-05:00,48.04411277007481,48.04411277007481,47.70882612378196,47.789756774902344,11526100
2007-12-04 00:00:00-05:00,47.43135546157975,47.58743475803801,47.34464278115177,47.48916244506836,8961000
2007-12-05 00:00:00-05:00,47.841777875795685,48.22330739224101,47.841777875795685,48.03832244873047,8764100
2007-12-06 00:00:00-05:00,47.89380814023371,48.53547569903669,47.81865951466189,48.49501037597656,8492400
2007-12-07 00:00:00-05:00,48.41985953414926,48.44298320489513,48.229092558287775,48.30424118041992,9451900
2007-12-10 00:00:00-05:00,48.57593751603266,48.85919475700887,48.50657091601594,48.801387786865234,14407800
2007-12-11 00:00:00-05:00,48.726235776176615,48.8707553966741,47.46024248929428,47.52961349487305,15626400
2007-12-12 00:00:00-05:00,48.84764360240222,48.945915909735966,48.03255062767085,48.483455657958984,12330400
2007-12-13 00:00:00-05:00,47.54116937565449,47.6625653180545,47.049803586781564,47.49492645263672,26822200
2007-12-14 00:00:00-05:00,46.575793005249885,46.80124330825648,46.21160507202148,46.211605072021484,18638800
2007-12-17 00:00:00-05:00,45.72601064899562,45.830064960374436,45.21152111228623,45.22886276245117,21841800
2007-12-18 00:00:00-05:00,46.00927735932544,46.02084140207422,45.159505453672644,45.79539108276367,18508900
2007-12-19 00:00:00-05:00,45.627732926599144,45.74912887369279,45.17105041492954,45.41962432861328,13308700
2007-12-20 00:00:00-05:00,45.64507869430018,45.743350982666016,45.37338108849777,45.743350982666016,13827600
2007-12-21 00:00:00-05:00,46.14800961546845,46.396583557128906,46.02661365471183,46.396583557128906,26845200
2007-12-24 00:00:00-05:00,47.01316165524682,47.01316165524682,46.242452307547126,46.586307525634766,5156500
2007-12-26 00:00:00-05:00,46.74043448780258,46.912362055321935,46.55072208969508,46.71672439575195,7051800
2007-12-27 00:00:00-05:00,46.76415503183242,46.79972922061926,46.39658975814221,46.432159423828125,9729400
2007-12-28 00:00:00-05:00,46.97164864612955,46.995358737065324,46.74636207433843,46.82936096191406,6358300
2007-12-31 00:00:00-05:00,46.971651769951684,46.97757703152961,46.32544093302253,46.53886795043945,14091500
2008-01-02 00:00:00-05:00,46.85307993934919,46.965723235735155,46.254298317703565,46.37287139892578,13770500
2008-01-03 00:00:00-05:00,46.44400231462617,46.627789426465874,46.361003434350074,46.44993209838867,13924700
2008-01-04 00:00:00-05:00,46.2542864539589,46.2542864539589,45.353153883304046,45.3946533203125,11883900
2008-01-07 00:00:00-05:00,45.67922685885581,45.71479651468231,45.22865828495497,45.44208526611328,18197300
2008-01-08 00:00:00-05:00,45.90452605790402,46.11202333301955,45.110102103474254,45.18717575073242,15632600
2008-01-09 00:00:00-05:00,45.187167390843086,45.56659220174464,44.90852630590902,45.51323318481445,14863600
2008-01-10 00:00:00-05:00,44.97967809036668,45.66145419946382,44.89074939519274,45.465816497802734,14018200
2008-01-11 00:00:00-05:00,44.95001850276798,45.0033775110913,44.41645103503377,44.558738708496094,10759900
2008-01-14 00:00:00-05:00,45.4124514841017,45.4302363161714,45.06859632041838,45.27016830444336,10031000
2008-01-15 00:00:00-05:00,44.576523649003136,44.618023089759056,43.71688591463073,43.79988479614258,12630400
2008-01-16 00:00:00-05:00,43.48567924658085,43.84138942704218,42.76832910110541,42.916542053222656,16323300
2008-01-17 00:00:00-05:00,43.37895831912367,43.51531620190841,42.09840098391279,42.270328521728516,22476600
2008-01-18 00:00:00-05:00,43.04103875918869,43.26039554832581,42.181405478724585,42.51340103149414,21939600
2008-01-22 00:00:00-05:00,39.424654967167115,41.46406713767319,39.205298115725,41.32770919799805,24637000
2008-01-23 00:00:00-05:00,39.276433016010714,41.12613231994881,38.90886325984661,41.084632873535156,33608600
2008-01-24 00:00:00-05:00,41.76641058062786,42.525264739990234,41.47591444367466,42.525264739990234,14649000
2008-01-25 00:00:00-05:00,43.118105587063226,43.147745457829494,41.624116788979904,41.908687591552734,15052900
2008-01-28 00:00:00-05:00,41.81977764876194,42.406699820554515,41.38106846642922,42.37705993652344,17770100
2008-01-29 00:00:00-05:00,42.57268828007583,42.673476528294636,42.18140842598686,42.63197708129883,12914400
2008-01-30 00:00:00-05:00,42.29403741095192,43.31967282523859,42.0213261762114,42.43632507324219,15417100
2008-01-31 00:00:00-05:00,41.64784362545809,43.135903076978266,41.624129008023814,42.88690185546875,18976200
2008-02-01 00:00:00-05:00,43.25447073035442,43.60425567626953,43.011403822197074,43.60425567626953,13916700
2008-02-04 00:00:00-05:00,43.52126223051823,43.53311727892048,43.11219295257132,43.15962219238281,11102300
2008-02-05 00:00:00-05:00,42.08061868821334,42.13397317396994,41.14391184917659,41.179481506347656,15487400
2008-02-06 00:00:00-05:00,41.62412946826414,41.81977167193456,41.09649166304452,41.1439208984375,15260200
2008-02-07 00:00:00-05:00,40.72892247822063,41.220990625753096,40.49771060612242,40.936424255371094,14439600
2008-02-08 00:00:00-05:00,40.52141745504891,40.918627054230264,40.254635968577865,40.51548767089844,12543800
2008-02-11 00:00:00-05:00,40.69928391641212,40.80006765405803,40.20721575293943,40.72892379760742,11886900
2008-02-12 00:00:00-05:00,41.35734183652884,41.920549223698714,41.2743429483796,41.60633850097656,14224000
2008-02-13 00:00:00-05:00,41.76049438874529,42.015420917834916,41.39885432368557,41.89092254638672,10028700
2008-02-14 00:00:00-05:00,42.25846918889467,42.294038844122824,41.659687694989685,41.70118713378906,9046200
2008-02-15 00:00:00-05:00,41.677474816473726,41.861257389455226,41.469973110476005,41.85532760620117,9362200
2008-02-19 00:00:00-05:00,42.79797180801338,42.82168642218621,42.13990596479274,42.264404296875,10562000
2008-02-20 00:00:00-05:00,41.43441490077116,42.22290893665561,41.398845237621686,42.04505157470703,20118300
2008-02-21 00:00:00-05:00,42.501539228952744,42.59046336423569,41.93832740793053,41.96797180175781,11478900
2008-02-22 00:00:00-05:00,42.48968538402482,42.50154495239258,41.71305101063918,42.50154495239258,12524600
2008-02-25 00:00:00-05:00,42.63791266113039,43.19519496116298,42.40670075432998,43.17741012573242,12643600
2008-02-26 00:00:00-05:00,43.21296144307819,44.013310359238204,43.064748513304124,43.81767272949219,11409300
2008-02-27 00:00:00-05:00,43.51531832086562,44.18523915413494,43.497533492484095,43.959957122802734,12680700
2008-02-28 00:00:00-05:00,43.610175115324836,43.793962241256416,43.40267789872475,43.53903579711914,9345600
2008-02-29 00:00:00-05:00,43.005478661273905,43.041048328950595,42.36519750448642,42.44819641113281,16244300
2008-03-03 00:00:00-05:00,42.40075768124392,42.79797181482694,42.14583123272056,42.57268524169922,11907200
2008-03-04 00:00:00-05:00,41.81382844313798,42.0806144141233,41.46404812154977,41.92647171020508,14389700
2008-03-05 00:00:00-05:00,42.282199310527815,42.72090847063931,42.0687722546679,42.43041229248047,11441200
2008-03-06 00:00:00-05:00,42.44818282373686,42.525256443167144,41.81383165564769,41.82569122314453,11643200
2008-03-07 00:00:00-05:00,41.46998299379845,41.93833647430318,41.17355708384107,41.3336296081543,10738500
2008-03-10 00:00:00-04:00,41.61819654511146,42.98175755969366,40.888991329103966,41.12613296508789,25154900
2008-03-11 00:00:00-04:00,42.13991405969471,42.42448043823242,41.529277327518976,42.42448043823242,14641800
2008-03-12 00:00:00-04:00,42.57269341295861,42.685336721142846,42.24069779696428,42.42448043823242,15803200
2008-03-13 00:00:00-04:00,41.76048570106915,42.655688736643555,41.5826283370858,42.49562072753906,11435300
2008-03-14 00:00:00-04:00,42.4718914292286,42.560820080479644,41.16168983830033,41.469970703125,13901300
2008-03-17 00:00:00-04:00,40.40878485461078,41.18541934201043,40.24278253479264,40.8415641784668,17473700
2008-03-18 00:00:00-04:00,41.52927604320617,42.09248352050781,41.38106307306354,42.09248352050781,18299700
2008-03-19 00:00:00-04:00,41.70119220878085,41.884979337058745,40.49770381403596,40.56884765625,13885800
2008-03-20 00:00:00-04:00,40.313918504752884,41.250625343789636,40.189420181554304,41.179481506347656,14106800
2008-03-24 00:00:00-04:00,41.36327322957847,42.139912259678084,41.36327322957847,41.93241500854492,13955800
2008-03-25 00:00:00-04:00,42.27032997738681,42.637895153630346,42.021328814296346,42.54304122924805,18299600
2008-03-26 00:00:00-04:00,42.560826057376,42.72682381736982,42.323684461770654,42.54304122924805,12468500
2008-03-27 00:00:00-04:00,43.195191015850035,43.195191015850035,42.495625573167516,42.50748062133789,10316600
2008-03-28 00:00:00-04:00,42.75647178304877,42.85725549958883,42.42447171224016,42.471900939941406,11224600
2008-03-31 00:00:00-04:00,42.50153928499651,42.916533660528984,42.46003984744326,42.62603759765625,15065500
2008-04-01 00:00:00-04:00,43.21890471787748,44.01332409836324,43.12404624212338,43.971824645996094,18534500
2008-04-02 00:00:00-04:00,43.95996738989071,44.22081913890929,43.74061056805383,44.066680908203125,10982700
2008-04-03 00:00:00-04:00,43.78211019481289,44.351247453739575,43.75839557697,44.19710922241211,7069400
2008-04-04 00:00:00-04:00,44.333446830236696,44.546873791702396,44.02516595428583,44.345306396484375,9901600
2008-04-07 00:00:00-04:00,44.76031372260005,44.8314575714025,44.52317208302576,44.6180305480957,7494700
2008-04-08 00:00:00-04:00,44.01331175732937,44.256383140967884,43.9540274881565,44.1496696472168,7534000
2008-04-09 00:00:00-04:00,44.137816753615745,44.161531369490746,43.71689249881054,43.78803634643555,11748900
2008-04-10 00:00:00-04:00,43.681320577063985,43.89474758579869,43.420464339032634,43.651676177978516,12757700
2008-04-11 00:00:00-04:00,43.39675389153705,43.54496685499599,43.06475830078125,43.06475830078125,7246900
2008-04-14 00:00:00-04:00,43.20112164644255,43.34340484277577,43.02919404445184,43.15962219238281,7161800
2008-04-15 00:00:00-04:00,43.432319965572376,43.479744667464054,43.12403452622731,43.46195983886719,10849500
2008-04-16 00:00:00-04:00,44.155585747281805,44.83143615722656,44.114086319411456,44.83143615722656,10529100
2008-04-17 00:00:00-04:00,44.108179680986865,44.39867582850278,44.04889539907965,44.33346176147461,17629000
2008-04-18 00:00:00-04:00,44.61802705546357,44.86109393775239,44.4698141077191,44.647666931152344,19354900
2008-04-21 00:00:00-04:00,44.74251774533716,45.015228979827114,44.63580426026722,44.99744415283203,6355100
2008-04-22 00:00:00-04:00,44.671381674519566,44.73066594916845,44.357170948090264,44.52909851074219,7264100
2008-04-23 00:00:00-04:00,44.52316950088781,44.84331001728135,44.28010261366884,44.760311126708984,10522800
2008-04-24 00:00:00-04:00,44.30974178334289,44.7188109682834,44.01331588656867,44.46981430053711,8145200
2008-04-25 00:00:00-04:00,44.93224173625839,45.04488503385196,44.66545569297371,44.83738327026367,17696000
2008-04-28 00:00:00-04:00,45.204945764803426,45.276089602847605,45.062662611814964,45.09823226928711,7686400
2008-04-29 00:00:00-04:00,44.80181828421382,44.855177307681494,44.63582047449411,44.70103454589844,7570100
2008-04-30 00:00:00-04:00,44.8373897129394,45.29388823070708,44.83146445028879,44.9441032409668,9458000
2008-05-01 00:00:00-04:00,44.70103387887082,45.258311585599735,44.665459689389515,45.21681213378906,11560300
2008-05-02 00:00:00-04:00,45.53101333144065,45.59029759807359,45.110084635217646,45.34130096435547,15374600
2008-05-05 00:00:00-04:00,45.471742871246036,45.51917211291084,45.30574504852068,45.41838836669922,7669900
2008-05-06 00:00:00-04:00,45.26423002908525,45.80965255138684,45.21680080372862,45.75629806518555,8318300
2008-05-07 00:00:00-04:00,45.46579301088931,45.57250648535127,44.89665598812516,44.95594024658203,9339200
2008-05-08 00:00:00-04:00,45.31165553466148,45.51322294123001,45.19308700410347,45.347225189208984,6971300
2008-05-09 00:00:00-04:00,44.89667916048761,45.14567588837965,44.837390348331226,44.98560333251953,5649300
2008-05-12 00:00:00-04:00,45.145672509853185,45.51323778834819,45.07452865445045,45.4361686706543,6293200
2008-05-13 00:00:00-04:00,45.299813739120815,45.33538340407094,45.086386703218416,45.28202438354492,8349900
2008-05-14 00:00:00-04:00,45.39466768668809,45.63180934025751,45.28202438354492,45.28202438354492,7236300
2008-05-15 00:00:00-04:00,45.631806301718484,46.08830022288434,45.54880740696105,46.052730560302734,6406700
2008-05-16 00:00:00-04:00,46.242435487063304,46.55664618398456,46.1238669489005,46.550716400146484,8314200
2008-05-19 00:00:00-04:00,46.574438526734234,46.698936868821725,46.28987217999155,46.36101150512695,7394100
2008-05-20 00:00:00-04:00,46.21872081093542,46.248365206985056,45.86894045766869,45.93415451049805,11190900
2008-05-21 00:00:00-04:00,45.98750815090289,46.058651986255256,45.370941813814824,45.41244125366211,13505300
2008-05-22 00:00:00-04:00,45.9222977205832,46.082370231974004,45.79779939122373,45.94008255004883,9171800
2008-05-23 00:00:00-04:00,45.845242495479546,45.85116775836157,45.35317429018547,45.41838836669922,7094000
2008-05-27 00:00:00-04:00,45.13973630230245,45.33537848449967,45.00338291938949,45.32944869995117,7625800
2008-05-28 00:00:00-04:00,45.27609595148758,45.34723527640706,44.96781046650141,45.32352066040039,7705900
2008-05-29 00:00:00-04:00,44.97967325729008,45.388737974174,44.93817380708155,45.222740173339844,9804200
2008-05-30 00:00:00-04:00,45.41245088205161,45.59030824659216,45.37688121838377,45.477664947509766,8651600
2008-06-02 00:00:00-04:00,45.10415971342285,45.14565915268751,44.84923329419724,45.00337600708008,9327700
2008-06-03 00:00:00-04:00,45.10416573784914,45.228664072271954,44.64766732186522,44.90852355957031,9969600
2008-06-04 00:00:00-04:00,44.62988210111904,44.938167565363656,44.540953427852315,44.647666931152344,8132200
2008-06-05 00:00:00-04:00,44.760315203821236,45.388736724853516,44.641746641660674,45.388736724853516,8738200
2008-06-06 00:00:00-04:00,44.81366640980136,44.84331080971547,44.078531427555305,44.0844612121582,9983700
2008-06-09 00:00:00-04:00,44.46389378354362,44.46982356918309,43.80582779369908,44.025184631347656,8157900
2008-06-10 00:00:00-04:00,43.2603905261845,43.562746168413256,43.17146186398785,43.278175354003906,8925100
2008-06-11 00:00:00-04:00,43.21889761392362,43.27225210543954,42.66754525275746,42.726829528808594,13177900
2008-06-12 00:00:00-04:00,42.596405742959924,42.83354739440029,42.41262311156652,42.57862091064453,11209500
2008-06-13 00:00:00-04:00,42.507473818119074,42.96990203857422,42.43633449428016,42.96990203857422,10236300
2008-06-16 00:00:00-04:00,42.9224732474098,43.24261377726896,42.857259184488456,43.18925476074219,9815600
2008-06-17 00:00:00-04:00,43.66947185246751,43.66947185246751,43.218903155129745,43.31968688964844,7013000
2008-06-18 00:00:00-04:00,42.88095987312804,43.052887390162326,42.72681718145954,42.963958740234375,14861100
2008-06-19 00:00:00-04:00,42.73868231848934,42.98175371749702,42.59639915885806,42.8809700012207,25370000
2008-06-20 00:00:00-04:00,42.27033759102508,42.30590725368771,41.85533859319211,41.94426727294922,14909700
2008-06-23 00:00:00-04:00,41.97982722718255,42.03911601537627,41.75454521058468,41.93832778930664,12852800
2008-06-24 00:00:00-04:00,41.68340502535099,42.00947529654527,41.49962243055052,41.748619079589844,18685000
2008-06-25 00:00:00-04:00,42.07361873974702,42.574999641800716,42.07361873974702,42.19443130493164,21446000
2008-06-26 00:00:00-04:00,41.80177503887125,41.862185917860174,41.12521743774414,41.12521743774414,18484600
2008-06-27 00:00:00-04:00,41.505785935685005,41.566192213025545,41.113138219916145,41.23395538330078,28977200
2008-06-30 00:00:00-04:00,41.5057918540912,41.71721615928236,41.46954900425963,41.48162841796875,16126000
2008-07-01 00:00:00-04:00,40.80506884299786,41.05877799804579,40.40637907760483,41.03461456298828,19350900
2008-07-02 00:00:00-04:00,41.288321622019275,41.30040564328658,40.27348044464235,40.3822135925293,16759900
2008-07-03 00:00:00-04:00,40.77485671071486,40.81714156295561,40.24931245397692,40.64196014404297,14420600
2008-07-07 00:00:00-04:00,40.49698997781097,40.732577703918636,40.03185192770841,40.291603088378906,13827600
2008-07-08 00:00:00-04:00,40.11642694208825,40.52719151060006,39.82647033105783,40.50303268432617,13982800
2008-07-09 00:00:00-04:00,40.70236633868108,40.77485663182638,39.977481842041016,39.977481842041016,12121800
2008-07-10 00:00:00-04:00,40.10434156259319,40.358050708216005,39.9049966873022,40.321807861328125,14732600
2008-07-11 00:00:00-04:00,39.68148548731248,39.93519458498784,39.252594981612816,39.687522888183594,15132800
2008-07-14 00:00:00-04:00,40.11038155359798,40.11038155359798,39.50026754571857,39.60295867919922,9231800
2008-07-15 00:00:00-04:00,39.04721667166402,39.38549554252544,38.702895789907515,38.96868896484375,21612800
2008-07-16 00:00:00-04:00,38.81162045676502,39.74793376651835,38.70892933752065,39.687522888183594,16201500
2008-07-17 00:00:00-04:00,40.24328082795716,40.39429883744689,39.9714456456533,40.291603088378906,13884100
2008-07-18 00:00:00-04:00,40.33389474496888,40.569487119489565,40.146633856424025,40.551361083984375,14274700
2008-07-21 00:00:00-04:00,40.913796883999254,40.925876295666626,40.5875974645392,40.78693771362305,9320000
2008-07-22 00:00:00-04:00,40.2734815272695,40.94400185581324,40.237238679900834,40.925880432128906,10336400
2008-07-23 00:00:00-04:00,41.058779057592965,41.31248821918801,40.968167325964984,41.076900482177734,10399000
2008-07-24 00:00:00-04:00,41.04669292943483,41.04669292943483,40.27952347291423,40.327850341796875,9628200
2008-07-25 00:00:00-04:00,40.39429694258243,40.60572122420953,40.20099408385141,40.412418365478516,7867600
2008-07-28 00:00:00-04:00,40.45469836782639,40.45469836782639,39.69960844639825,39.7358512878418,11142000
2008-07-29 00:00:00-04:00,39.68149746088319,40.14663094697161,39.6694134380888,40.128509521484375,10323600
2008-07-30 00:00:00-04:00,40.32180922634416,40.52719151060006,40.1466277792826,40.50303268432617,14376900
2008-07-31 00:00:00-04:00,40.291600444302674,40.4728238872794,40.01372787812101,40.104339599609375,11372800
2008-08-01 00:00:00-04:00,39.95936350684083,39.983526939755315,39.439861220938404,39.506309509277344,11859500
2008-08-04 00:00:00-04:00,39.476099531288554,39.49422095171689,39.10157788589481,39.131778717041016,8556700
2008-08-05 00:00:00-04:00,39.657329789891,40.12850523707047,39.554638650624476,40.12246322631836,14263900
2008-08-06 00:00:00-04:00,39.84458400324274,40.20098883894677,39.711687441071845,40.13454055786133,11507700
2008-08-07 00:00:00-04:00,39.814394319580664,39.82043172231297,39.264686496452235,39.33113479614258,8099900
2008-08-08 00:00:00-04:00,38.805594101678885,39.596931761807255,38.702902941008084,39.49423599243164,10579200
2008-08-11 00:00:00-04:00,39.52443321649638,39.70565666947883,39.35529378502148,39.457984924316406,10024200
2008-08-12 00:00:00-04:00,39.45799455660474,39.4700739723572,39.03514587469378,39.17407989501953,9630900
2008-08-13 00:00:00-04:00,38.65457380488675,38.80558952206521,38.24984430892164,38.55792236328125,12559300
2008-08-14 00:00:00-04:00,38.27400572391194,38.64852975230818,38.20755742925171,38.40690231323242,10306700
2008-08-15 00:00:00-04:00,38.1713005873858,38.3283605638236,38.020282620077076,38.15317916870117,8640600
2008-08-18 00:00:00-04:00,38.5277114950558,38.53979321160073,37.81490634936728,37.95988464355469,11535300
2008-08-19 00:00:00-04:00,37.512878313836254,37.58536862849759,37.30749369766705,37.531002044677734,11853200
2008-08-20 00:00:00-04:00,37.63368647760618,37.75450134277344,37.39205905162357,37.75450134277344,15433500
2008-08-21 00:00:00-04:00,37.65785573260066,37.99613694648956,37.59744944285547,37.90552520751953,8964200
2008-08-22 00:00:00-04:00,37.9538567580436,38.17132081052536,37.87532672821954,38.080711364746094,6582300
2008-08-25 00:00:00-04:00,38.00821959920256,38.050506770849694,37.39810772512742,37.4826774597168,10955100
2008-08-26 00:00:00-04:00,37.52495881352991,37.845118598666126,37.410185942240915,37.66993713378906,7745000
2008-08-27 00:00:00-04:00,37.86927664375235,38.062579518767116,37.75450378182234,38.026336669921875,9295000
2008-08-28 00:00:00-04:00,38.491467686563816,38.55791597372225,38.36461081819236,38.515628814697266,11277400
2008-08-29 00:00:00-04:00,38.59415886950201,38.751218876513285,38.36461086929032,38.400856018066406,11080000
2008-09-02 00:00:00-04:00,38.31023926372057,38.38272955174635,37.77865764430691,37.808860778808594,14645400
2008-09-03 00:00:00-04:00,37.66388528889723,37.82094528686847,37.440379311855274,37.65180587768555,10635700
2008-09-04 00:00:00-04:00,37.21688145404485,37.259166315565444,36.014776993289416,36.0389404296875,16723100
2008-09-05 00:00:00-04:00,35.851673617445535,36.05101849098063,35.44090445775372,35.90604019165039,17543700
2008-09-08 00:00:00-04:00,37.04773086281747,37.08397370215946,36.22015069778653,36.709449768066406,19143200
2008-09-09 00:00:00-04:00,36.4436676809131,36.570522257666624,35.501314458561275,35.51943588256836,12860600
2008-09-10 00:00:00-04:00,36.05101358886173,36.14162530166599,35.6764896310172,35.86375045776367,15264600
2008-09-11 00:00:00-04:00,35.03618211920593,35.81543568835004,34.873082374197715,35.78523254394531,16722400
2008-09-12 00:00:00-04:00,35.85772252207019,36.54636439149454,35.68254104880194,36.485958099365234,16526900
2008-09-15 00:00:00-04:00,34.88515245068071,35.56171233783914,34.58311649872676,34.93347930908203,31607800
2008-09-16 00:00:00-04:00,33.92468621677146,34.860997432875166,33.67701676858465,34.673736572265625,26092500
2008-09-17 00:00:00-04:00,34.02133122171435,34.28108233831757,33.13334473917072,33.35081100463867,31227800
2008-09-18 00:00:00-04:00,34.20860385670194,35.13283343740158,33.381023416008546,34.867042541503906,30062000
2008-09-19 00:00:00-04:00,36.66112994147429,38.503551439786484,35.924163646501285,37.33769226074219,38923300
2008-09-22 00:00:00-04:00,37.065854415824816,37.21687240004552,36.06309509277344,36.06309509277344,27789800
2008-09-23 00:00:00-04:00,36.063096039062025,36.34096858427506,35.30196408818087,35.5556755065918,14862000
2008-09-24 00:00:00-04:00,36.05102256718016,36.09934713618625,35.4892353383274,35.65837478637695,12657200
2008-09-25 00:00:00-04:00,36.11746570847866,36.570519711933684,36.0570571254069,36.47990798950195,16568100
2008-09-26 00:00:00-04:00,35.70065216720007,36.135584718874114,35.573797607745696,36.093299865722656,22570500
2008-09-29 00:00:00-04:00,34.3354498455411,34.34148955114669,31.62920777697033,32.06414031982422,35675800
2008-09-30 00:00:00-04:00,33.36894332844155,34.00925827026367,33.127313570245036,34.00925827026367,29246900
2008-10-01 00:00:00-04:00,33.55619789642056,34.0817398717393,33.16959219943427,33.75554275512695,27952600
2008-10-02 00:00:00-04:00,33.10919283754739,33.19376256337973,32.1970426704079,32.281612396240234,23232500
2008-10-03 00:00:00-04:00,32.34805750848231,33.50787703169692,32.070184921173805,32.154754638671875,34402700
2008-10-06 00:00:00-04:00,30.91641269105543,30.958697557029037,29.086074821661885,30.336503982543945,53409500
2008-10-07 00:00:00-04:00,30.988898666243607,31.103673841499816,28.91693115234375,28.91693115234375,37326000
2008-10-08 00:00:00-04:00,28.481993506474414,29.50287427750592,27.968530963799306,28.270566940307617,42426500
2008-10-09 00:00:00-04:00,29.0800198006486,29.182713218038604,26.355656648303423,26.57916259765625,35533300
2008-10-10 00:00:00-04:00,24.954216272156213,26.434190895252858,24.17496280405631,25.588491439819336,59719300
2008-10-13 00:00:00-04:00,27.575892905429317,29.91365133966029,27.376548001867796,29.653900146484375,57779900
2008-10-14 00:00:00-04:00,30.45127576453801,30.741230108353406,28.42763506517229,29.04378890991211,41811500
2008-10-15 00:00:00-04:00,28.300770222184447,28.391381937342153,25.920727544663205,25.94489097595215,35975400
2008-10-16 00:00:00-04:00,26.736234830165063,27.50944882099339,25.358950937542012,27.473203659057617,44651300
2008-10-17 00:00:00-04:00,26.222765003370345,28.089347545330924,26.101950144455557,26.887243270874023,31032400
2008-10-20 00:00:00-04:00,27.581930836747834,28.602811813354492,27.400709675220604,28.602811813354492,29347500
2008-10-21 00:00:00-04:00,27.587964861569624,27.992694266496162,26.9053652169267,26.98993492126465,34623800
2008-10-22 00:00:00-04:00,26.101951791511684,26.180481800414373,24.440753713577653,25.020662307739258,31546700
2008-10-23 00:00:00-04:00,25.141480585534413,25.836164434122157,24.30182072091153,25.57037353515625,33626600
2008-10-24 00:00:00-04:00,23.244684869312692,24.634049684830696,23.069503477071606,23.915205001831055,32920600
2008-10-27 00:00:00-04:00,23.01513971509927,23.83667791230214,22.652697477204615,22.658737182617188,31682200
2008-10-28 00:00:00-04:00,24.036031187172735,26.005305364694184,23.154086409083167,25.78179931640625,41688400
2008-10-29 00:00:00-04:00,25.485798635769303,26.699984731262706,25.256252918822426,25.842201232910156,34384700
2008-10-30 00:00:00-04:00,27.13491390403883,27.213443911486127,26.083829884644572,26.748308181762695,33312100
2008-10-31 00:00:00-04:00,26.150282758906737,27.35238499329427,25.98718300916703,26.923494338989258,40976800
2008-11-03 00:00:00-05:00,26.808726204730416,27.207413784238998,26.736235878017812,27.0322322845459,20436100
2008-11-04 00:00:00-05:00,27.90811920883904,28.935041788141028,27.835631233932773,28.886714935302734,29640600
2008-11-05 00:00:00-05:00,28.35514159479226,28.844440791715847,27.255730632733663,27.316139221191406,29660700
2008-11-06 00:00:00-05:00,27.044304726885212,27.219486166474347,25.322698079955682,25.55224609375,35121300
2008-11-07 00:00:00-05:00,26.482520855130637,27.068471527287656,26.337542537768837,26.995981216430664,28171200
2008-11-10 00:00:00-05:00,27.455070632841068,27.479234063924597,26.162357026443434,26.59124755859375,25590000
2008-11-11 00:00:00-05:00,25.99321988329991,26.168401332928195,25.262293247149927,25.715347290039062,34095000
2008-11-12 00:00:00-05:00,25.135432743998816,25.256247587831396,24.313894571159068,24.332015991210938,35248700
2008-11-13 00:00:00-05:00,24.64614014934501,26.403989791870114,23.746074049850293,26.403989791870117,51118000
2008-11-14 00:00:00-05:00,25.177725945211296,25.81804321687299,24.628020412568077,24.887771606445312,48148100
2008-11-17 00:00:00-05:00,24.621974212715447,25.159600239433345,24.1870439307254,24.43471336364746,30054400
2008-11-18 00:00:00-05:00,24.16287778047133,24.785071145925958,23.86084180821544,24.47699546813965,44628000
2008-11-19 00:00:00-05:00,24.223281019285533,24.464910688567464,22.79767334444633,22.83995819091797,45216100
2008-11-20 00:00:00-05:00,22.761431128237486,23.24468822456227,21.462675521535008,21.5834903717041,54184200
2008-11-21 00:00:00-05:00,22.77955672428041,23.154083058883014,21.649942622519465,23.11783790588379,49797000
2008-11-24 00:00:00-05:00,23.613180497158368,25.075033997875618,23.40779587344949,24.50116729736328,41988500
2008-11-25 00:00:00-05:00,25.26833132300838,25.358940734863978,24.25349024063431,24.948171615600586,46002000
2008-11-26 00:00:00-05:00,24.277655594036247,25.310620582078357,24.229331026838057,25.220008850097656,34099900
2008-11-28 00:00:00-05:00,24.942131155646805,25.316655116231544,24.821316305807716,25.207921981811523,17627900
2008-12-01 00:00:00-05:00,24.35014717129,24.404513752443375,23.06347295356158,23.148042678833008,50272000
2008-12-02 00:00:00-05:00,24.00582868610568,24.51928910108746,23.703792605680533,24.404516220092773,44399000
2008-12-03 00:00:00-05:00,23.66754327416919,24.730709075927734,23.582973555255126,24.730709075927734,41980400
2008-12-04 00:00:00-05:00,23.939374649364314,24.47699837513407,23.450075486631906,23.96957778930664,41836300
2008-12-05 00:00:00-05:00,23.528603913788455,24.37430329713597,23.00910164600336,24.2716121673584,41059200
2008-12-08 00:00:00-05:00,24.978379703023002,25.61265723346968,24.83944340049578,25.42539405822754,45982000
2008-12-09 00:00:00-05:00,25.25625236905315,25.751591248622216,25.032744059127854,25.189804077148438,38538000
2008-12-10 00:00:00-05:00,25.6488940127321,25.975093413292242,25.40122460957012,25.854278564453125,39997900
2008-12-11 00:00:00-05:00,25.93885599851738,26.361706943310956,25.55225021048403,25.739513397216797,36787800
2008-12-12 00:00:00-05:00,25.262289046308172,26.156315265753726,25.20188277237533,25.993215560913086,42675200
2008-12-15 00:00:00-05:00,26.10799254596233,26.168398824148888,25.65493854650774,26.05966567993164,44527700
2008-12-16 00:00:00-05:00,26.005299194393714,27.660457491825902,26.005299194393714,27.557764053344727,47026500
2008-12-17 00:00:00-05:00,26.935573676752455,27.654418610039446,26.887246805093458,27.41883087158203,45054900
2008-12-18 00:00:00-05:00,27.35237386310473,27.36445557717128,26.24088151684687,26.57916259765625,42315200
2008-12-19 00:00:00-05:00,26.361697685350705,26.65165192454674,25.98717374776643,26.19255828857422,38356000
2008-12-22 00:00:00-05:00,26.349619939475524,26.397946805462958,25.64285680704784,26.011341094970703,36928300
2008-12-23 00:00:00-05:00,26.23217863671321,26.293353491452052,25.67547905737373,25.81618309020996,32553600
2008-12-24 00:00:00-05:00,26.097598550169565,26.2015986330975,25.88348416424703,26.15877342224121,16114600
2008-12-26 00:00:00-05:00,26.232194205630783,26.452427547273818,26.060900310090368,26.2811336517334,13297600
2008-12-29 00:00:00-05:00,26.666530273842312,26.70935314547928,26.115947161836306,26.287240982055664,29150100
2008-12-30 00:00:00-05:00,26.580891511012577,27.119239324831206,26.495245745247086,27.076414108276367,28477600
2008-12-31 00:00:00-05:00,26.99076233193393,27.620874659422682,26.850058271842304,27.443464279174805,26881200
2009-01-02 00:00:00-05:00,27.2782967444976,27.90840690937724,27.192650974553437,27.798290252685547,21928500
2009-01-05 00:00:00-05:00,27.339472014949017,27.565824220061597,27.168180472634408,27.351707458496094,27947600
2009-01-06 00:00:00-05:00,27.467939520470765,27.83499344562562,27.24158734407572,27.645347595214844,23282100
2009-01-07 00:00:00-05:00,27.437347443910603,27.52299553067944,26.996883237458157,27.168174743652344,23930600
2009-01-08 00:00:00-05:00,27.204879868184207,27.590285740144083,27.00299860162953,27.57193374633789,19883800
2009-01-09 00:00:00-05:00,27.253828604836897,27.284416049518313,26.593130931763017,26.617599487304688,31728900
2009-01-12 00:00:00-05:00,26.476891735719633,26.501362621570344,25.852898148559184,25.975250244140625,28816400
2009-01-13 00:00:00-05:00,25.461367257829362,25.712187944002334,25.247252891707884,25.49807357788086,29424100
2009-01-14 00:00:00-05:00,24.819023030371984,24.831258470982988,24.292910752457118,24.451969146728516,37212600
2009-01-15 00:00:00-05:00,24.617144746592626,24.904669440717097,23.98703237362799,24.672203063964844,42030800
2009-01-16 00:00:00-05:00,25.23502653739259,25.271732870659953,24.292918319915223,24.81903076171875,39032500
2009-01-20 00:00:00-05:00,23.94421184695509,23.980918173362653,22.983751809174194,23.002103805541992,58657300
2009-01-21 00:00:00-05:00,23.491506722397613,24.152204109202096,23.185627740770933,24.12773323059082,48048200
2009-01-22 00:00:00-05:00,23.332453600933793,23.74233274215153,23.051045434528753,23.564922332763672,40891400
2009-01-23 00:00:00-05:00,22.702342121793397,23.571037452257077,22.63504836138557,23.39974594116211,37917500
2009-01-26 00:00:00-05:00,23.626095660244083,24.17667884856275,23.534333351305506,23.858564376831055,38347800
2009-01-27 00:00:00-05:00,24.109385289914606,24.427499764304272,23.950329219555684,24.32349967956543,35276200
2009-01-28 00:00:00-05:00,24.929140414410515,25.22890288424599,24.776200902665668,25.039257049560547,37581800
2009-01-29 00:00:00-05:00,24.4091484984968,24.433617048279626,23.834094405670438,23.90138816833496,26066100
2009-01-30 00:00:00-05:00,24.158326811418465,24.213385130154407,23.55880185910633,23.675037384033203,33244900
2009-02-02 00:00:00-05:00,23.22845722537942,23.613863171722837,23.173398899662917,23.44257164001465,29679400
2009-02-03 00:00:00-05:00,23.742334706274285,24.3296219717922,23.540453396061917,24.11550521850586,28446900
2009-02-04 00:00:00-05:00,24.195027724286124,24.592671346102723,23.870796740561868,23.993148803710938,29274800
2009-02-05 00:00:00-05:00,23.852448218477207,24.537616604665942,23.662802376318538,24.335735321044922,31645600
2009-02-06 00:00:00-05:00,24.433614537738023,25.01478512487713,24.378556222458073,24.89855194091797,28635900
2009-02-09 00:00:00-05:00,24.88631661307696,25.057608113091295,24.721141666489572,24.892433166503906,27143500
2009-02-10 00:00:00-05:00,24.62326181934729,24.782317887513823,23.540449777313018,23.65668296813965,35169400
2009-02-11 00:00:00-05:00,24.029860839926183,24.127742056504758,23.558806755869217,23.91362762451172,24101600
2009-02-12 00:00:00-05:00,23.405861880780463,23.85856386294421,23.1672766155385,23.840211868286133,40755800
2009-02-13 00:00:00-05:00,23.730095896344086,23.90750629523729,23.54045005611289,23.58327293395996,21184200
2009-02-17 00:00:00-05:00,22.592226391761844,22.66563670894319,22.24964102212904,22.32917022705078,32955300
2009-02-18 00:00:00-05:00,22.500465075128417,22.50658396377441,22.041646440913418,22.310821533203125,35001300
2009-02-19 00:00:00-05:00,22.812460812127835,22.904223129752644,22.176231808438924,22.280229568481445,25953000
2009-02-20 00:00:00-05:00,21.595060100753127,22.22517252007247,21.564472663000984,21.955997467041016,52151800
2009-02-23 00:00:00-05:00,22.133413730703328,22.14564917577665,21.117895126342773,21.117895126342773,38218200
2009-02-24 00:00:00-05:00,21.32588826541504,22.084467021269962,21.15459673996496,21.998821258544922,36854600
2009-02-25 00:00:00-05:00,21.674590936887718,21.78470758801939,21.111772238473396,21.3931827545166,39168800
2009-02-26 00:00:00-05:00,21.76635393521768,21.900939127952938,21.172947841882706,21.215770721435547,27205700
2009-02-27 00:00:00-05:00,21.001656323671334,21.631766408810513,21.001656323671334,21.215770721435547,38490900
2009-03-02 00:00:00-05:00,20.579545702124296,20.677426921859503,19.949435495933418,19.998374938964844,42422600
2009-03-03 00:00:00-05:00,20.310370971533903,20.316487526195512,19.692493935465237,19.918846130371094,38727800
2009-03-04 00:00:00-05:00,20.40824968971991,21.07506608267117,20.322603932882988,20.805891036987305,52339900
2009-03-05 00:00:00-05:00,20.22472450830872,20.469426358779256,19.759787025172216,19.967784881591797,36082700
2009-03-06 00:00:00-05:00,20.236960848764152,20.46331071225199,19.496732875878564,19.931081771850586,42251800
2009-03-09 00:00:00-04:00,19.331554674330526,19.79649093381704,19.307083792172133,19.392730712890625,36485300
2009-03-10 00:00:00-04:00,20.17577838273388,20.812007257226373,20.139072062934545,20.69577407836914,50262200
2009-03-11 00:00:00-04:00,20.952713887392875,21.12400540013526,20.573424537603948,20.812009811401367,34253300
2009-03-12 00:00:00-04:00,20.591780304438632,21.338126032951678,20.396017872971647,21.28306770324707,32384600
2009-03-13 00:00:00-04:00,21.3870607668953,21.497177402068896,21.056710861374512,21.42376708984375,31335400
2009-03-16 00:00:00-04:00,21.784709120725083,22.163998538157546,21.601182133817264,21.656240463256836,29486900
2009-03-17 00:00:00-04:00,21.582826047707584,22.26799683253822,21.47270939777666,22.225173950195312,33219600
2009-03-18 00:00:00-04:00,21.96823796255184,22.97152108712231,21.748004626197847,22.861404418945312,40962300
2009-03-19 00:00:00-04:00,23.399746253681155,23.424217136642064,22.8124590646504,22.849163055419922,36731100
2009-03-20 00:00:00-04:00,22.879751624422916,22.97763281745446,22.427049648107193,22.531049728393555,35560500
2009-03-23 00:00:00-04:00,23.32022066278729,24.170564141171496,23.197868562704393,24.152212142944336,42113200
2009-03-24 00:00:00-04:00,23.528210422794924,23.87691227094883,23.35691894192533,23.393625259399414,30868900
2009-03-25 00:00:00-04:00,23.58939123914917,24.139972083736687,23.2590413321936,23.754566192626953,30873600
2009-03-26 00:00:00-04:00,23.938092432236502,24.201148572543516,23.711740280279134,24.072677612304688,30230400
2009-03-27 00:00:00-04:00,23.44868950476496,23.540451821172525,23.228456211511624,23.30186653137207,34326000
2009-03-30 00:00:00-04:00,22.610578303580382,22.635049187107157,22.2129369477938,22.41481590270996,25835700
2009-03-31 00:00:00-04:00,22.849162073344882,23.30186405397684,22.702341449233582,22.99598503112793,32838300
2009-04-01 00:00:00-04:00,22.855280023238404,23.699506745103147,22.806338261427513,23.59550666809082,25661700
2009-04-02 00:00:00-04:00,24.40915427132897,25.057616500538796,24.38468338208682,24.659975051879883,57242400
2009-04-03 00:00:00-04:00,24.555972148560134,24.800676345825195,24.347974280986485,24.800676345825195,41385200
2009-04-06 00:00:00-04:00,24.274553502467892,24.390786662598213,23.98090999239826,24.286788940429688,27320400
2009-04-07 00:00:00-04:00,23.913632681363424,24.072688816811006,23.699518204093067,23.77904510498047,19333900
2009-04-08 00:00:00-04:00,23.980914192678327,24.231734880648737,23.742328944812765,24.01761817932129,22120900
2009-04-09 00:00:00-04:00,24.56209382858373,24.690562496596346,24.366331381991433,24.659975051879883,23172500
2009-04-13 00:00:00-04:00,24.543735236829985,25.07596648398623,24.50703124300682,24.904672622680664,21135700
2009-04-14 00:00:00-04:00,24.684432466666134,25.020901207706693,24.598786726645404,24.666080474853516,41502500
2009-04-15 00:00:00-04:00,24.568204160026728,25.05149359859814,24.513145840016417,24.99031639099121,25623000
2009-04-16 00:00:00-04:00,25.094317593068507,25.326786324969365,24.867967749036385,25.149375915527344,25014400
2009-04-17 00:00:00-04:00,25.19831927088314,25.216673603673257,24.935263059723898,25.06373405456543,61325800
2009-04-20 00:00:00-04:00,24.48256148753164,24.5131489283528,24.029859428893225,24.035978317260742,26049700
2009-04-21 00:00:00-04:00,23.821861605439807,24.611030181822475,23.797393052943775,24.586559295654297,25499800
2009-04-22 00:00:00-04:00,24.201153129404428,24.825146719229412,24.115505028561206,24.390796661376953,25022000
2009-04-23 00:00:00-04:00,24.72725099847903,25.00254249572754,24.513136685991846,25.00254249572754,30545300
2009-04-24 00:00:00-04:00,25.381840066169914,25.565366996683288,25.222781681699196,25.387956619262695,25969200
2009-04-27 00:00:00-04:00,25.01478929409383,25.412433007798963,24.90467264518078,25.088199615478516,26745300
2009-04-28 00:00:00-04:00,24.60490757452911,25.100430062343822,24.574317807507622,24.849609375,18634000
2009-04-29 00:00:00-04:00,25.27172735462126,25.767249910375156,25.228904475325784,25.485841751098633,20784800
2009-04-30 00:00:00-04:00,25.852899146046806,26.06701590499367,25.45525773715499,25.644901275634766,26982200
2009-05-01 00:00:00-04:00,25.785594633848,25.999708950560677,25.608184295045483,25.944650650024414,17786700
2009-05-04 00:00:00-04:00,26.238305039043716,27.033590117568366,26.22606959676832,27.02135467529297,23451200
2009-05-05 00:00:00-04:00,26.93570897403849,26.990767297566457,26.605361366542695,26.752182006835938,22298600
2009-05-06 00:00:00-04:00,27.27829032375321,27.467936150899586,26.899001003132117,27.40064239501953,21040600
2009-05-07 00:00:00-04:00,27.63310689051121,27.663696656508264,26.758295124377117,26.941822052001953,23946300
2009-05-08 00:00:00-04:00,27.54134585532806,28.15310386455257,27.38228746607359,28.110280990600586,22988400
2009-05-11 00:00:00-04:00,27.43122803233351,27.596402967671292,27.296640529390544,27.394521713256836,17460900
2009-05-12 00:00:00-04:00,27.761580216292074,27.82887397337093,27.327230238875373,27.688167572021484,26285000
2009-05-13 00:00:00-04:00,27.05193840526978,27.08864239022546,26.666530227534853,26.74605941772461,23257600
2009-05-14 00:00:00-04:00,26.72770855521367,27.198762537117602,26.66041712951749,27.009119033813477,27380600
2009-05-15 00:00:00-04:00,27.070292848859516,27.266055231920244,26.654297201437544,26.764413833618164,20457900
2009-05-18 00:00:00-04:00,27.333356754238793,27.83499829506038,27.241592090126797,27.786056518554688,18600700
2009-05-19 00:00:00-04:00,27.908415188510116,28.208177805912555,27.828888283496994,28.03688621520996,19522000
2009-05-20 00:00:00-04:00,28.299924811105083,28.660862134118467,28.159220747377375,28.22039794921875,18872900
2009-05-21 00:00:00-04:00,27.865582530347815,28.09805127464079,27.71264299688414,28.00628662109375,20081100
2009-05-22 00:00:00-04:00,28.26934582668618,28.348875046015316,28.049112501573088,28.165348052978516,14279100
2009-05-26 00:00:00-04:00,27.767697105841673,28.801569688616016,27.74934511138779,28.72815704345703,16247300
2009-05-27 00:00:00-04:00,28.728157014006545,28.764863336548412,28.11639897367248,28.171457290649414,16274500
2009-05-28 00:00:00-04:00,28.38557406343679,28.581336450053175,28.000165843804396,28.458984375,15523500
2009-05-29 00:00:00-04:00,28.862742920218118,29.027917861938477,28.636393111344255,29.027917861938477,24526200
2009-06-01 00:00:00-04:00,29.58461727130413,29.976142018153787,29.52955895792392,29.74367332458496,22592800
2009-06-02 00:00:00-04:00,29.651917933541686,30.049559326228827,29.59685960733305,30.000619888305664,22182800
2009-06-03 00:00:00-04:00,29.401096009358827,29.4500354453196,28.85051276935,29.107452392578125,20937800
2009-06-04 00:00:00-04:00,29.193090575802643,29.364382057697693,29.021796760236178,29.290971755981445,17158800
2009-06-05 00:00:00-04:00,29.364378359236547,29.388849234616977,28.81379533153241,28.930030822753906,19216500
2009-06-08 00:00:00-04:00,28.611917324316984,29.052383760035084,28.40391954452468,28.868854522705078,13937000
2009-06-09 00:00:00-04:00,29.040164931679342,29.327689722850383,28.88110647950832,29.223691940307617,15957400
2009-06-10 00:00:00-04:00,29.664152009598375,29.68250400626494,28.923922917196204,29.278743743896484,18468000
2009-06-11 00:00:00-04:00,29.52344823371441,30.086266963172736,29.51733167883509,29.78038787841797,20225500
2009-06-12 00:00:00-04:00,29.462272149220915,29.67638656635212,29.315449167708,29.6274471282959,21098000
2009-06-15 00:00:00-04:00,28.991219469444296,29.027925799977144,28.336638410478017,28.56298828125,31484000
2009-06-16 00:00:00-04:00,28.76486824523078,28.78322024279759,28.20204953856996,28.23263931274414,23389000
2009-06-17 00:00:00-04:00,28.250987526481403,28.538514562769162,27.951225048897165,28.312162399291992,23802600
2009-06-18 00:00:00-04:00,28.238754670586527,28.593575499654673,28.12252146813594,28.263225555419922,22429300
2009-06-19 00:00:00-04:00,28.709802627563477,28.832154692170654,28.550744243472682,28.709802627563477,19576300
2009-06-22 00:00:00-04:00,28.20817117306305,28.232642061315897,27.688175299215654,27.786056518554688,21491900
2009-06-23 00:00:00-04:00,28.07656252149343,28.27023793771343,27.82041239462566,28.151535034179688,26980500
2009-06-24 00:00:00-04:00,28.47641041751838,28.73256055918144,28.07031762507953,28.176525115966797,25708600
2009-06-25 00:00:00-04:00,28.014087466892835,28.776291320376117,27.939117338384495,28.770042419433594,23606800
2009-06-26 00:00:00-04:00,28.68882103918218,28.851259084773513,28.53263189402133,28.71381187438965,20799800
2009-06-29 00:00:00-04:00,28.838767033977817,29.101166067775818,28.68882438848503,28.957469940185547,21139400
2009-06-30 00:00:00-04:00,28.957464836208327,29.019941920508874,28.41392731070748,28.620098114013672,31292000
2009-07-01 00:00:00-04:00,29.044936100073897,29.351065507011533,29.001200944396885,29.09491539001465,20169200
2009-07-02 00:00:00-04:00,28.507651304631484,28.53888866562764,28.15154014610798,28.257747650146484,20744600
2009-07-06 00:00:00-04:00,27.901618439667676,28.295215606689453,27.851639171061287,28.295215606689453,17299200
2009-07-07 00:00:00-04:00,28.12654321627066,28.157780570505775,27.558014789465137,27.607994079589844,20032700
2009-07-08 00:00:00-04:00,27.67047603054516,27.751692689167477,27.170671125240276,27.495542526245117,24263500
2009-07-09 00:00:00-04:00,27.814164787213855,27.926621168580198,27.614242861064216,27.83290672302246,22637100
2009-07-10 00:00:00-04:00,27.41432929097153,28.207770719898853,27.045722680418805,27.508041381835938,16245600
2009-07-13 00:00:00-04:00,27.57051553905449,28.07032045323442,27.37684009213447,27.98910140991211,19678700
2009-07-14 00:00:00-04:00,28.151539228626202,28.232755887917712,27.882893642950464,28.1390438079834,15241000
2009-07-15 00:00:00-04:00,28.745050405963696,29.16988508888957,28.70131763418521,29.101163864135742,21318700
2009-07-16 00:00:00-04:00,29.101166831465168,29.43853362197669,28.98871044020881,29.357316970825195,15476600
2009-07-17 00:00:00-04:00,29.169891034222967,29.338575638288283,29.057434631512756,29.251110076904297,16180900
2009-07-20 00:00:00-04:00,29.725923321261448,29.88211248780883,29.538494414798553,29.81963539123535,15950700
2009-07-21 00:00:00-04:00,30.18199448648296,30.188241004322144,29.675940744240073,30.007061004638672,19663900
2009-07-22 00:00:00-04:00,29.769662387642022,30.219485661732193,29.75716696568701,30.082040786743164,16927500
2009-07-23 00:00:00-04:00,30.032048389073687,30.750519404092696,30.007057554075747,30.58808135986328,19940000
2009-07-24 00:00:00-04:00,30.53185418941494,30.794253199116447,30.375665040362726,30.775508880615234,15432700
2009-07-27 00:00:00-04:00,30.65680670861106,30.84423321524432,30.463131301244204,30.80674934387207,14807400
2009-07-28 00:00:00-04:00,30.575587591341222,30.738025644331113,30.313190959483087,30.675548553466797,18335000
2009-07-29 00:00:00-04:00,30.588092995099114,30.681807470360326,30.26946806907559,30.425657272338867,20032100
2009-07-30 00:00:00-04:00,30.981678786424332,31.30030359244851,30.8817178293131,31.0191650390625,19165900
2009-07-31 00:00:00-04:00,31.187846733385676,31.568948621220905,31.05040190902826,31.49397850036621,20636100
2009-08-03 00:00:00-04:00,32.00004368575076,32.30617317955897,31.893833791694217,32.22495651245117,22184800
2009-08-04 00:00:00-04:00,31.918818578405197,32.22495039737924,31.475241911730073,32.17496871948242,18395300
2009-08-05 00:00:00-04:00,32.09999038867766,32.11248580496097,31.612678686656437,32.04376220703125,18679100
2009-08-06 00:00:00-04:00,32.12499355797035,32.17497524600568,31.606446652523086,31.843854904174805,16284900
2009-08-07 00:00:00-04:00,31.962551369372658,32.05001692247401,31.743887486619276,31.81260871887207,19822400
2009-08-10 00:00:00-04:00,31.675164736262587,31.775125711574052,31.45649846427913,31.61893653869629,14593800
2009-08-11 00:00:00-04:00,31.481484541148447,31.512721894346633,31.256571784909855,31.43775177001953,13047300
2009-08-12 00:00:00-04:00,31.425266229833632,32.04377650390296,31.40652428867512,31.793872833251953,18246400
2009-08-13 00:00:00-04:00,32.237440932916144,32.36239273470801,31.968795393203727,32.28117370605469,17806800
2009-08-14 00:00:00-04:00,32.35614738741694,32.35614738741694,31.762628094880846,32.006282806396484,17855000
2009-08-17 00:00:00-04:00,31.050409210138245,31.087893087750867,30.86922919081814,30.975439071655273,23357700
2009-08-18 00:00:00-04:00,31.18160366765236,31.63142920908351,31.044156444824527,31.512723922729492,17125200
2009-08-19 00:00:00-04:00,31.131625057324147,31.900075451915896,31.112880737182646,31.781370162963867,18921900
2009-08-20 00:00:00-04:00,31.76887461273055,32.17496738742827,31.71264641905329,32.006282806396484,14815500
2009-08-21 00:00:00-04:00,32.48110610124573,32.81847295179714,32.456115258017334,32.706016540527344,20819300
2009-08-24 00:00:00-04:00,32.84345416857122,33.018385253381524,32.618541411953814,32.69976043701172,19589500
2009-08-25 00:00:00-04:00,33.04337343403713,33.262039655736054,32.93091706476502,33.02463150024414,20682000
2009-08-26 00:00:00-04:00,32.75598964009483,32.90592989364283,32.593551584950916,32.88718795776367,16828400
2009-08-27 00:00:00-04:00,32.85595919176492,33.274545090862716,32.5060945366062,33.13710021972656,18976000
2009-08-28 00:00:00-04:00,33.4369790054861,33.50570262408582,33.012144257103955,33.15583801269531,17008900
2009-08-31 00:00:00-04:00,32.76223540618458,32.96215732850131,32.668523345680846,32.91217803955078,18793900
2009-09-01 00:00:00-04:00,32.57480905794951,33.04337651248447,32.00628064177738,32.093746185302734,33136100
2009-09-02 00:00:00-04:00,31.918823347868546,32.249943672011,31.887585986144188,32.056270599365234,20632100
2009-09-03 00:00:00-04:00,32.3811401206687,32.39363315709935,32.01878009948164,32.30616760253906,14848800
2009-09-04 00:00:00-04:00,32.35614792320134,32.868448192629565,32.19995875854012,32.79972457885742,13312100
2009-09-08 00:00:00-04:00,33.518194130595184,33.54943148542301,33.28703246170301,33.44947052001953,17093100
2009-09-09 00:00:00-04:00,33.655645534301584,33.99301475207652,31.281570355372455,33.86181640625,21243900
2009-09-10 00:00:00-04:00,33.7993335745766,34.224168284256756,33.58066970191364,34.16169357299805,17004400
2009-09-11 00:00:00-04:00,34.28040523365622,34.37411970773847,33.993017675249135,34.11796951293945,16105400
2009-09-14 00:00:00-04:00,33.73686564625376,34.20543322467395,33.718123705759496,34.18669128417969,18704400
2009-09-15 00:00:00-04:00,34.018001024635254,34.29914200168332,33.78684172495464,34.19293212890625,24528200
2009-09-16 00:00:00-04:00,34.586527193529605,34.88016357036521,34.43658455467002,34.86766815185547,22163300
2009-09-17 00:00:00-04:00,34.61152005929484,34.9176494893265,34.49281476812304,34.642757415771484,20940900
2009-09-18 00:00:00-04:00,34.89265076976719,34.91139508602549,34.58027250904141,34.7364616394043,15180700
2009-09-21 00:00:00-04:00,34.14294472704887,34.44907408682817,34.04298377930871,34.367855072021484,17452700
2009-09-22 00:00:00-04:00,34.90514131610224,34.93637866116508,34.69897293208218,34.84266662597656,13731800
2009-09-23 00:00:00-04:00,34.98013110020948,35.18005306737176,34.474077280247435,34.54280090332031,22848100
2009-09-24 00:00:00-04:00,34.767705812105554,34.84892245432103,33.84306394500934,34.036739349365234,27611900
2009-09-25 00:00:00-04:00,33.961770943699676,34.26165384148255,33.81182830317953,33.89304733276367,22919400
2009-09-28 00:00:00-04:00,34.0117515004071,34.59277538124575,33.96801872514032,34.355369567871094,15643900
2009-09-29 00:00:00-04:00,34.26165300659127,34.392851324313455,33.99925398788953,34.14919662475586,16359800
2009-09-30 00:00:00-04:00,34.43033912127395,34.480318413629426,33.89304802472214,34.16169357299805,25290400
2009-10-01 00:00:00-04:00,33.94928409993575,33.97427494354418,33.23081283737056,33.2682991027832,22406000
2009-10-02 00:00:00-04:00,32.76848278275112,33.18082202625831,32.74973846491634,32.899681091308594,27674800
2009-10-05 00:00:00-04:00,32.918428190083894,33.49945208571115,32.86219999427295,33.3745002746582,15838800
2009-10-06 00:00:00-04:00,33.76185172828034,34.19293298166671,33.736860888973354,33.93678283691406,18768200
2009-10-07 00:00:00-04:00,33.918039500645214,34.067979763790014,33.799334210459946,34.06173324584961,20064200
2009-10-08 00:00:00-04:00,34.49906583836913,34.76771141082189,34.299143884440234,34.555294036865234,14926100
2009-10-09 00:00:00-04:00,34.43033153397788,34.517797063768576,34.286637823142165,34.46781539916992,9190200
2009-10-12 00:00:00-04:00,34.817697384060665,34.92390728303386,34.60527996937241,34.67400360107422,9631800
2009-10-13 00:00:00-04:00,34.655250102147996,34.69898287441809,34.36161373125672,34.599021911621094,11697400
2009-10-14 00:00:00-04:00,35.27376154427315,35.46743697284523,35.117572374434964,35.42995071411133,16624600
2009-10-15 00:00:00-04:00,35.25501898023717,35.59238815307617,35.21753272216921,35.59238815307617,16062400
2009-10-16 00:00:00-04:00,34.99887509647985,35.19879707539001,34.830190479913526,35.05510330200195,19457400
2009-10-19 00:00:00-04:00,35.392464035349605,35.729830804202926,35.236274877882494,35.617374420166016,16127900
2009-10-20 00:00:00-04:00,35.72358711604954,35.729833634209726,35.17380057090701,35.42995071411133,14700400
2009-10-21 00:00:00-04:00,35.35497773797834,35.89851533801215,35.27375870887895,35.31124496459961,19720200
2009-10-22 00:00:00-04:00,35.28625115997793,35.75481859242263,35.005110223859674,35.65485763549805,15890400
2009-10-23 00:00:00-04:00,35.56115409337054,35.56740299567547,34.92390428722781,35.092586517333984,19383000
2009-10-26 00:00:00-04:00,35.21752883418591,35.47992784517793,34.424087667107536,34.5615348815918,21031300
2009-10-27 00:00:00-04:00,34.630267352227726,34.7552191807161,34.23666992662962,34.286651611328125,23313000
2009-10-28 00:00:00-04:00,33.95552341692119,34.117961482663304,33.36825301623684,33.46196746826172,25441000
2009-10-29 00:00:00-04:00,34.08673890020456,34.567802021469014,33.81184432619142,34.4490966796875,21274300
2009-10-30 00:00:00-04:00,34.2241696147657,34.33662600600925,33.243301833675105,33.299530029296875,31478700
2009-11-02 00:00:00-05:00,33.59317136049237,34.0867297741863,33.243306715989476,33.62440872192383,25878000
2009-11-03 00:00:00-05:00,33.01837833049339,33.56191817277513,32.97464556846017,33.493194580078125,19567300
2009-11-04 00:00:00-05:00,33.93053500574682,34.15544540103382,33.72436416432849,33.83057403564453,24340600
2009-11-05 00:00:00-05:00,34.16169108152491,34.449078545567254,34.05548122022221,34.26789855957031,13490700
2009-11-06 00:00:00-05:00,34.03048836293407,34.417836737520055,33.95551586468621,34.367855072021484,12750300
2009-11-09 00:00:00-05:00,34.98637468368536,35.336239288494966,34.930146486184846,35.32999038696289,17554500
2009-11-10 00:00:00-05:00,34.967627964655144,35.23002459494293,34.91139977484243,35.14255905151367,19583800
2009-11-11 00:00:00-05:00,35.38621890333309,35.554903497354665,35.08008945671655,35.24877166748047,14746200
2009-11-12 00:00:00-05:00,35.11131698222943,35.29249694543206,34.6677404239805,34.7364616394043,18177000
2009-11-13 00:00:00-05:00,34.94263304012908,35.336230322766724,34.748957657155024,35.22377395629883,20592200
2009-11-16 00:00:00-05:00,35.52991020076597,35.99223117277499,35.51116826381205,35.78606033325195,18105000
2009-11-17 00:00:00-05:00,35.417459548621586,35.579897639388435,35.20504215679732,35.54866027832031,15367600
2009-11-18 00:00:00-05:00,35.57364786491068,35.59863870645553,35.23628103708658,35.43620300292969,12114400
2009-11-19 00:00:00-05:00,34.93014733431784,34.93014733431784,34.4928171635015,34.7677116394043,21816500
2009-11-20 00:00:00-05:00,34.34288012356563,34.60527682081681,34.31788928099183,34.574039459228516,15379300
2009-11-23 00:00:00-05:00,35.273763501358935,35.467438940676665,35.09258348231245,35.19254684448242,17112800
2009-11-24 00:00:00-05:00,35.11132429359552,35.19254332560874,34.78645054880016,35.04884719848633,23601500
2009-11-25 00:00:00-05:00,35.3424905879711,35.54241256540596,35.173805972649575,35.51742172241211,15283000
2009-11-27 00:00:00-05:00,34.061728124851854,34.748959391335255,34.011746455813054,34.4928092956543,14507600
2009-11-30 00:00:00-05:00,34.511550709669756,34.830175481585734,34.29913340064012,34.605262756347656,20857000
2009-12-01 00:00:00-05:00,35.28001283816022,35.66736133831433,35.21753573603358,35.55490493774414,17952200
2009-12-02 00:00:00-05:00,35.536159628557996,35.80480518408034,35.461187113116274,35.61112976074219,13034600
2009-12-03 00:00:00-05:00,35.81730091981075,36.004727443556135,35.42995006971172,35.529911041259766,15714100
2009-12-04 00:00:00-05:00,35.836036553295536,36.02346304407075,35.173793743748824,35.40495300292969,17862600
2009-12-07 00:00:00-05:00,35.18004347076674,35.50491717459907,35.148803735522385,35.211280822753906,13057600
2009-12-08 00:00:00-05:00,34.855172027741986,34.86141854524171,34.50530746632382,34.599021911621094,16547700
2009-12-09 00:00:00-05:00,34.517807776781936,34.67399695224249,34.186687487448026,34.555294036865234,16435300
2009-12-10 00:00:00-05:00,34.73647680081645,34.84893321442208,34.217929900975385,34.66150665283203,12430600
2009-12-11 00:00:00-05:00,34.76771118776595,34.82393938590131,34.567789235119676,34.64900588989258,22797300
2009-12-14 00:00:00-05:00,34.898908347934984,34.9988693208943,34.76146111639433,34.98637390136719,23188500
2009-12-15 00:00:00-05:00,34.5427937210942,34.80519035471482,34.51155636708089,34.599021911621094,16211400
2009-12-16 00:00:00-05:00,34.93014537583486,35.180048997506084,34.892659117606904,35.0051155090332,17313400
2009-12-17 00:00:00-05:00,34.37411443322583,34.44283805257316,34.09297343737662,34.18043899536133,20345600
2009-12-18 00:00:00-05:00,34.32413625354311,34.399108782255155,33.88055951665759,34.261661529541016,18769700
2009-12-21 00:00:00-05:00,34.33038068406008,34.536549153018065,34.292894424586976,34.36161804199219,15019700
2009-12-22 00:00:00-05:00,34.52931213179265,34.66170438803773,34.40952900542029,34.57974624633789,15589200
2009-12-23 00:00:00-05:00,34.76887964081791,34.89496612548828,34.61757249228972,34.89496612548828,10683500
2009-12-24 00:00:00-05:00,35.02736896903512,35.08410886237647,34.95801994329058,35.03367233276367,4979300
2009-12-28 00:00:00-05:00,35.21019052679732,35.21019052679732,35.071494899357745,35.184974670410156,11762300
2009-12-29 00:00:00-05:00,35.42454852840585,35.43085429756306,35.10932740904131,35.241722106933594,10648300
2009-12-30 00:00:00-05:00,34.9201909839196,35.09671401977539,34.83823282943827,35.09671401977539,12566200
2009-12-31 00:00:00-05:00,35.25432025734011,35.273235155263116,34.81301272156491,34.85083770751953,13893400
2010-01-04 00:00:00-05:00,35.569538604044794,35.89736875216285,35.56323524184535,35.764976501464844,18556900
2010-01-05 00:00:00-05:00,35.85324868554704,35.998250108797244,35.62628909960889,35.7965087890625,14352800
2010-01-06 00:00:00-05:00,35.73345691086892,35.99193806475179,35.72715114336568,35.94780731201172,11888100
2010-01-07 00:00:00-05:00,35.708241904096894,35.8343308112474,35.5380222401856,35.809112548828125,10906600
2010-01-08 00:00:00-05:00,35.87215401176373,36.13063515898264,35.77128337882332,36.09280776977539,12826500
2010-01-11 00:00:00-05:00,36.45846720925271,36.477379702364985,36.23150767212253,36.38911819458008,12387500
2010-01-12 00:00:00-05:00,36.00455327606301,36.17477295321621,35.68302641756937,35.96042251586914,19029700
2010-01-13 00:00:00-05:00,36.11172383898808,36.37651077977639,35.89737342213881,36.263031005859375,15446600
2010-01-14 00:00:00-05:00,36.2504253361192,36.565646425998494,36.2504253361192,36.540428161621094,13362600
2010-01-15 00:00:00-05:00,36.25672720933269,36.31977286768456,35.796504725620835,35.96672439575195,19281700
2010-01-19 00:00:00-05:00,35.85954835531232,36.36390156886503,35.83433009339823,36.31977081298828,17507700
2010-01-20 00:00:00-05:00,35.53801436986802,35.556929264966485,35.06518287647722,35.39301300048828,24510100
2010-01-21 00:00:00-05:00,35.32997376529423,35.41823526926694,34.40952893108509,34.6364860534668,22979100
2010-01-22 00:00:00-05:00,34.48519376193846,34.70584760157472,33.91149137393772,33.9619255065918,27432500
2010-01-25 00:00:00-05:00,34.58604918521481,34.661701553318444,34.28974066980291,34.37800216674805,20242700
2010-01-26 00:00:00-05:00,34.07539120088851,34.472570352711415,33.98712970158242,34.18256759643555,22135300
2010-01-27 00:00:00-05:00,33.96822564529764,34.17627031604586,33.65300455238828,34.14474868774414,27156000
2010-01-28 00:00:00-05:00,34.16366356679872,34.16996933586656,33.31887088267585,33.571048736572266,26142600
2010-01-29 00:00:00-05:00,33.61517715359409,33.810615096967645,32.99104073643798,33.08560562133789,28917200
2010-02-01 00:00:00-05:00,33.53952544980386,33.74126676097998,33.085606297184505,33.69083023071289,23123800
2010-02-02 00:00:00-05:00,33.93039576937563,34.33387835402935,33.823221759990815,34.251922607421875,19720200
2010-02-03 00:00:00-05:00,34.031260883995984,34.16995890178102,33.71603986535399,33.89256286621094,20225900
2010-02-04 00:00:00-05:00,33.24952042998871,33.28734542025652,32.492989360334846,32.51190185546875,32202200
2010-02-05 00:00:00-05:00,32.33538270455961,32.45516586303711,31.484284247126013,32.45516586303711,43046100
2010-02-08 00:00:00-05:00,32.13363775010236,32.436249699112324,31.805807537438405,31.812110900878906,19238000
2010-02-09 00:00:00-05:00,32.52451512284393,33.11082659600685,32.20929400415188,32.814517974853516,30811800
2010-02-10 00:00:00-05:00,32.63798982664637,32.75146960406907,32.28494136300396,32.606468200683594,23502500
2010-02-11 00:00:00-05:00,32.492981252237755,32.96581275216573,32.24710925706646,32.90907287597656,19397300
2010-02-12 00:00:00-05:00,32.34168580096133,32.688428545217164,32.184075244031746,32.62538528442383,18994900
2010-02-16 00:00:00-05:00,32.776689115751196,33.4197380057216,32.66320933400442,33.35039138793945,19592800
2010-02-17 00:00:00-05:00,33.50169763868129,33.58365579688087,33.255825569028666,33.39452362060547,19682000
2010-02-18 00:00:00-05:00,33.29364591246373,33.63408279565393,33.29364591246373,33.583648681640625,13747600
2010-02-19 00:00:00-05:00,33.117113996243496,33.45755321751077,33.02254914918822,33.37559509277344,16069000
2010-02-22 00:00:00-05:00,33.558435180668184,33.608871706778864,33.35669388611733,33.43865203857422,14422100
2010-02-23 00:00:00-05:00,33.287348599916044,33.438655790278304,32.8586476996602,32.965824127197266,18038800
2010-02-24 00:00:00-05:00,33.0162557296629,33.36930421021732,32.9279942107608,33.173866271972656,15789800
2010-02-25 00:00:00-05:00,32.5181979797724,32.97842032946011,32.448848978253864,32.97211456298828,18544400
2010-02-26 00:00:00-05:00,32.90277594680419,33.31886768230411,32.72625290899999,33.173866271972656,19714200
2010-03-01 00:00:00-05:00,33.249519948804966,33.49539200177139,33.161256027916814,33.43234634399414,14774400
2010-03-02 00:00:00-05:00,33.659302460902865,33.9114802563383,33.52060443291881,33.68452072143555,14135700
2010-03-03 00:00:00-05:00,33.9871230131918,34.30234396579233,33.93668891134712,34.08799362182617,15292400
2010-03-04 00:00:00-05:00,34.12583332283603,34.1888765741395,33.80430648832903,33.9997444152832,12645600
2010-03-05 00:00:00-05:00,34.23930998094343,34.71214153749604,34.176264330435686,34.661705017089844,18656300
2010-03-08 00:00:00-05:00,34.71214153749604,34.806706405839165,34.55453101864517,34.661705017089844,11336100
2010-03-09 00:00:00-05:00,34.340179993593175,34.743662529737556,34.32757086372046,34.57974624633789,15356500
2010-03-10 00:00:00-05:00,34.579731530653866,34.88864906870897,34.535600797352366,34.724735260009766,13641100
2010-03-11 00:00:00-05:00,34.70584004189961,34.89497220681172,34.5545352719483,34.857147216796875,13015300
2010-03-12 00:00:00-05:00,35.1345429007223,35.14715203309452,34.90758332791453,35.09041213989258,11743300
2010-03-15 00:00:00-04:00,34.800405072181235,34.8886665830922,34.579748889958005,34.84453582763672,10182300
2010-03-16 00:00:00-04:00,34.96431987782315,35.323671698758815,34.87605836460328,35.28584671020508,15718300
2010-03-17 00:00:00-04:00,35.418250937793815,35.62629565991612,35.374120166284634,35.47499084472656,17400500
2010-03-18 00:00:00-04:00,35.3551935391633,35.42454014886494,35.03997249436311,35.266929626464844,15899600
2010-03-19 00:00:00-04:00,34.9075813293457,35.248020669066136,34.74366742778362,34.9075813293457,17819700
2010-03-22 00:00:00-04:00,34.44735270848655,35.05257649018591,34.42213444967936,35.008445739746094,17473800
2010-03-23 00:00:00-04:00,35.02736111974429,35.31105811793118,34.89496646165211,35.25431823730469,15533000
2010-03-24 00:00:00-04:00,34.67431640625,34.80670867352323,34.5230092401193,34.67431640625,18234000
2010-03-25 00:00:00-04:00,34.95801505775415,35.09040732206619,34.61127238243635,34.65540313720703,18633000
2010-03-26 00:00:00-04:00,34.882360805499864,35.12823282743076,34.77518440328,34.9958381652832,23466200
2010-03-29 00:00:00-04:00,35.166067290804435,35.3299836195697,35.10302402893858,35.29215621948242,13605700
2010-03-30 00:00:00-04:00,35.405636014797985,35.50020331254304,35.12824229566343,35.29215621948242,16768000
2010-03-31 00:00:00-04:00,35.15976392659636,35.41824514816041,35.07780576221373,35.29215621948242,22702600
2010-04-01 00:00:00-04:00,35.651503327949456,35.928899414876724,35.63259083291204,35.916290283203125,20493900
2010-04-05 00:00:00-04:00,35.897365502756244,36.06128176445044,35.777582392245336,35.954105377197266,14434000
2010-04-06 00:00:00-04:00,35.582150675838214,35.90367748834533,35.54432568962258,35.853240966796875,15025700
2010-04-07 00:00:00-04:00,35.65781029602005,35.73346268366113,35.4686757194983,35.601070404052734,19574500
2010-04-08 00:00:00-04:00,35.21648980970789,35.59475404026377,35.14083744458578,35.563232421875,13853000
2010-04-09 00:00:00-04:00,35.67042184037888,36.07390447501207,35.65781270742832,36.0297737121582,17131200
2010-04-12 00:00:00-04:00,36.149556690387264,36.2504273485506,36.067598529083874,36.143253326416016,11992200
2010-04-13 00:00:00-04:00,36.181070051384175,36.21259167392891,35.84063075603143,36.11172103881836,9094000
2010-04-14 00:00:00-04:00,36.37020987455064,36.616084354208425,36.263035854269624,36.59086608886719,20763800
2010-04-15 00:00:00-04:00,36.370194002767924,36.62237173623876,36.33867238732035,36.56563186645508,13534200
2010-04-16 00:00:00-04:00,36.237813397614566,36.38281479913637,35.57584964112082,35.7586784362793,30341100
2010-04-19 00:00:00-04:00,35.35519300390937,35.68932653675638,35.23540746953351,35.66410827636719,19657000
2010-04-20 00:00:00-04:00,35.93520979093153,35.98564632746852,35.79651172040121,35.88477325439453,14039800
2010-04-21 00:00:00-04:00,35.73976603631351,35.80281169678351,35.468675708657635,35.65150451660156,15597400
2010-04-22 00:00:00-04:00,35.10300801170803,35.39301073187901,34.876048524636765,35.3299674987793,22128200
2010-04-23 00:00:00-04:00,35.18496742535707,35.613668159958614,35.07148767767165,35.59475326538086,18250100
2010-04-26 00:00:00-04:00,35.6956306802678,35.77758882585279,35.556935054984415,35.63258743286133,19670500
2010-04-27 00:00:00-04:00,35.11562230969239,35.35519095964639,34.11952272642534,34.201480865478516,39699100
2010-04-28 00:00:00-04:00,34.478884539542904,34.5419302052302,33.84213894825176,34.207794189453125,32895300
2010-04-29 00:00:00-04:00,34.5797551660109,34.81932388549678,34.49149363908091,34.73736572265625,21405900
2010-04-30 00:00:00-04:00,34.74996619743117,34.78779358738158,34.2140914003348,34.30235290527344,24817100
2010-05-03 00:00:00-04:00,34.36540041748515,34.668014764773496,34.302357164685205,34.5482292175293,22046300
2010-05-04 00:00:00-04:00,33.659303086148235,33.678215579426215,33.041470121295,33.18016815185547,42932500
2010-05-05 00:00:00-04:00,32.43624868920101,32.93429855860352,32.36689966878472,32.54342269897461,40791300
2010-05-06 00:00:00-04:00,32.32907271531653,32.53081401112615,29.794694981143937,31.093406677246094,64526400
2010-05-07 00:00:00-04:00,31.402326049000013,31.71754714098174,30.450357004445404,31.024059295654297,66179200
2010-05-10 00:00:00-04:00,33.06668168208867,33.31885702616518,32.7514606982841,33.035160064697266,63301700
2010-05-11 00:00:00-04:00,32.28494763061923,33.00995719324174,32.25342599853703,32.499298095703125,42343600
2010-05-12 00:00:00-04:00,32.77667534765094,33.06037227790276,32.719935480611575,32.86493682861328,27785600
2010-05-13 00:00:00-04:00,32.63167662934496,32.85863613251928,32.35428301710154,32.436241149902344,29675400
2010-05-14 00:00:00-04:00,32.039066149224325,32.102109394923396,31.238404423128735,31.51580047607422,40366200
2010-05-17 00:00:00-04:00,31.629279320282254,31.774283121090807,30.82861996159341,31.559932708740234,33131000
2010-05-18 00:00:00-04:00,31.862549541101117,31.919289435612225,30.721448287020454,30.879058837890625,39152500
2010-05-19 00:00:00-04:00,30.816006346166386,31.10600909568733,30.48187044307489,30.99883270263672,41441600
2010-05-20 00:00:00-04:00,30.0783907000004,30.43143912635985,29.61186491314769,29.920780181884766,50013100
2010-05-21 00:00:00-04:00,29.643385655957374,30.689919368985926,29.57403664525349,30.65209197998047,52184600
2010-05-24 00:00:00-04:00,30.2233985731778,30.462967285503158,29.927092370904347,29.94600486755371,26489400
2010-05-25 00:00:00-04:00,29.057085337350095,29.87665983604181,28.905778129078683,29.832529067993164,53441800
2010-05-26 00:00:00-04:00,29.864040201481938,30.122521354148272,29.321859636146296,29.39120864868164,42125600
2010-05-27 00:00:00-04:00,30.450354292821427,31.08079642064359,30.26752549856599,31.0618839263916,33506900
2010-05-28 00:00:00-04:00,30.910576433116866,30.98623121922251,30.33057083598192,30.462963104248047,39482100
2010-06-01 00:00:00-04:00,30.191874333581683,30.904274640120896,30.135134443592793,30.16035270690918,34753600
2010-06-02 00:00:00-04:00,30.299048578464806,30.986230572432632,30.12882892069893,30.967315673828125,25336300
2010-06-03 00:00:00-04:00,31.12492663976901,31.181666526491128,30.589051802351335,30.872751235961914,27019600
2010-06-04 00:00:00-04:00,30.109921276769796,30.273837611125312,29.41013238838642,29.555133819580078,36685200
2010-06-07 00:00:00-04:00,29.674910591157477,29.81991199111756,29.17686073589512,29.18316650390625,24384100
2010-06-08 00:00:00-04:00,29.347084378060817,29.687523748457075,29.082299804383403,29.649696350097656,33911600
2010-06-09 00:00:00-04:00,29.845130549725116,30.15404825180135,29.397517214322257,29.542518615722656,30395500
2010-06-10 00:00:00-04:00,30.41252439683591,30.816006908743272,30.311653768859067,30.790788650512695,30506000
2010-06-11 00:00:00-04:00,30.444053131096066,30.847535737286307,30.387313239291437,30.83492660522461,22459100
2010-06-14 00:00:00-04:00,31.288838495897927,31.477970623144856,30.973617482171218,31.030357360839844,29477200
2010-06-15 00:00:00-04:00,31.52210330903586,32.032762248422664,31.40862354472768,32.01384735107422,28365100
2010-06-16 00:00:00-04:00,31.61666918853952,31.988630087402772,31.54732017952248,31.86254119873047,21785900
2010-06-17 00:00:00-04:00,32.013847353251556,32.026456483169504,31.648192205413594,31.96341323852539,23402900
2010-06-18 00:00:00-04:00,31.919284469446474,32.05798009726987,31.80580469808002,31.906675338745117,20182700
2010-06-21 00:00:00-04:00,32.3984233600111,32.46146902120175,31.77428694637315,31.900373458862305,26081200
2010-06-22 00:00:00-04:00,31.97601874783263,32.108410989562,31.440141609252,31.49688148498535,29123900
2010-06-23 00:00:00-04:00,31.727172969014976,31.932443609040266,31.323047772913398,31.707929611206055,31159100
2010-06-24 00:00:00-04:00,31.496248169227446,31.541150976324595,31.066463459292027,31.156269073486328,24218700
2010-06-25 00:00:00-04:00,31.137014318789422,31.425676863800412,30.899668200103402,31.33586883544922,31883900
2010-06-28 00:00:00-04:00,31.27172377187246,31.502653815864655,31.034380091999882,31.104942321777344,23915000
2010-06-29 00:00:00-04:00,30.534030811475596,30.534030811475596,29.93746234754261,30.04010009765625,39759300
2010-06-30 00:00:00-04:00,30.08500519498728,30.392911127864554,29.81558597433289,29.834829330444336,40112000
2010-07-01 00:00:00-04:00,30.213301717307914,30.315937042598662,29.796346778885127,30.271034240722656,43453600
2010-07-02 00:00:00-04:00,30.450651860489614,30.572530560449774,30.001621336238227,30.206892013549805,24580500
2010-07-06 00:00:00-04:00,31.066459298441146,31.29738938802253,30.604599119278372,30.80986976623535,26225800
2010-07-07 00:00:00-04:00,30.99589031310512,31.81055908659546,30.963817240310096,31.772069931030273,31096500
2010-07-08 00:00:00-04:00,31.881135777216034,32.08640647264359,31.64379199444412,32.07999038696289,30704400
2010-07-09 00:00:00-04:00,31.791324833072085,32.12489026906943,31.740005944294353,32.112060546875,19807000
2010-07-12 00:00:00-04:00,31.84905701332311,32.0671573942197,31.759248958938056,31.99017906188965,19512900
2010-07-13 00:00:00-04:00,32.40071625612705,32.657305770534045,32.33657010103478,32.58032989501953,21027200
2010-07-14 00:00:00-04:00,32.439215005698145,32.727877682973485,32.34940938321686,32.695804595947266,17036100
2010-07-15 00:00:00-04:00,32.76636503680057,32.91390318654729,32.342991502284505,32.856170654296875,21741000
2010-07-16 00:00:00-04:00,32.46486820665106,32.47128184401421,31.759248192763962,31.804153442382812,29092500
2010-07-19 00:00:00-04:00,32.067158644932995,32.176207616124884,31.7400068373186,32.00942611694336,15344100
2010-07-20 00:00:00-04:00,31.521903804453963,32.27242660537957,31.50907408297447,32.22752380371094,17648600
2010-07-21 00:00:00-04:00,32.214694633689426,32.23393799272849,31.541147703091674,31.64378547668457,18248500
2010-07-22 00:00:00-04:00,32.40713725009754,32.82409221541119,32.40713725009754,32.7086296081543,25412400
2010-07-23 00:00:00-04:00,32.65731645448175,33.09993094226668,32.54826746574537,33.0935173034668,26349100
2010-07-26 00:00:00-04:00,32.9139062298816,33.33727735652448,32.83692788175033,33.32444763183594,29416900
2010-07-27 00:00:00-04:00,33.516883623613985,33.548956707055666,33.170488449597244,33.42066192626953,31043800
2010-07-28 00:00:00-04:00,33.330848920668856,33.43348423312822,33.14482165214286,33.247459411621094,18472800
2010-07-29 00:00:00-04:00,33.72856472235628,33.87610283905997,33.10633673045981,33.40141296386719,20313700
2010-07-30 00:00:00-04:00,33.010115929634466,33.51687889640536,32.971629213740364,33.29877853393555,25265700
2010-08-02 00:00:00-04:00,34.05571768857598,34.47908872668803,33.972325719048364,34.421356201171875,20257000
2010-08-03 00:00:00-04:00,34.26740691742986,34.48550732888758,34.10062540138319,34.37004470825195,18383000
2010-08-04 00:00:00-04:00,34.32513272543371,34.491916655819594,34.139107883568265,34.4021110534668,15891400
2010-08-05 00:00:00-04:00,34.27381426731767,34.37644958496094,34.09420307319669,34.37644958496094,13158500
2010-08-06 00:00:00-04:00,34.171185631152554,34.51116472850581,34.05572057034966,34.47909164428711,18078700
2010-08-09 00:00:00-04:00,34.568894566349,34.607383732625216,34.434186154911174,34.517578125,13579600
2010-08-10 00:00:00-04:00,33.921001728025416,34.402105184571276,33.728560834810814,34.241737365722656,20251800
2010-08-11 00:00:00-04:00,33.164071687002384,33.17048532427866,32.63164925336147,32.68296813964844,40518300
2010-08-12 00:00:00-04:00,32.40072939549414,32.74712464631048,32.394315756191595,32.64448928833008,22039000
2010-08-13 00:00:00-04:00,32.63164991503824,32.824090848478136,32.51618486557045,32.529014587402344,18869200
2010-08-16 00:00:00-04:00,32.53543178601384,32.91390002844806,32.445626177134415,32.79201889038086,16634800
2010-08-17 00:00:00-04:00,33.15765380859375,33.343681090789545,32.97162897341701,33.15765380859375,13630600
2010-08-18 00:00:00-04:00,33.24746657798814,33.36934527311074,33.01012037856395,33.14482879638672,14140600
2010-08-19 00:00:00-04:00,33.16407738631728,33.25388300573356,32.45845726072438,32.61241149902344,20836400
2010-08-20 00:00:00-04:00,32.26601433491418,32.342990225870366,32.07357338401399,32.272430419921875,16366900
2010-08-23 00:00:00-04:00,32.432791274666485,32.64447554078338,32.20186120470702,32.208274841308594,13331200
2010-08-24 00:00:00-04:00,31.772067245438933,31.983753912626376,31.534723590395334,31.765653610229492,21659600
2010-08-25 00:00:00-04:00,31.483425059699783,31.861890927598825,31.316641085250247,31.797744750976562,18816000
2010-08-26 00:00:00-04:00,31.977351149704806,32.163378459502376,31.688690951696852,31.784910202026367,16038800
2010-08-27 00:00:00-04:00,32.1569653437172,32.445627993431245,31.740007911128075,32.40713882446289,16814200
2010-08-30 00:00:00-04:00,32.19545086342166,32.33016172627081,31.9324476695076,31.93886375427246,17372300
2010-08-31 00:00:00-04:00,31.906783837769915,32.24676284691072,31.778489087163567,32.03507614135742,24164600
2010-09-01 00:00:00-04:00,32.81767789329321,33.29236782286419,32.7535317298195,33.176902770996094,25500500
2010-09-02 00:00:00-04:00,33.16407191497334,33.3629264831543,33.061436588713086,33.3629264831543,14665200
2010-09-03 00:00:00-04:00,33.63234442417708,33.77346890987914,33.45273322202471,33.670833587646484,16061700
2010-09-07 00:00:00-04:00,33.42066465051073,33.44632409816344,33.18332087727223,33.20256423950195,17975300
2010-09-08 00:00:00-04:00,33.42707913715763,33.70291206868244,33.40783577584829,33.45915222167969,13422600
2010-09-09 00:00:00-04:00,33.9979858543929,33.9979858543929,33.61310397447165,33.77347183227539,14184700
2010-09-10 00:00:00-04:00,33.786294404145586,33.90817552520177,33.741391605972986,33.876102447509766,10187700
2010-09-13 00:00:00-04:00,34.344378531623214,34.51757609917234,34.29305964626682,34.49191665649414,23197400
2010-09-14 00:00:00-04:00,34.37003443424649,34.85755155982311,34.26739667410522,34.722843170166016,20933000
2010-09-15 00:00:00-04:00,34.498333430638,34.77416634696266,34.34438165460803,34.735679626464844,19914900
2010-09-16 00:00:00-04:00,34.48551288174806,34.65871051111921,34.38929360788853,34.568904876708984,18005000
2010-09-17 00:00:00-04:00,34.562478899673685,34.62662505934878,34.20967012742236,34.4021110534668,18965300
2010-09-20 00:00:00-04:00,34.5817227301103,35.0628262752966,34.49191712653193,34.998680114746094,17245100
2010-09-21 00:00:00-04:00,35.00509351537252,35.26809668708247,34.6715280993225,34.99226379394531,24148000
2010-09-22 00:00:00-04:00,35.101327835447336,35.28735274554391,34.84473820859546,34.94095993041992,21603200
2010-09-23 00:00:00-04:00,34.54964739114122,34.90245614514236,34.48549878776528,34.562477111816406,20424200
2010-09-24 00:00:00-04:00,35.23602230213151,35.58883106374724,35.21036286022733,35.52468490600586,21041700
2010-09-27 00:00:00-04:00,35.51186530221978,35.54393839022794,35.313008241337535,35.3450813293457,13161000
2010-09-28 00:00:00-04:00,35.4220502419538,35.63373452403916,35.049995668504394,35.55034255981445,30726600
2010-09-29 00:00:00-04:00,35.556764730702206,35.67864343234127,35.37715349733526,35.492618560791016,18717500
2010-09-30 00:00:00-04:00,35.672223441852886,35.800518205848796,35.04358178999395,35.22960662841797,30372500
2010-10-01 00:00:00-04:00,35.588837801999205,35.659400057086145,35.293761505289744,35.58242416381836,15814900
2010-10-04 00:00:00-04:00,35.2745098340948,35.41563186400497,34.934528362130905,35.069236755371094,14760400
2010-10-05 00:00:00-04:00,35.69788006620606,36.1661538378612,35.62731782922726,36.06351852416992,25199800
2010-10-06 00:00:00-04:00,36.223891077221964,36.377842844319964,36.14691274665375,36.365013122558594,24251900
2010-10-07 00:00:00-04:00,36.63443534033459,36.64084897822298,36.05069641171531,36.24313735961914,22281600
2010-10-08 00:00:00-04:00,36.32011613163962,36.54463262786061,36.19823742593311,36.48048400878906,16558500
2010-10-11 00:00:00-04:00,36.54462881009751,36.583115530500166,36.30728261485742,36.435577392578125,9960700
2010-10-12 00:00:00-04:00,36.153329955924775,36.4548223091496,35.89032676918161,36.35860061645508,13383900
2010-10-13 00:00:00-04:00,36.69857609471941,36.96157925570286,36.615186579372285,36.76913833618164,15517400
2010-10-14 00:00:00-04:00,37.0321514011089,37.160446197440784,36.80763734279288,37.02573776245117,16135400
2010-10-15 00:00:00-04:00,37.134772984422476,37.16043242358189,36.640839792188444,36.90384292602539,20830900
2010-10-18 00:00:00-04:00,36.83328562907242,37.147607683360704,36.72423666855593,36.987239837646484,12315200
2010-10-19 00:00:00-04:00,36.33936086191125,36.57028854265345,35.99296567026865,36.172576904296875,20471000
2010-10-20 00:00:00-04:00,36.3906787881982,36.99366113196583,36.365019340288185,36.8525390625,15578900
2010-10-21 00:00:00-04:00,36.884620527744744,37.12196435727937,36.44200596233908,36.653690338134766,14836300
2010-10-22 00:00:00-04:00,36.82687670850719,36.88460923823912,36.64084939636879,36.749900817871094,12456000
2010-10-25 00:00:00-04:00,37.13477004309317,37.269478417482034,36.87176693008788,36.89101028442383,13979000
2010-10-26 00:00:00-04:00,36.493322422796744,36.69217951874316,36.40351678173069,36.653690338134766,14724600
2010-10-27 00:00:00-04:00,36.326516980811725,36.41632256282558,35.96729220573773,36.30085754394531,15964500
2010-10-28 00:00:00-04:00,36.67933249195381,36.6921622127721,36.38425625419031,36.58311080932617,15896800
2010-10-29 00:00:00-04:00,36.5253753719564,36.653670122873635,36.416326424239,36.57027816772461,13268100
2010-11-01 00:00:00-04:00,36.628018335649514,36.756313113370226,36.24313644950674,36.435577392578125,14155000
2010-11-02 00:00:00-04:00,37.00006979581623,37.109118757030835,36.90384810896405,37.03855895996094,13020600
2010-11-03 00:00:00-04:00,37.08987628914252,37.29514694213867,36.67291889879579,37.29514694213867,24589500
2010-11-04 00:00:00-04:00,37.96868630118978,38.17395692648381,37.92378350484539,38.141883850097656,19768900
2010-11-05 00:00:00-04:00,37.943032206808276,38.12264340590656,37.782664365607936,37.97510528564453,14176200
2010-11-08 00:00:00-05:00,37.68004022466272,37.821162302816504,37.51967233588176,37.74418640136719,11752500
2010-11-09 00:00:00-05:00,37.975113443736,38.07133270091529,37.23742023693016,37.36571502685547,17333500
2010-11-10 00:00:00-05:00,37.494003954235616,37.57097983734705,36.98082732179403,37.47475814819336,19340700
2010-11-11 00:00:00-05:00,37.102698158523374,37.211747099277865,36.94233034187122,37.154014587402344,21357400
2010-11-12 00:00:00-05:00,37.0449644500623,37.24382141721444,36.647252962776626,36.846107482910156,19040600
2010-11-15 00:00:00-05:00,37.09629418544595,37.16044035000823,36.81404518852553,36.82046127319336,15067500
2010-11-16 00:00:00-05:00,36.49971213033484,36.56385827130168,35.794092344607435,35.95446014404297,40455500
2010-11-17 00:00:00-05:00,36.146915671682315,36.35218634243641,36.06352614401431,36.1533317565918,22315000
2010-11-18 00:00:00-05:00,36.91667581250442,37.09628945500966,36.88460273431317,37.05780029296875,19343000
2010-11-19 00:00:00-05:00,36.76272405837881,37.077043650479695,36.58311041587357,37.05780029296875,14201100
2010-11-22 00:00:00-05:00,36.62801587260871,36.82045924975864,36.23672037505116,36.660091400146484,28197600
2010-11-23 00:00:00-05:00,35.83900156263629,35.96729631460603,35.46694947364481,35.55675506591797,22439100
2010-11-24 00:00:00-05:00,35.89674130905816,36.13408750446546,35.88391158657511,36.12125778198242,18834800
2010-11-26 00:00:00-05:00,35.518272399902344,35.71712942416271,35.45412623569929,35.518272399902344,8691400
2010-11-29 00:00:00-05:00,35.1333943474831,35.287346137147054,34.78699915020983,35.203956604003906,25857100
2010-11-30 00:00:00-05:00,34.56248269066982,34.985853753212815,34.543236883041,34.80624008178711,26227300
2010-12-01 00:00:00-05:00,35.492615619761544,35.81976497443122,35.42205337049453,35.794105529785156,21834400
2010-12-02 00:00:00-05:00,35.72353359706625,36.49971568158713,35.69146052346227,36.474056243896484,22405800
2010-12-03 00:00:00-05:00,36.49972821565997,36.85895067861208,36.46765268402253,36.82687759399414,17799200
2010-12-06 00:00:00-05:00,36.499723550534334,36.73065119847971,36.44199102679319,36.660091400146484,15412000
2010-12-07 00:00:00-05:00,37.14761426131212,37.19251707030178,36.64085119183502,36.67934036254883,24787900
2010-12-08 00:00:00-05:00,36.7178198786299,36.923090507756946,36.49971952930505,36.78837966918945,13426500
2010-12-09 00:00:00-05:00,36.897435129325046,36.935924294155654,36.62160223225364,36.884605407714844,14969800
2010-12-10 00:00:00-05:00,36.858954698016944,37.00649286096384,36.70500289625486,36.9680061340332,13417000
2010-12-13 00:00:00-05:00,37.26307968431914,37.564572073590675,37.198933512866276,37.36571502685547,15149500
2010-12-14 00:00:00-05:00,37.43627256265273,37.66078658144432,37.346466955136094,37.42344284057617,16046600
2010-12-15 00:00:00-05:00,37.17327954541053,37.32723135840018,36.833297934936816,36.92951965332031,19335800
2010-12-16 00:00:00-05:00,36.94874598966458,37.19250576941352,36.82686732329952,37.13477325439453,15424700
2010-12-17 00:00:00-05:00,36.92310601403739,36.955179104491904,36.7306625772704,36.92951965332031,16830000
2010-12-20 00:00:00-05:00,37.109109076793956,37.115525159320626,36.852522057153024,37.01288986206055,12685600
2010-12-21 00:00:00-05:00,37.32888324001505,37.37420865832848,37.24470640455439,37.32240676879883,18172500
2010-12-22 00:00:00-05:00,37.3288772852151,37.400101166881484,37.2641249336325,37.39362716674805,9188800
2010-12-23 00:00:00-05:00,37.27707543583932,37.40010119887703,37.26412496551172,37.374202728271484,10404000
2010-12-27 00:00:00-05:00,37.15406612188624,37.309466894518145,37.08931374158066,37.29651641845703,6348600
2010-12-28 00:00:00-05:00,37.49723916151861,37.503713163499825,37.2447110933952,37.328887939453125,9601200
2010-12-29 00:00:00-05:00,37.56198798090525,37.74329214181791,37.51666255818966,37.65264129638672,9244900
2010-12-30 00:00:00-05:00,37.57493768168657,37.60731510014628,37.32888609773433,37.471336364746094,10546300
2010-12-31 00:00:00-05:00,37.4713303572692,37.9569619157047,37.45837988597161,37.697959899902344,28390800
2011-01-03 00:00:00-05:00,37.95050171140863,38.11885295937921,37.91812675642014,38.0087776184082,16245400
2011-01-04 00:00:00-05:00,38.170652399171736,38.19007687690067,37.70444517327266,37.8922233581543,14583100
2011-01-05 00:00:00-05:00,37.33535827684793,37.73033905029297,37.32888427550216,37.73033905029297,13008800
2011-01-06 00:00:00-05:00,37.75624967344905,37.78214815552054,37.21234202913589,37.29651641845703,23622100
2011-01-07 00:00:00-05:00,37.35479715557136,37.44545049972039,36.953342225972804,37.1475944519043,16347400
2011-01-10 00:00:00-05:00,36.88857637967082,37.128153939206975,36.72669918294775,37.082828521728516,12666500
2011-01-11 00:00:00-05:00,37.30945672095607,37.40010755861442,37.14110551816915,37.335357666015625,15014100
2011-01-12 00:00:00-05:00,37.78214701537121,38.1577033996582,37.717397107070326,38.1577033996582,20472100
2011-01-13 00:00:00-05:00,38.42317251956731,38.533247830598654,38.20301942745455,38.261295318603516,16441100
2011-01-14 00:00:00-05:00,38.15121866856274,38.533248972965055,38.12532019287879,38.49440002441406,21884200
2011-01-18 00:00:00-05:00,38.66275232770398,38.81815553646416,38.61095290481738,38.74692916870117,11977100
2011-01-19 00:00:00-05:00,38.86996113514387,38.8958620857275,38.37137895163666,38.4814567565918,19678600
2011-01-20 00:00:00-05:00,38.13827422497863,38.30015144584858,37.84041826133966,38.151222229003906,17207900
2011-01-21 00:00:00-05:00,38.47497828655279,38.55268113426987,38.2548276281725,38.358428955078125,13671500
2011-01-24 00:00:00-05:00,38.293676217982956,38.766357421875,38.293676217982956,38.766357421875,13494000
2011-01-25 00:00:00-05:00,38.45555605133021,38.69513367063065,38.33253024034903,38.68865966796875,13323300
2011-01-26 00:00:00-05:00,38.86995146655185,39.00593018826699,38.75339968796744,38.9347038269043,20444700
2011-01-27 00:00:00-05:00,38.97355440227718,39.11600713095752,38.8116771997041,39.02535629272461,11889000
2011-01-28 00:00:00-05:00,38.7922618871994,38.90233969537171,38.08000301568701,38.1577033996582,18244200
2011-01-31 00:00:00-05:00,38.468498194627934,38.64979987049974,38.37784735669202,38.48792266845703,20763600
2011-02-01 00:00:00-05:00,38.980033960534946,39.478616080350015,38.92823206598519,39.40091323852539,25762500
2011-02-02 00:00:00-05:00,39.31673466916322,39.47861186728059,39.25198230788626,39.368534088134766,17063200
2011-02-03 00:00:00-05:00,39.180753030068146,39.39443210130724,38.8958500717992,39.37500762939453,11593300
2011-02-04 00:00:00-05:00,39.245516372068636,39.37501865118635,38.99946228875004,39.36206817626953,12648400
2011-02-07 00:00:00-05:00,39.277893308746705,39.53689788006765,39.25846883041537,39.4850959777832,13215000
2011-02-08 00:00:00-05:00,39.52393414846835,39.75703769046591,39.387957905653046,39.74408721923828,14437700
2011-02-09 00:00:00-05:00,39.517466607791455,39.70524477795043,39.41386528460899,39.62754440307617,17360700
2011-02-10 00:00:00-05:00,39.0836311086662,39.381484560390156,38.96707932841769,39.368534088134766,13190600
2011-02-11 00:00:00-05:00,39.0188800448819,39.45271223468866,39.01240604356393,39.387962341308594,12115100
2011-02-14 00:00:00-05:00,39.30378670147937,39.51746333218449,39.264935282237445,39.46566390991211,9851200
2011-02-15 00:00:00-05:00,39.42681383543933,39.4656652560064,39.258462619749245,39.34911346435547,14695100
2011-02-16 00:00:00-05:00,39.49803440745284,39.860640202706435,39.459182992588204,39.8217887878418,14665300
2011-02-17 00:00:00-05:00,39.73114039441428,40.05489479466857,39.711715920815045,39.957767486572266,15745900
2011-02-18 00:00:00-05:00,39.95130352243135,40.132605241706514,39.867126665603315,40.093753814697266,10151400
2011-02-22 00:00:00-05:00,39.258454801916834,39.55630822346642,38.90879949659354,38.94765090942383,24077500
2011-02-23 00:00:00-05:00,39.122476453618724,39.25845516475661,38.76634714455712,38.99945068359375,18757300
2011-02-24 00:00:00-05:00,39.077159071693686,39.187236863330305,38.72102968943461,39.03183364868164,17689600
2011-02-25 00:00:00-05:00,39.29731441126992,39.52394400921996,39.271415932403144,39.498043060302734,15585300
2011-02-28 00:00:00-05:00,39.8994933586667,40.016045145512045,39.666389784976026,39.85416793823242,19750700
2011-03-01 00:00:00-05:00,39.99014412372767,40.01604506965534,39.271411399610756,39.29730987548828,20476500
2011-03-02 00:00:00-05:00,39.37501299639599,39.69229094111588,39.329687575721714,39.504512786865234,17851200
2011-03-03 00:00:00-05:00,39.841221195574875,40.02252536433765,39.67286997106343,40.00957489013672,16087800
2011-03-04 00:00:00-05:00,39.867125797741934,39.94482618001832,39.38149408592596,39.64697265625,18174100
2011-03-07 00:00:00-05:00,39.815310783752196,39.905961605938465,39.161325617894704,39.26492691040039,16467500
2011-03-08 00:00:00-05:00,39.20018419243626,39.51746212806872,38.98650509819186,39.387962341308594,13435000
2011-03-09 00:00:00-05:00,39.39443923673181,39.491566553987454,39.22608801954569,39.40091323852539,13058500
2011-03-10 00:00:00-05:00,38.68218802434494,38.68866202740166,38.36490753344851,38.42318344116211,24970100
2011-03-11 00:00:00-05:00,38.099428947208956,38.52031077736836,38.099428947208956,38.42318344116211,17713200
2011-03-14 00:00:00-04:00,37.47133029084996,37.76918619006698,37.32240357626637,37.73680877685547,31231300
2011-03-15 00:00:00-04:00,35.742490544609964,37.15406009566159,35.645363224930584,36.94685745239258,43537200
2011-03-16 00:00:00-04:00,36.69432254286889,36.81735079580986,35.030225122999326,35.80076217651367,40797800
2011-03-17 00:00:00-04:00,37.05045958437487,37.199386333103575,36.75908008901419,36.992183685302734,30662400
2011-03-18 00:00:00-04:00,37.54903577343329,37.620259665404994,37.32888268629799,37.50370788574219,44500400
2011-03-21 00:00:00-04:00,38.18359776786456,38.487925248471214,38.09294692385193,38.429649353027344,24131500
2011-03-22 00:00:00-04:00,38.40375311064436,38.43612806109679,38.1317980927331,38.319576263427734,16722000
2011-03-23 00:00:00-04:00,38.08647347049039,38.46850382199856,37.937546719231335,38.36490249633789,17400800
2011-03-24 00:00:00-04:00,38.533252935033936,38.876434326171875,38.423177609421096,38.876434326171875,14473700
2011-03-25 00:00:00-04:00,38.57857604738624,38.75987772359145,38.43612331891067,38.449073791503906,12687500
2011-03-28 00:00:00-04:00,38.55915161735263,38.68217987998427,38.40375087620248,38.429649353027344,11879900
2011-03-29 00:00:00-04:00,38.33252902383435,38.63685654029825,38.19007626928707,38.6303825378418,14375800
2011-03-30 00:00:00-04:00,38.90880148703082,39.13542856500987,38.824624656617225,39.09010314941406,13689000
2011-03-31 00:00:00-04:00,38.850530413066686,39.03830856954189,38.74692909743385,38.9023323059082,21688400
2011-04-01 00:00:00-04:00,38.97355595392096,39.32321131821157,38.798728271775644,39.27141189575195,15132800
2011-04-04 00:00:00-04:00,39.38148374414099,39.40738468811494,39.16780713148089,39.32320785522461,19410800
2011-04-05 00:00:00-04:00,38.9865056200186,39.34911144993063,38.95413067289523,39.2260856628418,14536800
2011-04-06 00:00:00-04:00,39.38796941659155,39.60164607916871,39.36854246904778,39.54984664916992,14204000
2011-04-07 00:00:00-04:00,39.4527066726479,39.582208911200915,39.12895231129024,39.3555793762207,16050000
2011-04-08 00:00:00-04:00,39.82179309574641,39.88006898932268,39.56926504693263,39.67934036254883,12447100
2011-04-11 00:00:00-04:00,39.78294047066416,39.89301825299353,39.517461956875806,39.60163879394531,10165800
2011-04-12 00:00:00-04:00,39.42032585441842,39.46565126064818,39.11599600969056,39.232547760009766,14527800
2011-04-13 00:00:00-04:00,39.6599174187412,39.68581836578591,39.245512146226886,39.34911346435547,14659800
2011-04-14 00:00:00-04:00,39.226083774068556,39.58868711647076,39.1160059950893,39.5239372253418,15109800
2011-04-15 00:00:00-04:00,39.39443754299368,39.53689027683054,39.239034336076166,39.46566390991211,14660500
2011-04-18 00:00:00-04:00,38.59800081079915,38.733977068973104,38.222444512928114,38.65627670288086,20667200
2011-04-19 00:00:00-04:00,38.86348081379417,38.99945707717425,38.74045502360031,38.94118118286133,11675700
2011-04-20 00:00:00-04:00,39.847695134955586,39.97072092696934,39.7764687664028,39.93186950683594,16665900
2011-04-21 00:00:00-04:00,40.22324332154837,40.25561826541119,40.05489213143177,40.19086837768555,12811800
2011-04-25 00:00:00-04:00,40.23619379310347,40.26856873696629,40.03546765912406,40.19086837768555,11593100
2011-04-26 00:00:00-04:00,40.29447962557042,40.57290865760238,40.216779247111646,40.50168228149414,11400000
2011-04-27 00:00:00-04:00,40.6376544375316,41.045585705632966,40.37217590719108,41.006736755371094,16032300
2011-04-28 00:00:00-04:00,40.980828821285286,41.30458319186889,40.97435235064571,41.28515625,19808900
2011-04-29 00:00:00-04:00,41.304590975711264,41.48589266698841,41.090911865234375,41.090911865234375,17700000
2011-05-02 00:00:00-04:00,41.52475079092958,41.66720356271589,41.29812362677031,41.35639953613281,18704300
2011-05-03 00:00:00-04:00,41.21393463227775,41.3304864097084,40.83190435515506,41.01968002319336,14222300
2011-05-04 00:00:00-04:00,41.07147959924131,41.07795359982308,40.52757215852893,40.67002487182617,18561500
2011-05-05 00:00:00-04:00,40.21677804786009,40.32685337489006,39.70524542565505,39.867122650146484,25543500
2011-05-06 00:00:00-04:00,40.42397679294947,40.56642952715819,39.666390171080565,39.88654327392578,24517800
2011-05-09 00:00:00-04:00,39.89949276529482,40.20382270087067,39.73114155904975,40.17144775390625,17228200
2011-05-10 00:00:00-04:00,40.307424196825956,40.572902715223925,40.22324735829485,40.5534782409668,15708200
2011-05-11 00:00:00-04:00,40.33980866669615,40.385134097362545,39.582224351228575,39.73762512207031,33177300
2011-05-12 00:00:00-04:00,39.61459457514792,40.054900823368655,39.368540502306814,39.867122650146484,22162200
2011-05-13 00:00:00-04:00,39.789429213362,39.81533016660991,39.03184238619119,39.245521545410156,20874000
2011-05-16 00:00:00-04:00,39.14191093979873,39.601641635928104,39.05126009493381,39.174285888671875,19340700
2011-05-17 00:00:00-04:00,38.967081531440606,39.27788547299141,38.785779849715176,39.258460998535156,18296900
2011-05-18 00:00:00-04:00,39.21314003236461,39.614594860379796,39.12248671115434,39.498043060302734,12848200
2011-05-19 00:00:00-04:00,39.614591277591785,39.769992016939625,39.37501369690125,39.724666595458984,10888100
2011-05-20 00:00:00-04:00,39.452718311342196,39.49804373769945,39.01241205239987,39.161338806152344,18552000
2011-05-23 00:00:00-04:00,38.25482177734375,38.41669898025387,38.086468103089175,38.25482177734375,20519400
2011-05-24 00:00:00-04:00,38.5721029037411,38.701605170795794,38.358426262643604,38.4749755859375,17309500
2011-05-25 00:00:00-04:00,38.358424011851596,38.82462868782217,38.33252306595041,38.72102737426758,15848600
2011-05-26 00:00:00-04:00,38.88937747188125,39.180754441265854,38.66274792118775,39.0836296081543,18511100
2011-05-27 00:00:00-04:00,39.29083372465243,39.49156233953598,39.23255783452818,39.368534088134766,17160100
2011-05-31 00:00:00-04:00,40.02252524387138,40.18440246582031,39.78942164905686,40.18440246582031,33441600
2011-06-01 00:00:00-04:00,39.96423319922493,40.009558605454686,39.18722235378001,39.232547760009766,25264400
2011-06-02 00:00:00-04:00,39.42033810126554,39.51098894188786,39.00593284696343,39.43328857421875,19489600
2011-06-03 00:00:00-04:00,39.03183506127686,39.67934395065465,39.01888458708326,39.45271682739258,21376300
2011-06-06 00:00:00-04:00,39.35558644461978,39.38796386261045,38.915280236488876,38.94118118286133,16339800
2011-06-07 00:00:00-04:00,39.43328860658352,39.58868934204927,39.2778854010676,39.29730987548828,23850300
2011-06-08 00:00:00-04:00,39.005926837951456,39.13542660743332,38.73397188793005,38.7922477722168,18499300
2011-06-09 00:00:00-04:00,38.92175021635267,39.29082999542565,38.83109938921892,39.193702697753906,14991000
2011-06-10 00:00:00-04:00,38.85053296409972,38.863483438160465,38.170649131238044,38.287200927734375,23965600
2011-06-13 00:00:00-04:00,38.42964479074253,38.57857398256871,38.13179134719005,38.3454704284668,26144800
2011-06-14 00:00:00-04:00,38.895854036656125,39.13543160485027,38.86347909015153,39.02535629272461,16389900
2011-06-15 00:00:00-04:00,38.254814778537195,38.40374148156201,37.65263149627836,37.743282318115234,26678400
2011-06-16 00:00:00-04:00,37.56845937345152,37.82098740016782,37.29003040295663,37.61378479003906,21331500
2011-06-17 00:00:00-04:00,38.125324757821296,38.17712418544155,37.88574468617003,37.982872009277344,22489900
2011-06-20 00:00:00-04:00,37.71091107018872,38.04113944922387,37.71091107018872,37.937538146972656,16304000
2011-06-21 00:00:00-04:00,38.30662337796377,38.779304540956645,38.26129795617337,38.75988006591797,17407400
2011-06-22 00:00:00-04:00,38.56251112399421,38.793544461533,38.36448434756602,38.3842887878418,20975200
2011-06-23 00:00:00-04:00,37.66478745086563,38.074043101534684,37.42715432530071,38.05424118041992,22617400
2011-06-24 00:00:00-04:00,38.074038883677574,38.08724100230719,37.63177672274864,37.691184997558594,18681900
2011-06-27 00:00:00-04:00,37.66478906258081,38.10044897207651,37.58557633863828,38.001434326171875,16916400
2011-06-28 00:00:00-04:00,38.16646619513844,38.489911933558915,38.12026002079946,38.456905364990234,20936100
2011-06-29 00:00:00-04:00,38.87936662845618,39.163206001667945,38.65493555470846,39.13019943237305,28707600
2011-06-30 00:00:00-04:00,39.32160915934392,39.82327958261434,39.2622008860105,39.69786071777344,30800700
2011-07-01 00:00:00-04:00,39.638465213210104,40.173139845446116,39.52625094856962,40.1335334777832,17093200
2011-07-05 00:00:00-04:00,39.961899876755325,40.08071642886038,39.790274849027256,39.89588928222656,17598300
2011-07-06 00:00:00-04:00,39.5592527748559,39.704473596752344,39.367825785637365,39.64506530761719,12980200
2011-07-07 00:00:00-04:00,39.87611021039566,40.07413707135042,39.81670190030441,39.98832702636719,15687200
2011-07-08 00:00:00-04:00,39.55264994145927,39.70447308131494,39.275412941125765,39.49324417114258,17211100
2011-07-11 00:00:00-04:00,38.62190878709624,38.7209234071033,38.22585534316077,38.298465728759766,25138000
2011-07-12 00:00:00-04:00,38.06744405228602,38.47670225615544,37.994836162612884,38.04104232788086,17446900
2011-07-13 00:00:00-04:00,38.470101666682126,38.99817646728957,38.3842916519236,38.60872268676758,22333600
2011-07-14 00:00:00-04:00,38.8133461998059,38.892556406392345,38.1862593123828,38.272071838378906,24454000
2011-07-15 00:00:00-04:00,38.46349916634577,38.608719978129415,38.21266390545959,38.404090881347656,20163000
2011-07-18 00:00:00-04:00,37.91562837147761,38.02784515748583,37.52617455776815,37.83641815185547,23639200
2011-07-19 00:00:00-04:00,38.159857939931875,38.49650320955649,38.159857939931875,38.404090881347656,20782400
2011-07-20 00:00:00-04:00,38.74734003571255,38.9123627764796,38.54271093066441,38.859554290771484,15577400
2011-07-21 00:00:00-04:00,39.255600542883116,39.7506686411315,39.18958995228873,39.68465805053711,26791900
2011-07-22 00:00:00-04:00,39.7110677470092,39.770476027689455,39.42722846354211,39.72426986694336,11854600
2011-07-25 00:00:00-04:00,39.47343826293945,39.65166312140892,39.387625734480714,39.47343826293945,15580200
2011-07-26 00:00:00-04:00,39.684666772363464,39.849689508047994,39.50644191565851,39.7110710144043,14454200
2011-07-27 00:00:00-04:00,39.45363442123345,39.46683654174244,38.67472693753271,38.747337341308594,29604200
2011-07-28 00:00:00-04:00,38.687926525439984,39.05097600250634,38.61531612641735,38.65492248535156,17540500
2011-07-29 00:00:00-04:00,38.58891783833651,39.103790511697945,38.43049741426164,38.75394058227539,28563800
2011-08-01 00:00:00-04:00,39.18960993327304,39.20941437957202,37.95524021734496,38.26548385620117,26159000
2011-08-02 00:00:00-04:00,37.829812235107234,38.15985770124413,37.248931509653126,37.255531311035156,25546200
2011-08-03 00:00:00-04:00,37.4931753410314,37.5525836429156,36.826484413706815,37.47337341308594,36176300
2011-08-04 00:00:00-04:00,36.232381550077164,36.31159173652272,34.81318792155589,34.85939407348633,39911200
2011-08-05 00:00:00-04:00,35.65151183402622,35.783530530348,34.179509287449314,35.473289489746094,61793400
2011-08-08 00:00:00-04:00,34.13991060156964,34.59537252877511,32.760320178473215,32.82632827758789,53894700
2011-08-09 00:00:00-04:00,34.11349985403898,35.037628173828125,33.12996324914844,35.037628173828125,55660900
2011-08-10 00:00:00-04:00,34.08049813439363,34.113502179911954,32.89893467128795,32.94514083862305,43347500
2011-08-11 00:00:00-04:00,33.11016415956125,34.773593766669386,33.057358189423866,34.52275848388672,35724500
2011-08-12 00:00:00-04:00,34.88580904768817,35.189452827539604,34.45675139984697,34.91881561279297,26243500
2011-08-15 00:00:00-04:00,35.34127434109614,35.73732795177143,35.33467202069133,35.73072814941406,20913700
2011-08-16 00:00:00-04:00,35.11024055797479,35.61851094714261,34.84620565997096,35.20925521850586,23238300
2011-08-17 00:00:00-04:00,35.54589173714907,35.84293312720162,35.20264670647368,35.413875579833984,20680200
2011-08-18 00:00:00-04:00,34.12669220298064,34.20590238775212,33.39399106921697,33.69103240966797,32657800
2011-08-19 00:00:00-04:00,33.294985104505095,34.12009875465879,33.07055409094141,33.11676025390625,29395100
2011-08-22 00:00:00-04:00,34.13990691844009,34.16630864440911,33.30159105627665,33.32799530029297,23408300
2011-08-23 00:00:00-04:00,33.72404634995545,34.443545577936376,33.506215130287806,34.41054153442383,24830200
2011-08-24 00:00:00-04:00,34.13331013585146,34.62177865720834,33.941883112748926,34.42375183105469,18042600
2011-08-25 00:00:00-04:00,34.33793698343751,34.476555500656794,33.48641891815184,33.59203338623047,18597700
2011-08-26 00:00:00-04:00,33.479811645788516,34.23231487771203,33.110159830963376,34.12009811401367,26600900
2011-08-29 00:00:00-04:00,34.61517108791499,34.95181890757814,34.601968965766694,34.93201446533203,18267000
2011-08-30 00:00:00-04:00,34.542558013644424,34.885803065842424,34.27852064636463,34.72738265991211,16811400
2011-08-31 00:00:00-04:00,35.28186233010388,35.57890376583534,35.130041711407166,35.3610725402832,29114100
2011-09-01 00:00:00-04:00,35.1894486052381,35.512891752857925,34.925411224365234,34.925411224365234,21110800
2011-09-02 00:00:00-04:00,34.29172808953437,34.502957008927844,34.07389685000821,34.146507263183594,23310400
2011-09-06 00:00:00-04:00,32.54247560630522,33.04414601932274,32.443463498137454,33.02434158325195,27238100
2011-09-07 00:00:00-04:00,33.486416296979904,34.01448859603782,33.38080183716832,34.00788879394531,18331400
2011-09-08 00:00:00-04:00,33.52601404324529,33.92206753619098,33.24877458374594,33.33458709716797,17412400
2011-09-09 00:00:00-04:00,32.69430589588502,32.826324597361065,32.0408172265519,32.17943572998047,23270800
2011-09-12 00:00:00-04:00,31.52594082284308,32.05401556643953,31.294910011054878,32.04081344604492,31133200
2011-09-13 00:00:00-04:00,32.040819890245906,32.49628180425315,31.928603103345644,32.38406753540039,27622400
2011-09-14 00:00:00-04:00,32.496268902403386,33.12335564904215,31.95499466249536,32.872520446777344,26017000
2011-09-15 00:00:00-04:00,33.38079724120964,33.61182805334873,33.14316410983972,33.585426330566406,36415500
2011-09-16 00:00:00-04:00,33.644835160982566,33.75044960797175,33.24217929494659,33.598628997802734,19035400
2011-09-19 00:00:00-04:00,32.483064961914835,32.89232303686864,32.27843844248429,32.67449188232422,22184900
2011-09-20 00:00:00-04:00,32.81312217127611,33.1629721046521,32.549087288818555,32.806522369384766,27969100
2011-09-21 00:00:00-04:00,32.77350842190767,32.89892476432917,31.816376281817018,31.829578399658203,74730700
2011-09-22 00:00:00-04:00,30.832852605692203,31.024279616165913,30.41699705361868,30.799848556518555,49431400
2011-09-23 00:00:00-04:00,30.562213835659307,31.209102735491097,30.516007665531852,31.149694442749023,39581500
2011-09-26 00:00:00-04:00,31.354310603963373,31.816374632262637,30.89224657566411,31.78997039794922,24237700
2011-09-27 00:00:00-04:00,32.69429796549828,33.11015589296004,32.38405698803656,32.57548141479492,35316000
2011-09-28 00:00:00-04:00,32.76031894329377,32.93854382584079,31.981411316479758,32.02101516723633,32537000
2011-09-29 00:00:00-04:00,32.87911981167698,32.99793634323376,32.179422738958856,32.64808654785156,29540100
2011-09-30 00:00:00-04:00,31.84938421339631,32.120021367130235,31.519338781133133,31.539140701293945,29785700
2011-10-03 00:00:00-04:00,31.22890425648504,31.67116399148107,30.694229671833536,30.70743179321289,31113700
2011-10-04 00:00:00-04:00,30.37738772726192,31.22890571052361,30.00113606359695,31.22230339050293,37700000
2011-10-05 00:00:00-04:00,31.182692741879574,31.737169154466574,30.94505963390704,31.70416259765625,33843200
2011-10-06 00:00:00-04:00,31.684370770632277,32.57549269133729,31.591958425438875,32.55569076538086,30835600
2011-10-07 00:00:00-04:00,32.72069907509559,32.89232408439265,32.252035235481955,32.33124542236328,32306700
2011-10-10 00:00:00-04:00,33.10356634267004,33.592032297433526,33.10356634267004,33.56562805175781,22300800
2011-10-11 00:00:00-04:00,33.11675285585793,33.545812865307695,33.06394690342903,33.50620651245117,22967800
2011-10-12 00:00:00-04:00,33.96167826968713,34.32472777135163,33.90886978753017,33.99468231201172,40438500
2011-10-13 00:00:00-04:00,33.78345775208978,34.04089284050256,33.493018617119766,34.00788879394531,16967200
2011-10-14 00:00:00-04:00,34.33132788884586,34.46334657740734,34.08049515043079,34.40393829345703,16226500
2011-10-17 00:00:00-04:00,34.139906466180754,34.15310858801402,33.52602165019371,33.61183166503906,15645500
2011-10-18 00:00:00-04:00,33.54581617550536,34.337925684473596,33.15636248048204,34.093692779541016,27807500
2011-10-19 00:00:00-04:00,33.90227041244834,34.02108698074804,33.42700413924953,33.47981262207031,18229900
2011-10-20 00:00:00-04:00,33.578830174595666,33.62503634550445,33.04415804892341,33.56562805175781,23120200
2011-10-21 00:00:00-04:00,34.10030105819013,34.3973425126612,34.047495087421574,34.377540588378906,21149500
2011-10-24 00:00:00-04:00,34.36432671685648,34.951807104810776,34.35772439898819,34.892398834228516,16040000
2011-10-25 00:00:00-04:00,34.66137447701316,34.70758315985051,34.166306267363275,34.291725158691406,25668900
2011-10-26 00:00:00-04:00,34.87920781432086,34.95181822569623,34.067296203395564,34.76039123535156,19159800
2011-10-27 00:00:00-04:00,36.344606271017085,36.87927829450627,36.0277629376039,36.681251525878906,27559600
2011-10-28 00:00:00-04:00,36.21919642579721,36.47663154106216,36.12678407857877,36.47003173828125,41372400
2011-10-31 00:00:00-04:00,35.407274936901295,35.43367917683269,34.568959204431195,34.5755615234375,29378700
2011-11-01 00:00:00-04:00,33.18276796342773,33.869263064829035,33.10355776497275,33.493011474609375,34733100
2011-11-02 00:00:00-04:00,33.7702556666503,34.034293075490595,33.57222886904375,33.77685546875,24423500
2011-11-03 00:00:00-04:00,34.31812736366035,34.7537872615685,33.80985706309302,34.62836837768555,23891000
2011-11-04 00:00:00-04:00,34.22571110214023,34.351129980821916,33.80325334205782,34.19270706176758,23089500
2011-11-07 00:00:00-05:00,34.15310033238076,34.397333232141044,33.89566279593181,34.33792495727539,21383700
2011-11-08 00:00:00-05:00,34.52275087189147,34.85279629613144,34.205907566786706,34.7537841796875,22483600
2011-11-09 00:00:00-05:00,33.46001210624084,33.5590267641189,32.89233595762167,32.9715461730957,28669400
2011-11-10 00:00:00-05:00,33.63163342723893,33.65803766880173,33.030950780944075,33.36099624633789,25065000
2011-11-11 00:00:00-05:00,33.88246606060843,34.29832150178818,33.86266162194734,34.19270706176758,19095800
2011-11-14 00:00:00-05:00,33.79005290187618,33.882467744778815,33.42700340363746,33.585426330566406,16886200
2011-11-15 00:00:00-05:00,33.47980935519241,33.70424034918719,33.2289741223637,33.493011474609375,23477400
2011-11-16 00:00:00-05:00,33.13656528482537,33.44680631054483,32.83952386186243,32.852725982666016,26147100
2011-11-17 00:00:00-05:00,33.01114698576832,33.149767997658074,32.36425816312224,32.49627685546875,28385300
2011-11-18 00:00:00-05:00,32.87913483896952,32.89893676393063,32.54248700634618,32.608497619628906,16813600
2011-11-21 00:00:00-05:00,31.94179709389477,31.981403452960496,31.545743575424954,31.783376693725586,25465000
2011-11-22 00:00:00-05:00,31.750372028233887,31.88899303420419,31.499539293338504,31.690963745117188,29937500
2011-11-23 00:00:00-05:00,31.294911208176853,31.334517570875743,30.786640884752988,30.819644927978516,27206700
2011-11-25 00:00:00-05:00,30.760232667417107,31.096880411730684,30.66122055053711,30.66122055053711,10871200
2011-11-28 00:00:00-05:00,31.99461446705436,32.09362661517346,31.76358108534801,31.968210220336914,21753000
2011-11-29 00:00:00-05:00,32.120027440218614,32.3444584773137,31.99461105874238,32.17943572998047,23035900
2011-11-30 00:00:00-05:00,33.46000706982338,33.8626629247834,33.38739918542878,33.82305908203125,43525100
2011-12-01 00:00:00-05:00,33.65142839134188,33.90226359822961,33.42039762055486,33.53261184692383,19770900
2011-12-02 00:00:00-05:00,33.968279779142264,33.98148190034542,33.51281792884568,33.52602005004883,17848000
2011-12-05 00:00:00-05:00,34.16629807200728,34.199304625837804,33.70423653493825,33.90886306762695,18107200
2011-12-06 00:00:00-05:00,33.71744228024544,33.9748773123211,33.63162976353796,33.75044631958008,21382100
2011-12-07 00:00:00-05:00,33.526022496796024,34.12670520611829,33.3808016710102,33.98808670043945,29174100
2011-12-08 00:00:00-05:00,33.51940911110532,33.57221758233854,32.83291661139893,32.872520446777344,26351100
2011-12-09 00:00:00-05:00,33.17615991353745,33.71083432634924,33.16296031444751,33.69103240966797,20706100
2011-12-12 00:00:00-05:00,32.9715454906699,32.978145292636405,32.516081095514586,32.7075080871582,23868300
2011-12-13 00:00:00-05:00,32.85932770762694,33.09696085990832,32.11342672391254,32.2652473449707,33861500
2011-12-14 00:00:00-05:00,32.08041007183136,32.19922661060489,31.77676892520853,31.882383346557617,28164100
2011-12-15 00:00:00-05:00,32.26524445665932,32.31145061901695,31.928596681714225,32.04081344604492,25474900
2011-12-16 00:00:00-05:00,32.14642945297914,32.245441583678705,31.763575497075575,31.908796310424805,28537100
2011-12-19 00:00:00-05:00,32.06722361037518,32.12662938605403,31.57215533533845,31.611759185791016,21443400
2011-12-20 00:00:00-05:00,32.345917673025866,32.76009690797789,32.3325593542563,32.7266960144043,34746000
2011-12-21 00:00:00-05:00,32.51291880977369,32.59308399784351,32.259070025859025,32.553001403808594,27654000
2011-12-22 00:00:00-05:00,32.559689360326615,32.86029995415706,32.52628591805669,32.84693908691406,25753700
2011-12-23 00:00:00-05:00,32.90037999810305,33.074066162109375,32.826896508141836,33.074066162109375,14901700
2011-12-27 00:00:00-05:00,32.96050966313216,33.00059227030775,32.86698612804766,32.92710876464844,14440000
2011-12-28 00:00:00-05:00,32.833582574638775,32.84694089429194,32.32587978476833,32.33256149291992,20384600
2011-12-29 00:00:00-05:00,32.432766802783654,32.967188823498816,32.399365904299934,32.92710876464844,25565500
2011-12-30 00:00:00-05:00,32.913742872029765,33.13419080703596,32.88702113799119,33.08742904663086,32979100
2012-01-03 00:00:00-05:00,33.762132030165105,34.0827851292121,33.742089459501706,33.989261627197266,33352000
2012-01-04 00:00:00-05:00,33.78217861341802,33.84898039973826,33.535008946043384,33.78886032104492,14692800
2012-01-05 00:00:00-05:00,33.23438689939764,33.33459210033351,33.040658203361154,33.2878303527832,16354900
2012-01-06 00:00:00-05:00,33.16759404555129,33.18763407179504,32.78013654934011,32.833580017089844,28504800
2012-01-09 00:00:00-05:00,33.03398611447884,33.03398611447884,32.72669383672965,32.96050262451172,12756100
2012-01-10 00:00:00-05:00,33.52164376796753,33.54836549838892,33.38135850574194,33.46152114868164,13409900
2012-01-11 00:00:00-05:00,33.194313106371396,33.38136269446782,33.060709534148685,33.35464096069336,13372300
2012-01-12 00:00:00-05:00,33.49491882324219,33.56840230068701,33.24774921137488,33.49491882324219,13774400
2012-01-13 00:00:00-05:00,33.11414958007295,33.16091133878263,32.76677469514047,33.13418960571289,17154100
2012-01-17 00:00:00-05:00,33.5684029050072,33.735409884634095,33.48824026831708,33.5283203125,19915900
2012-01-18 00:00:00-05:00,33.728729157785644,34.11618400736858,33.68864656714293,34.08946228027344,15999300
2012-01-19 00:00:00-05:00,34.32995851966026,34.86438041011042,34.18967325122795,34.51032638549805,17256900
2012-01-20 00:00:00-05:00,34.463570867909226,34.69070053100586,34.43016997152076,34.69070053100586,23922600
2012-01-23 00:00:00-05:00,34.75081918071283,34.97126711026911,34.697375713956916,34.824302673339844,18529000
2012-01-24 00:00:00-05:00,34.456887105688615,34.690695897503986,34.336641856090786,34.63057327270508,18320600
2012-01-25 00:00:00-05:00,34.47023898979412,35.07814428337089,34.32327458308081,34.991302490234375,24497400
2012-01-26 00:00:00-05:00,35.32532233254079,35.392124115062316,34.93118569968466,35.004669189453125,20276800
2012-01-27 00:00:00-05:00,34.89778942105124,35.151638266845296,34.89778942105124,35.064796447753906,22868700
2012-01-30 00:00:00-05:00,34.5036474493225,34.72409536566317,34.44352482698875,34.650611877441406,21139400
2012-01-31 00:00:00-05:00,35.01802924726588,35.01802924726588,34.623895143150754,34.83098220825195,26358300
2012-02-01 00:00:00-05:00,35.29860245330205,35.565814694065494,35.26520156028782,35.37876510620117,28274600
2012-02-02 00:00:00-05:00,35.458921696209444,35.59920694179576,35.35203478720177,35.452239990234375,19337400
2012-02-03 00:00:00-05:00,35.68605437145038,36.02675007693351,35.63929261553302,36.006710052490234,15187000
2012-02-06 00:00:00-05:00,35.65265519764267,35.87310567042982,35.61925430585439,35.83302307128906,15349200
2012-02-07 00:00:00-05:00,35.85974568150254,36.080193611359135,35.68605696263394,36.05347442626953,26462700
2012-02-08 00:00:00-05:00,36.14031062509708,36.26723756494225,35.95994532337122,36.18039321899414,13873200
2012-02-09 00:00:00-05:00,36.32068372536328,36.36076632505435,36.086874931310554,36.273921966552734,16265900
2012-02-10 00:00:00-05:00,35.605901235850745,35.692745612175756,35.47897679993361,35.58586120605469,19405700
2012-02-13 00:00:00-05:00,36.02675187451289,36.07351363276346,35.8530631595896,35.993350982666016,16406900
2012-02-14 00:00:00-05:00,35.82635194415256,35.8931537427054,35.47897698536224,35.72614669799805,17037300
2012-02-15 00:00:00-05:00,36.02676213512596,36.0401230053349,35.71278805602948,35.766231536865234,25177100
2012-02-16 00:00:00-05:00,35.67269627589283,36.28060165492375,35.6392928371802,36.26055908203125,17583900
2012-02-17 00:00:00-05:00,36.46764874970608,36.47432790846666,36.220479102370945,36.4208869934082,14472400
2012-02-21 00:00:00-05:00,36.54781177384924,36.681417885361896,36.374125612710024,36.42756652832031,17594800
2012-02-22 00:00:00-05:00,36.3607574861877,36.467641844390165,36.24051226466941,36.320674896240234,15857800
2012-02-23 00:00:00-05:00,36.36076540834335,36.64801766140876,36.200437561945925,36.62129592895508,12721100
2012-02-24 00:00:00-05:00,36.77494295119709,36.94863166799235,36.76826379208561,36.84174728393555,25346500
2012-02-27 00:00:00-05:00,36.34740513495749,36.74822093500151,36.267242484613625,36.65469741821289,20054200
2012-02-28 00:00:00-05:00,36.76158430418617,37.00875652775477,36.661381621515694,36.99539566040039,16619300
2012-02-29 00:00:00-05:00,37.0688764129745,37.169079088228315,36.494371900883706,36.51441192626953,33950800
2012-03-01 00:00:00-05:00,36.714812515156694,36.975342986599394,36.68809078774611,36.92858123779297,20340800
2012-03-02 00:00:00-05:00,36.66805326436865,36.69477499359965,36.47432454993041,36.587890625,14435600
2012-03-05 00:00:00-05:00,36.51441028261413,36.52108944133385,36.280601502555164,36.3941650390625,10047900
2012-03-06 00:00:00-05:00,35.539088519299284,35.57248940813968,35.13159104980276,35.23179626464844,21589300
2012-03-07 00:00:00-05:00,35.48564016276217,35.70609058567869,35.27187144568657,35.66600799560547,18013000
2012-03-08 00:00:00-05:00,36.23384576950301,36.587899851966135,36.13364053377854,36.43425369262695,21590500
2012-03-09 00:00:00-05:00,36.26056333586976,36.42757035572668,36.18040067986941,36.31400680541992,23096900
2012-03-12 00:00:00-04:00,36.180403082431546,36.267247452055024,36.000035183209754,36.22048568725586,13724200
2012-03-13 00:00:00-04:00,36.3607682090645,36.815027502468155,36.31400644783103,36.808345794677734,24475900
2012-03-14 00:00:00-04:00,36.73485411466481,36.78829501975035,36.374118449121994,36.48100280761719,18872700
2012-03-15 00:00:00-04:00,36.607937727806544,36.875149975147224,36.50773504629743,36.82838821411133,13721000
2012-03-16 00:00:00-04:00,37.10228745223906,37.2225327340906,37.04884397216042,37.082244873046875,15837000
2012-03-19 00:00:00-04:00,36.96866298694479,37.34943867473872,36.94862296600536,37.27595520019531,17182000
2012-03-20 00:00:00-04:00,36.75490889972954,36.88851503859824,36.60126273194433,36.8350715637207,14092600
2012-03-21 00:00:00-04:00,36.69477919654075,36.71481922159717,36.44092783641935,36.594573974609375,16614400
2012-03-22 00:00:00-04:00,36.207111231390094,36.40751908365364,36.1603494841394,36.34071731567383,17106600
2012-03-23 00:00:00-04:00,36.307321723285725,36.60125568184461,36.11359553498287,36.594573974609375,14777400
2012-03-26 00:00:00-04:00,36.868469878544275,37.08223866642862,36.861790718815065,37.062198638916016,19961800
2012-03-27 00:00:00-04:00,37.115640488088864,37.115640488088864,36.81502734691181,36.82838821411133,14826100
2012-03-28 00:00:00-04:00,36.84174760651709,36.86846679152169,36.38748833321707,36.57453536987305,20448500
2012-03-29 00:00:00-04:00,36.213790388858435,36.380797357132074,36.05346512637723,36.34071731567383,25848400
2012-03-30 00:00:00-04:00,36.634651786501635,36.70145356017805,36.40752218834778,36.668052673339844,22341500
2012-04-02 00:00:00-04:00,36.50105927163828,37.19580918899303,36.427575764258904,37.095603942871094,25434800
2012-04-03 00:00:00-04:00,36.88183334322004,36.901875920468825,36.24052693441189,36.44761657714844,20840000
2012-04-04 00:00:00-04:00,35.73283083279156,35.806311796858274,35.43889678322292,35.632625579833984,20326700
2012-04-05 00:00:00-04:00,35.31864471136851,35.62593957216307,35.3119655516735,35.41884994506836,13507000
2012-04-09 00:00:00-04:00,35.044743505971454,35.37875746058039,35.03138264198819,35.265193939208984,12950500
2012-04-10 00:00:00-04:00,35.14495349529962,35.245156166326446,34.503647226759426,34.51032638549805,25615800
2012-04-11 00:00:00-04:00,35.171670330964744,35.23179294454153,34.95121989840843,34.991302490234375,22972100
2012-04-12 00:00:00-04:00,35.15832615226243,35.679387351660736,35.138283572675654,35.632625579833984,21024400
2012-04-13 00:00:00-04:00,35.3186401766118,35.3186401766118,34.90446352392578,34.95122528076172,27100500
2012-04-16 00:00:00-04:00,35.22510670007714,35.35203106868692,34.93117537619581,35.2050666809082,20447400
2012-04-17 00:00:00-04:00,35.53242013069696,35.853073370735196,35.39881652525843,35.766231536865234,12959800
2012-04-18 00:00:00-04:00,35.519032371998,35.74616189695832,35.458912324057785,35.57915496826172,19804600
2012-04-19 00:00:00-04:00,35.55912712217056,35.759534995530124,35.185030556461506,35.36539840698242,27862900
2012-04-20 00:00:00-04:00,35.61925610217821,35.8263457190289,35.599216075759536,35.70610046386719,15499300
2012-04-23 00:00:00-04:00,35.01134251198523,35.071465125562014,34.764172899869195,34.991302490234375,23904000
2012-04-24 00:00:00-04:00,35.144960490320216,35.43889195148883,35.12492046179113,35.27188491821289,14529100
2012-04-25 00:00:00-04:00,35.68605288235433,35.792939803790524,35.52572759684898,35.75285720825195,21423800
2012-04-26 00:00:00-04:00,35.60590083549045,36.026759294752246,35.565820776349,35.966636657714844,13428200
2012-04-27 00:00:00-04:00,36.07350002699078,36.18038436958225,35.89313222105698,36.113582611083984,16016300
2012-04-30 00:00:00-04:00,35.95326352194709,35.97330354468052,35.75953480777612,35.90650177001953,16865300
2012-05-01 00:00:00-04:00,35.82634478889696,36.22048143762216,35.79294389629139,36.05347442626953,15437300
2012-05-02 00:00:00-04:00,35.612574331442694,35.82634309198292,35.47228651182439,35.77289962768555,15890700
2012-05-03 00:00:00-04:00,35.699415091855016,35.759537713264656,35.39212282612777,35.458927154541016,14260300
2012-05-04 00:00:00-04:00,35.271877815286715,35.325321278368804,34.884422901239894,34.917823791503906,20026500
2012-05-07 00:00:00-04:00,34.91781769765893,35.20506989078256,34.89109597078136,35.171669006347656,21882700
2012-05-08 00:00:00-04:00,34.757497681358466,34.79090112161041,34.26315836485604,34.63057327270508,21062600
2012-05-09 00:00:00-04:00,33.9625507555498,34.41681009483003,33.80890458907635,34.22976303100586,31090500
2012-05-10 00:00:00-04:00,34.570451190214456,34.61721294931108,34.33664239473131,34.39008331298828,15309000
2012-05-11 00:00:00-04:00,33.98926826704762,34.47692844305028,33.98926826704762,34.17631530761719,14493200
2012-05-14 00:00:00-04:00,33.641897490575715,33.788864496632,33.52165222167969,33.52165222167969,22125400
2012-05-15 00:00:00-04:00,33.33459945411067,33.50160646029695,33.06070806589817,33.10078811645508,18011800
2012-05-16 00:00:00-04:00,33.10747830077612,33.28116451041852,32.746742463451156,32.77346420288086,23983300
2012-05-17 00:00:00-04:00,32.733366746702366,32.77344933766646,32.365951915332786,32.37263107299805,26475900
2012-05-18 00:00:00-04:00,32.51960018318682,32.52627934129537,31.851572246060257,32.138824462890625,21407900
2012-05-21 00:00:00-04:00,32.399361501735505,32.86698166194099,32.319198846602376,32.84693908691406,22460000
2012-05-22 00:00:00-04:00,32.86698129640829,33.120832674552304,32.586408184075474,32.7266960144043,17114800
2012-05-23 00:00:00-04:00,32.34592560574463,32.45949172973633,31.898347915777073,32.45949172973633,42276400
2012-05-24 00:00:00-04:00,32.41939844124312,32.506242795890266,32.05866525333307,32.24571228027344,27309500
2012-05-25 00:00:00-04:00,32.0853831730854,32.299151923546646,32.078704014525464,32.132144927978516,13397100
2012-05-29 00:00:00-04:00,32.5262814685691,32.69328846377328,32.27243267065239,32.539642333984375,22042200
2012-05-30 00:00:00-04:00,32.045307115352884,32.05198627474451,31.738012268516588,31.77141571044922,19349900
2012-05-31 00:00:00-04:00,31.911684298215114,32.011886926618175,31.544269564090218,31.90500259399414,41638100
2012-06-01 00:00:00-04:00,31.350559695402495,31.49084498819875,31.083347429607223,31.096708297729492,34294700
2012-06-04 00:00:00-04:00,31.39064603266895,31.490848733014268,31.13011289579033,31.357242584228516,19574500
2012-06-05 00:00:00-04:00,31.337203745876696,31.611095214559796,31.310482005437997,31.584373474121094,20139100
2012-06-06 00:00:00-04:00,31.838210676266865,32.479516870104874,31.804809789815273,32.466156005859375,19868200
2012-06-07 00:00:00-04:00,32.91375027954214,32.927111149568404,32.43945086107412,32.51293182373047,18578800
2012-06-08 00:00:00-04:00,32.02526439987918,32.43944363343632,31.931740878858154,32.40604019165039,14439600
2012-06-11 00:00:00-04:00,32.74674657078649,32.76010744217716,32.058678258283805,32.092079162597656,19296200
2012-06-12 00:00:00-04:00,32.39936189737605,32.63985241403701,32.125470486362154,32.62649154663086,16053900
2012-06-13 00:00:00-04:00,32.379323850400894,32.679934466284315,32.27911861288972,32.365962982177734,16202800
2012-06-14 00:00:00-04:00,32.345912270164206,32.72669054793978,32.26574962931248,32.6064453125,14670400
2012-06-15 00:00:00-04:00,32.800178186670465,33.10747304467562,32.72669723739253,33.06739044189453,20066100
2012-06-18 00:00:00-04:00,32.89370285521901,33.06738902987056,32.80685849373083,32.9738655090332,19122200
2012-06-19 00:00:00-04:00,33.31456258117539,33.742100182439,33.27448252376012,33.52165222167969,23104500
2012-06-20 00:00:00-04:00,33.68197817607869,33.955872164591085,33.43480847355,33.71538162231445,27983500
2012-06-21 00:00:00-04:00,33.65318009470231,33.72154075013151,32.80552882891912,32.83287048339844,25741600
2012-06-22 00:00:00-04:00,33.16097979684795,33.201996172777264,32.90121723903607,33.113128662109375,16488100
2012-06-25 00:00:00-04:00,32.55942483813791,32.57309696466911,32.29965964942804,32.374855041503906,32410900
2012-06-26 00:00:00-04:00,32.55259008877311,32.67563662975734,32.30649700680465,32.586769104003906,26606100
2012-06-27 00:00:00-04:00,32.702977922698736,32.95590574172582,32.620947772036985,32.89438247680664,19727600
2012-06-28 00:00:00-04:00,32.66195651814218,32.99007967799552,32.51840312464843,32.962738037109375,22778500
2012-06-29 00:00:00-04:00,33.99495801784615,34.17269302261321,33.926600005360996,34.152183532714844,31235200
2012-07-02 00:00:00-04:00,34.24789699732642,34.41195993173074,34.08383667061398,34.37778091430664,30092900
2012-07-03 00:00:00-04:00,34.40511958097025,34.71957066248508,34.37093796140831,34.69222640991211,12175100
2012-07-05 00:00:00-04:00,34.14535572824851,34.22738588147436,33.953948560466124,34.118011474609375,14389900
2012-07-06 00:00:00-04:00,33.81722808880729,33.87875134761042,33.59164193729877,33.79671859741211,15075800
2012-07-09 00:00:00-04:00,33.612153897522774,33.73520043371302,33.47543784192615,33.72153091430664,16313700
2012-07-10 00:00:00-04:00,33.871907775319414,33.9334310228504,33.413903405237114,33.495933532714844,20026100
2012-07-11 00:00:00-04:00,33.65316611854933,33.742033629854454,33.40023831773306,33.598480224609375,19418100
2012-07-12 00:00:00-04:00,33.160983454518814,33.36606274909447,32.96957889445253,33.26352310180664,21406500
2012-07-13 00:00:00-04:00,33.28402170329609,33.79671459673517,33.270349579881476,33.735191345214844,12613300
2012-07-16 00:00:00-04:00,33.63950313105859,33.83091033107096,33.46860542857482,33.728370666503906,12207500
2012-07-17 00:00:00-04:00,33.82406234741211,33.91292985496749,33.40023690841835,33.82406234741211,17158600
2012-07-18 00:00:00-04:00,33.71469335843725,34.12484673831746,33.69418647175072,34.090667724609375,13588000
2012-07-19 00:00:00-04:00,34.26156862093394,34.466645330148296,34.17953845878657,34.40512466430664,14039600
2012-07-20 00:00:00-04:00,33.76937788067007,33.79671952379441,33.51644747216252,33.598480224609375,24165100
2012-07-23 00:00:00-04:00,32.70297767287316,32.98324974254359,32.579931143974775,32.90805435180664,16082900
2012-07-24 00:00:00-04:00,32.867050833225115,32.89439248663817,32.32701341101019,32.55259704589844,18959800
2012-07-25 00:00:00-04:00,32.83970346355219,32.88755461211084,32.55943133298353,32.72349166870117,10156700
2012-07-26 00:00:00-04:00,33.61899126491757,33.9881308734883,33.536961110021274,33.72153091430664,18177000
2012-07-27 00:00:00-04:00,34.04281431765712,34.57601680523612,33.967618927890115,34.43246078491211,24134200
2012-07-30 00:00:00-04:00,34.24105059047112,34.507650486468826,34.23421583238776,34.391441345214844,24850000
2012-07-31 00:00:00-04:00,34.36410471355776,34.45297223448288,34.16586278522155,34.179534912109375,38450700
2012-08-01 00:00:00-04:00,34.41878795869548,34.48714858786198,34.17269751677017,34.18636703491211,17751600
2012-08-02 00:00:00-04:00,33.817237276292,34.111181525133496,33.45493238371299,33.707862854003906,23218900
2012-08-03 00:00:00-04:00,34.44612540957085,34.951983534764565,34.41878116330289,34.85628128051758,26429600
2012-08-06 00:00:00-04:00,35.00668798430695,35.218602093729295,34.952002070460935,35.10239028930664,15028700
2012-08-07 00:00:00-04:00,35.396324157714844,35.580893952057046,35.36214514565699,35.396324157714844,17651200
2012-08-08 00:00:00-04:00,35.19808771808722,35.45101555719283,35.18441559060967,35.37582015991211,13491300
2012-08-09 00:00:00-04:00,35.293787121541264,35.51253592794133,35.25277074245695,35.396324157714844,12183000
2012-08-10 00:00:00-04:00,35.11604847966284,35.45784378051758,35.034018337611236,35.45784378051758,15265100
2012-08-13 00:00:00-04:00,35.36214837041152,35.46468802362739,35.17074379927971,35.28695297241211,15320400
2012-08-14 00:00:00-04:00,35.389483475281786,35.444169363883354,35.28694384857869,35.36897659301758,10610200
2012-08-15 00:00:00-04:00,35.25277303266246,35.36214744296802,35.21859401838415,35.26644515991211,14045700
2012-08-16 00:00:00-04:00,35.45101730831301,35.75863367252371,35.341642890781635,35.70394515991211,13498000
2012-08-17 00:00:00-04:00,35.76546503456871,35.7996440478576,35.601404727705415,35.751792907714844,17243500
2012-08-20 00:00:00-04:00,35.6560925869911,35.744960112579385,35.50570179102505,35.71078109741211,10066600
2012-08-21 00:00:00-04:00,35.99104697801348,36.17561414957819,35.80647719875752,35.91585159301758,19489800
2012-08-22 00:00:00-04:00,35.6082360394104,35.95003135458705,35.574057029431,35.87483596801758,12494200
2012-08-23 00:00:00-04:00,35.731281101543246,35.84065549362318,35.59456245952052,35.66975784301758,16203200
2012-08-24 00:00:00-04:00,35.416831044594865,35.799640123776335,35.34847041781869,35.61507034301758,15841400
2012-08-27 00:00:00-04:00,35.71077353758204,35.813310561377186,35.58772702287495,35.63557815551758,12419900
2012-08-28 00:00:00-04:00,35.49202907837306,35.66292675908408,35.43050841670109,35.60140609741211,14528900
2012-08-29 00:00:00-04:00,35.56722649843327,35.62191501106387,35.43734519247332,35.49203109741211,11418300
2012-08-30 00:00:00-04:00,35.29378711949316,35.314294005188394,34.96566390991211,34.96566390991211,24315600
2012-08-31 00:00:00-04:00,35.39631998306692,35.50569437336732,35.08870630313472,35.27327346801758,26992000
2012-09-04 00:00:00-04:00,35.1844104194119,35.225424188124926,34.95198950183665,35.095542907714844,23863200
2012-09-05 00:00:00-04:00,35.09555352634812,35.15707680572366,34.94516270838746,34.99985122680664,17360500
2012-09-06 00:00:00-04:00,35.28694644919524,35.963702298391766,35.28011169050047,35.86800003051758,23697600
2012-09-07 00:00:00-04:00,36.26449327291729,36.50375162976741,36.23714901367292,36.40804672241211,17210600
2012-09-10 00:00:00-04:00,36.264486957208845,36.367026607671214,36.066245023750476,36.120933532714844,12831800
2012-09-11 00:00:00-04:00,36.27132716784721,36.63362944121491,36.27132716784721,36.531089782714844,15417500
2012-09-12 00:00:00-04:00,36.83870180632862,36.859208692533635,36.64045988070845,36.77034378051758,14731600
2012-09-13 00:00:00-04:00,36.72932632211591,37.50178450802225,36.61995191941433,37.33088684082031,21654700
2012-09-14 00:00:00-04:00,37.72054198553243,37.99397935899647,37.64534657744522,37.700035095214844,36185500
2012-09-17 00:00:00-04:00,37.65901465314289,37.73421005313581,37.4060868049145,37.50178909301758,14851900
2012-09-18 00:00:00-04:00,37.29670757794109,37.43342362462948,37.22151218764761,37.34455871582031,16695300
2012-09-19 00:00:00-04:00,37.4060868049145,37.5769844930105,37.28987502100949,37.50178909301758,17193300
2012-09-20 00:00:00-04:00,37.03009515357025,37.28302550941563,36.92755814589765,37.262516021728516,21727600
2012-09-21 00:00:00-04:00,37.501784081234,37.529128333521065,37.26936315217678,37.28303527832031,21583300
2012-09-24 00:00:00-04:00,36.98909975840757,37.242027632139134,36.95492073888039,37.153160095214844,16172500
2012-09-25 00:00:00-04:00,37.248846575599764,37.41974419639356,36.89337921142578,36.89337921142578,22290200
2012-09-26 00:00:00-04:00,36.59944159956397,36.64729273327516,36.38069281468674,36.52424621582031,22161700
2012-09-27 00:00:00-04:00,36.770341668390635,37.091627500477394,36.65412990195735,36.96174621582031,20720800
2012-09-28 00:00:00-04:00,36.57209619486107,36.60627520247692,36.16877764653533,36.23030090332031,43265100
2012-10-01 00:00:00-04:00,36.6199484832427,36.90022052684735,36.47639508210912,36.52424621582031,18016800
2012-10-02 00:00:00-04:00,36.87971493696932,36.90705918796106,36.5447543815488,36.66780090332031,14274000
2012-10-03 00:00:00-04:00,36.64045680058972,36.6678010516921,36.43538013270447,36.51741027832031,17416800
2012-10-04 00:00:00-04:00,36.78401379430581,37.00276259356583,36.70881840561804,36.96174621582031,15963600
2012-10-05 00:00:00-04:00,37.262525591431476,37.358230473938384,36.94123975564965,37.00959777832031,13420500
2012-10-08 00:00:00-04:00,36.784016833341006,36.84554010119655,36.71565619811729,36.79085159301758,6656000
2012-10-09 00:00:00-04:00,36.55842356696647,36.62678418894816,36.25764465332031,36.25764465332031,15400300
2012-10-10 00:00:00-04:00,36.26448380625132,36.32600706964477,36.03890024560296,36.15510940551758,13899400
2012-10-11 00:00:00-04:00,36.51740874155385,36.67463687493024,36.33284157360821,36.38752746582031,13497700
2012-10-12 00:00:00-04:00,36.48323048570825,36.619949130596176,36.29182594747989,36.34651184082031,9295500
2012-10-15 00:00:00-04:00,36.59260999585456,36.743000787025565,36.408040190606044,36.70198440551758,21186600
2012-10-16 00:00:00-04:00,37.07111694533164,37.337716855055135,37.0642821868964,37.31037521362305,19155600
2012-10-17 00:00:00-04:00,37.49494892511576,37.70002822166934,37.406084011480225,37.65901184082031,15644700
2012-10-18 00:00:00-04:00,37.529129279808586,37.754712847636355,37.40608274910562,37.51545715332031,18096200
2012-10-19 00:00:00-04:00,37.412916370536635,37.419753737418546,36.95491188172206,37.00959777832031,19565700
2012-10-22 00:00:00-04:00,37.262537478349046,37.324060761455414,37.01644695361581,37.26937484741211,14263400
2012-10-23 00:00:00-04:00,36.51741367054615,36.551595291445025,36.257651084017226,36.46956253051758,18033600
2012-10-24 00:00:00-04:00,36.69513551209413,36.74982139201674,36.483221534128816,36.49005889892578,11683400
2012-10-25 00:00:00-04:00,36.91389319117749,36.96858169204141,36.572097883851775,36.70881652832031,15728800
2012-10-26 00:00:00-04:00,36.6062893217552,36.729335882785,36.483242760725396,36.65414047241211,11745100
2012-10-31 00:00:00-04:00,36.85921125470497,36.90022763765766,36.53108801415856,36.626792907714844,21750700
2012-11-01 00:00:00-04:00,36.81136007344111,37.06429052318177,36.76350893055865,37.05745315551758,18856700
2012-11-02 00:00:00-04:00,37.03010763450663,37.03010763450663,36.64729850453188,36.70198440551758,16524400
2012-11-05 00:00:00-05:00,36.61311721801758,36.68147524192988,36.49690544813691,36.61311721801758,9714000
2012-11-06 00:00:00-05:00,36.75666954247546,37.01643471948101,36.742997416560286,36.96174621582031,11045300
2012-11-07 00:00:00-05:00,36.57210967018625,36.58578179980844,36.20980736212064,36.40804672241211,20992600
2012-11-08 00:00:00-05:00,36.271321250478394,36.442218914970056,36.06624196693527,36.07991409301758,19833000
2012-11-09 00:00:00-05:00,35.89534405274037,36.25081150533321,35.88850929359247,36.09358596801758,20872100
2012-11-12 00:00:00-05:00,36.10042001899438,36.175612793480305,35.977373504102985,36.06623840332031,11864800
2012-11-13 00:00:00-05:00,35.72444874275243,36.16194898008835,35.690269729378635,35.888511657714844,14507400
2012-11-14 00:00:00-05:00,36.01839072026898,36.05257233921679,35.451011831876755,35.512535095214844,20602900
2012-11-15 00:00:00-05:00,35.676593352579026,35.79280511343629,35.4920235731172,35.62874221801758,15479300
2012-11-16 00:00:00-05:00,35.63558247294957,35.69026837072756,35.29378713683988,35.608238220214844,18052300
2012-11-19 00:00:00-05:00,36.086758721720116,36.38070297241211,36.07992135345736,36.38070297241211,15934900
2012-11-20 00:00:00-05:00,36.230302366651095,36.44221639473432,36.16194434865844,36.43537902832031,13642300
2012-11-21 00:00:00-05:00,36.46955821541322,36.53791884143095,36.414872322290286,36.49690246582031,10368200
2012-11-23 00:00:00-05:00,37.05061434926309,37.28303527832031,37.03010485620208,37.28303527832031,8397700
2012-11-26 00:00:00-05:00,37.07795512633212,37.200999034708495,36.98908761857418,37.19416427612305,13682100
2012-11-27 00:00:00-05:00,37.112137420017724,37.21467445402372,36.9959256522479,37.00959777832031,13987200
2012-11-28 00:00:00-05:00,36.79768794590445,37.317215720823754,36.72249255307724,37.27619934082031,23549600
2012-11-29 00:00:00-05:00,37.57014414954465,37.68635592424544,37.3992464749841,37.59748840332031,19765500
2012-11-30 00:00:00-05:00,37.61799571173795,37.76838650149935,37.576981938306,37.64533996582031,23565800
2012-12-03 00:00:00-05:00,37.82991784963755,37.8504247407337,37.63851324556105,37.693199157714844,22076600
2012-12-04 00:00:00-05:00,37.81622745594531,37.87091594937889,37.727359957961184,37.788883209228516,18736900
2012-12-05 00:00:00-05:00,37.802561961355536,38.00763863231036,37.67268067821213,37.84357833862305,22117800
2012-12-06 00:00:00-05:00,37.905109152038015,37.946122929784835,37.72053932910174,37.91878128051758,12963300
2012-12-07 00:00:00-05:00,37.83674825680018,37.946122676213925,36.50374833509892,37.93245315551758,11949100
2012-12-10 00:00:00-05:00,37.82307297713478,37.99397064442848,37.81623561013581,37.97346115112305,17617400
2012-12-11 00:00:00-05:00,38.0896703076991,38.24689583789971,38.0896703076991,38.19220733642578,15684400
2012-12-12 00:00:00-05:00,38.308419452523964,38.5340030039621,38.25373095054424,38.31525421142578,18266500
2012-12-13 00:00:00-05:00,38.246898226555565,38.349435261686054,38.11017957202347,38.19904708862305,13693600
2012-12-14 00:00:00-05:00,38.24006856517606,38.45881741342989,38.212726914913304,38.33577346801758,18514600
2012-12-17 00:00:00-05:00,38.3084150104856,38.53399853576627,38.281070762666424,38.492984771728516,22550700
2012-12-18 00:00:00-05:00,38.66576762438736,38.9421969066025,38.61048018619424,38.893821716308594,24270800
2012-12-19 00:00:00-05:00,39.1978878362993,39.2324411586551,39.018206342049965,39.03202819824219,19356300
2012-12-20 00:00:00-05:00,39.170253118751255,39.308469076163064,39.07350273943802,39.294647216796875,18545600
2012-12-21 00:00:00-05:00,38.75560038586601,39.05967332435191,38.74177852917352,39.05276107788086,22418300
2012-12-24 00:00:00-05:00,39.00439292425924,39.032036642624256,38.873089216400544,38.9491081237793,7699100
2012-12-26 00:00:00-05:00,39.059672724897744,39.09422604797386,38.78324086778965,38.94218826293945,11718000
2012-12-27 00:00:00-05:00,39.156425273250186,39.17024713050333,38.81088675067076,39.12187194824219,14207500
2012-12-28 00:00:00-05:00,38.79706655743441,38.907638783952315,38.67958472011845,38.70722579956055,18734500
2012-12-31 00:00:00-05:00,38.86618012144536,39.30155682835491,38.74869563495778,39.294647216796875,22820800
2013-01-02 00:00:00-05:00,39.854416060751,39.93043496539956,39.66091531164556,39.902793884277344,26056300
2013-01-03 00:00:00-05:00,39.61945165212008,39.76457721131283,39.45359198714982,39.51578903198242,23239700
2013-01-04 00:00:00-05:00,39.43975852327641,39.76456551029761,39.39829296017291,39.716190338134766,15522200
2013-01-07 00:00:00-05:00,39.405210587365445,39.58488944618914,39.34992316234306,39.543426513671875,14102600
2013-01-08 00:00:00-05:00,39.40521320527979,39.44667877680138,39.17715651628564,39.32228469848633,15592300
2013-01-09 00:00:00-05:00,39.453598410947976,39.577992520866914,39.41213282889154,39.522705078125,12779400
2013-01-10 00:00:00-05:00,39.94426263418039,40.08938821711871,39.79913705124206,40.027191162109375,17718600
2013-01-11 00:00:00-05:00,40.089377133134846,40.15848641751018,39.97189530407123,40.110111236572266,12624700
2013-01-14 00:00:00-05:00,40.11701603225166,40.18612530833287,39.99262197155481,40.15848159790039,9980400
2013-01-15 00:00:00-05:00,39.90969567236998,40.117018239522004,39.86823010443978,40.09628677368164,12534000
2013-01-16 00:00:00-05:00,39.81986273216074,39.95116907155371,39.750756074980224,39.902793884277344,12907000
2013-01-17 00:00:00-05:00,40.17922109815212,40.30361518372688,40.08247072853838,40.227596282958984,14936200
2013-01-18 00:00:00-05:00,40.17921827705179,40.23450570509195,40.006449018800794,40.18613052368164,18844000
2013-01-22 00:00:00-05:00,40.10320459509084,40.20686721801758,39.96499127952186,40.20686721801758,12090100
2013-01-23 00:00:00-05:00,40.11010523167451,40.19303372426002,39.99953302947741,40.16539001464844,10139900
2013-01-24 00:00:00-05:00,40.23450789393108,40.45565234562309,40.213773789163206,40.35890197753906,13640100
2013-01-25 00:00:00-05:00,40.7389885887917,40.794273376464844,40.566219343407724,40.794273376464844,16643500
2013-01-28 00:00:00-05:00,40.642243439619854,40.669884518872635,40.455652314352115,40.593868255615234,14802900
2013-01-29 00:00:00-05:00,40.683697763114075,40.91175441335179,40.669875908289136,40.87028884887695,13403300
2013-01-30 00:00:00-05:00,40.89102050769353,41.070701985024115,40.86337943416128,40.9117546081543,18943400
2013-01-31 00:00:00-05:00,40.84956824013916,40.96705008299697,40.732083761031404,40.759727478027344,22252200
2013-02-01 00:00:00-05:00,41.022332838686225,41.181280238911135,40.91867022989841,41.084529876708984,19989200
2013-02-04 00:00:00-05:00,40.62841130687336,40.697517941902824,40.26213875971957,40.345069885253906,18125200
2013-02-05 00:00:00-05:00,40.455650720187556,40.64224183810263,40.42109739529581,40.53166961669922,15418900
2013-02-06 00:00:00-05:00,40.27596164538356,40.54548121964929,40.24832057241341,40.524749755859375,26336000
2013-02-07 00:00:00-05:00,40.49020610959723,40.52475943625079,39.98572015895579,40.19304275512695,21947700
2013-02-08 00:00:00-05:00,40.331248660117495,40.49019603216398,40.331248660117495,40.44873046875,18326200
2013-02-11 00:00:00-05:00,40.44873527095459,40.455647517135496,40.25523455788136,40.40727233886719,12677200
2013-02-12 00:00:00-05:00,40.427994827955914,40.69060476327866,40.3934415134724,40.60767364501953,11534200
2013-02-13 00:00:00-05:00,40.8011914399663,40.89102956227537,40.662975496702565,40.70444107055664,8955200
2013-02-14 00:00:00-05:00,40.345079501422255,40.51093651952433,40.33125764387212,40.48329544067383,10409900
2013-02-15 00:00:00-05:00,40.53857844290723,40.5731317671305,40.262146576621774,40.37963104248047,12095000
2013-02-19 00:00:00-05:00,40.72516453034265,40.884111911149894,40.71825228460141,40.856468200683594,20173800
2013-02-20 00:00:00-05:00,40.94631825352814,40.97396197028114,40.4487418969739,40.45565414428711,17523500
2013-02-21 00:00:00-05:00,39.97189774533265,39.992629213786586,39.66782478425898,39.847503662109375,34195200
2013-02-22 00:00:00-05:00,40.16540019213003,40.43491983851327,40.047918350886015,40.42110061645508,23364000
2013-02-25 00:00:00-05:00,40.65606173486615,40.72516838131731,39.40521139860342,39.45358657836914,40205000
2013-02-26 00:00:00-05:00,39.861325131174134,39.97189735560007,39.522696210979184,39.771484375,25416500
2013-02-27 00:00:00-05:00,39.71619596248907,40.32434182330053,39.66782078347565,40.27596664428711,16819600
2013-02-28 00:00:00-05:00,40.26214577678674,40.469470990507006,40.18612951950553,40.23450469970703,17815100
2013-03-01 00:00:00-05:00,39.944254400636495,40.2206862850872,39.79221923681345,40.15157699584961,18241800
2013-03-04 00:00:00-05:00,40.04791539797976,40.331256881779105,39.978806111534965,40.324344635009766,14580300
2013-03-05 00:00:00-05:00,40.64915504695425,40.801192853436376,40.635333188524065,40.72517395019531,16168000
2013-03-06 00:00:00-05:00,40.897937364991265,40.92558107788993,40.64914922140233,40.82883071899414,17189600
2013-03-07 00:00:00-05:00,40.92558048443499,41.008508985678915,40.897936771937175,40.946311950683594,11797900
2013-03-08 00:00:00-05:00,40.973962470052946,41.06380059622108,40.801193192614285,41.03615951538086,23305900
2013-03-11 00:00:00-04:00,40.9739580479723,41.16054916381836,40.92558286641032,41.16054916381836,10873200
2013-03-12 00:00:00-04:00,41.1398191311365,41.18819431748548,40.87721172988487,40.95322799682617,16015600
2013-03-13 00:00:00-04:00,40.86338446627678,41.00160039595568,40.68370296681934,40.89102554321289,20517900
2013-03-14 00:00:00-04:00,41.07071420156239,41.33332425010197,41.049982731184286,41.2918586730957,12158300
2013-03-15 00:00:00-04:00,41.40933588777057,41.457713706990866,41.26421033885893,41.37478256225586,18191100
2013-03-18 00:00:00-04:00,40.85646980673016,41.222742394183335,40.83573834119016,40.91866683959961,25132800
2013-03-19 00:00:00-04:00,41.02233004577144,41.07761483344459,40.51784416560017,40.794273376464844,25745200
2013-03-20 00:00:00-04:00,41.07761362354354,41.146722901411266,40.97395366111604,41.043060302734375,16134800
2013-03-21 00:00:00-04:00,40.704435871920026,40.93248990836652,40.64914844717572,40.66987991333008,18106800
2013-03-22 00:00:00-04:00,40.897940969731685,41.084532093869505,40.82883431764351,41.022335052490234,18090400
2013-03-25 00:00:00-04:00,41.04306639247419,41.09835382297161,40.40727675925256,40.51093673706055,31933000
2013-03-26 00:00:00-04:00,40.656063673431476,40.77354550525014,40.53857920536311,40.76663589477539,15040700
2013-03-27 00:00:00-04:00,40.29669972892508,40.58004118581001,40.22068083918165,40.566219329833984,14990300
2013-03-28 00:00:00-04:00,40.64915524629354,40.801193053521246,40.59387044855162,40.759727478027344,28690100
2013-04-01 00:00:00-04:00,40.47637799257885,40.51093131388921,40.14466136275036,40.213768005371094,24852900
2013-04-02 00:00:00-04:00,40.66296626634224,40.8426451064237,40.58694738299072,40.642234802246094,19636600
2013-04-03 00:00:00-04:00,40.81501962457444,40.87030442869962,40.4072839786815,40.441837310791016,16961000
2013-04-04 00:00:00-04:00,40.58003739077672,40.842644721013905,40.49019665345914,40.80118179321289,14924900
2013-04-05 00:00:00-04:00,40.234501702766735,40.62150311555223,40.1930361358614,40.614593505859375,18160400
2013-04-08 00:00:00-04:00,40.59387304146736,40.77355194091797,40.524763744563195,40.77355194091797,17117700
2013-04-09 00:00:00-04:00,40.759719452544225,41.05688276111499,40.60077206548884,40.91866683959961,17406300
2013-04-10 00:00:00-04:00,41.29185482782029,41.616661893496804,41.28494521708772,41.52682113647461,18195500
2013-04-11 00:00:00-04:00,41.78943411855595,42.04513191375693,41.72723707256112,41.85163116455078,19865300
2013-04-12 00:00:00-04:00,41.65812220031005,41.761784808502455,41.485352944155814,41.747962951660156,16777400
2013-04-15 00:00:00-04:00,41.37479294676749,41.395527056280095,40.904860220321375,40.925594329833984,22699900
2013-04-16 00:00:00-04:00,41.39551223059074,41.50608444213867,41.188187027220096,41.50608444213867,14675700
2013-04-17 00:00:00-04:00,41.008504727940576,41.02923619203671,40.44182186181924,40.642234802246094,30730800
2013-04-18 00:00:00-04:00,40.71824781266108,40.73898191135832,40.38653123224469,40.51783752441406,19211400
2013-04-19 00:00:00-04:00,40.78045813800372,40.85647704010832,40.66297629747837,40.842655181884766,24725900
2013-04-22 00:00:00-04:00,40.842649755880736,41.07761604196573,40.62841757250146,41.015419006347656,16899700
2013-04-23 00:00:00-04:00,41.354052270406406,41.6235719078366,41.340230412557446,41.59592819213867,21257700
2013-04-24 00:00:00-04:00,41.823980437447574,42.07276857972991,41.77560525825374,41.955284118652344,18269400
2013-04-25 00:00:00-04:00,42.162611705212164,42.36302469213106,42.12805837828646,42.17643356323242,20079200
2013-04-26 00:00:00-04:00,42.128052140525,42.25244620803881,42.07967696274179,42.21098327636719,13910200
2013-04-29 00:00:00-04:00,42.404488178138855,42.79840188544476,42.397575931344164,42.75002670288086,14721000
2013-04-30 00:00:00-04:00,42.736210265835425,42.839872890905596,42.64636949985795,42.80531692504883,22261300
2013-05-01 00:00:00-04:00,42.846769613721165,42.860591468656146,42.45976558428943,42.54960632324219,19104600
2013-05-02 00:00:00-04:00,42.445945745266684,42.77075276104189,42.404482814741776,42.680912017822266,18247200
2013-05-03 00:00:00-04:00,43.061014465031775,43.282158923127355,43.04028035966351,43.226871490478516,19161200
2013-05-06 00:00:00-04:00,43.04027495039697,43.17158126831055,42.99881201737126,43.17158126831055,7583700
2013-05-07 00:00:00-04:00,43.23378634199676,43.30289300072076,43.09557038829871,43.24069595336914,15724500
2013-05-08 00:00:00-04:00,43.46874618318934,43.71753169920589,43.46874618318934,43.696800231933594,17768200
2013-05-09 00:00:00-04:00,43.46874520825687,43.51020814187153,43.10247259841333,43.27524185180664,16372400
2013-05-10 00:00:00-04:00,43.22686947615218,43.34435394693137,43.081743926586505,43.3236198425293,15403400
2013-05-13 00:00:00-04:00,43.275243248755444,43.33053067702581,43.164671028464376,43.302886962890625,11911400
2013-05-14 00:00:00-04:00,43.23377951431534,43.45492395080803,43.22686726778452,43.38581466674805,26158800
2013-05-15 00:00:00-04:00,43.323626198865036,43.5862362577394,43.316716587217094,43.57241439819336,15961600
2013-05-16 00:00:00-04:00,43.35126074509963,43.503298531685616,43.18540373814183,43.27524185180664,16669100
2013-05-17 00:00:00-04:00,43.29598511602311,43.5862362577394,43.25451953738501,43.57241439819336,12925700
2013-05-20 00:00:00-04:00,43.59314083698649,43.84192635629977,43.586228590304366,43.81428527832031,16117200
2013-05-21 00:00:00-04:00,43.64152161819855,43.99396979296725,43.558590464870605,43.90412902832031,15283700
2013-05-22 00:00:00-04:00,43.9110312233089,44.32567635002357,43.33052646415871,43.461830139160156,21713500
2013-05-23 00:00:00-04:00,42.38375589969691,42.853685859009225,42.14878960191591,42.839866638183594,27055200
2013-05-24 00:00:00-04:00,42.27317148563157,42.480496658637854,42.148780072576514,42.4666748046875,19956800
2013-05-28 00:00:00-04:00,42.826035721857565,42.95733938192308,42.48049727681756,42.577247619628906,20275800
2013-05-29 00:00:00-04:00,42.210971629477925,42.26625640186902,41.96909317105174,42.16950607299805,18099400
2013-05-30 00:00:00-04:00,42.17643694330012,42.46669071248701,42.14879586129428,42.335384368896484,27382900
2013-05-31 00:00:00-04:00,41.817065772841865,41.91381876188384,41.485349147731874,41.51299285888672,36549400
2013-06-03 00:00:00-04:00,41.51990851321716,41.81706920565316,41.3056736885544,41.67194366455078,30340700
2013-06-04 00:00:00-04:00,42.01058868038134,42.079695354204304,41.602852977824355,41.823997497558594,17024400
2013-06-05 00:00:00-04:00,41.347138902028114,41.36095812237137,40.877206322869625,40.89102554321289,28821600
2013-06-06 00:00:00-04:00,40.88411331530895,41.13981105528083,40.683700361919094,41.11907958984375,24386900
2013-06-07 00:00:00-04:00,41.146726290739934,41.678855911031626,41.04997593000501,41.67194366455078,19245200
2013-06-10 00:00:00-04:00,41.78943596126284,41.803257820565605,41.55446962561595,41.713417053222656,14559800
2013-06-11 00:00:00-04:00,41.10526074759997,41.43006778992306,41.01541999703728,41.20201110839844,16619000
2013-06-12 00:00:00-04:00,41.67194470894261,41.713410280118055,41.0983521403888,41.15363693237305,14378100
2013-06-13 00:00:00-04:00,41.25038308547657,41.858531552733176,41.18127644348693,41.78251266479492,20158400
2013-06-14 00:00:00-04:00,41.47153011058489,41.69267717860357,41.19510088899829,41.3264045715332,17334200
2013-06-17 00:00:00-04:00,42.065856127692086,42.190250198224895,41.67194244975469,41.92073059082031,17560400
2013-06-18 00:00:00-04:00,42.06587292274842,42.29392968852814,42.0520510609208,42.21791076660156,13168500
2013-06-19 00:00:00-04:00,42.18334304685794,42.28009341041157,41.423156723044336,41.43006896972656,33232800
2013-06-20 00:00:00-04:00,40.573131802491844,40.5938659060436,39.847501448172174,39.909698486328125,40517100
2013-06-21 00:00:00-04:00,40.372728548224174,40.40728451704435,39.68856360008942,40.041011810302734,30474300
2013-06-24 00:00:00-04:00,39.211714286147576,39.61944986471101,39.00438905522563,39.41212463378906,24351500
2013-06-25 00:00:00-04:00,39.757655707756605,39.97880011873106,39.46049241121294,39.916603088378906,24494900
2013-06-26 00:00:00-04:00,40.103202603428535,40.20686522120704,39.93043333129762,40.0755615234375,27142000
2013-06-27 00:00:00-04:00,40.42246126380276,40.69039120913757,40.42246126380276,40.47886657714844,17753800
2013-06-28 00:00:00-04:00,40.408358497429354,40.61283078032513,40.253239181724936,40.40130615234375,31174100
2013-07-01 00:00:00-04:00,40.76089180561846,40.951264737376555,40.71858581311189,40.78204345703125,15315900
2013-07-02 00:00:00-04:00,40.73974464894582,40.95832161425417,40.42245906307696,40.57757568359375,13492800
2013-07-03 00:00:00-04:00,40.26734446542018,40.66924209825808,40.203886802883574,40.59168243408203,11748500
2013-07-05 00:00:00-04:00,40.8666527523634,40.880754749865595,40.47885723493663,40.78204345703125,10197800
2013-07-08 00:00:00-04:00,40.93011358312245,41.12048652970307,40.894859931462605,41.0358772277832,11993200
2013-07-09 00:00:00-04:00,41.34612207657972,41.34612207657972,41.00768210596968,41.261512756347656,11624200
2013-07-10 00:00:00-04:00,41.254462841161995,41.677514846609746,41.21215952339459,41.381378173828125,16162300
2013-07-11 00:00:00-04:00,42.149915811512216,42.49540811523619,41.98069717719649,42.453102111816406,20284600
2013-07-12 00:00:00-04:00,42.14286609663669,42.248627070515155,42.044154778477434,42.17107009887695,15189800
2013-07-15 00:00:00-04:00,42.32619356424023,42.439006901730245,42.25568623693977,42.43195724487305,17063200
2013-07-16 00:00:00-04:00,42.39669790268077,42.4672052205376,42.29093423621376,42.40374755859375,10894600
2013-07-17 00:00:00-04:00,42.742171843475155,42.742171843475155,42.4319359931773,42.53064727783203,13744500
2013-07-18 00:00:00-04:00,42.650529378294024,42.8550016799203,42.38259672381038,42.81269836425781,11036600
2013-07-19 00:00:00-04:00,42.66462960514047,42.84795294254785,42.58707262820245,42.777442932128906,23299300
2013-07-22 00:00:00-04:00,42.87615151408845,43.05947213858629,42.85499716880219,43.01716613769531,16518900
2013-07-23 00:00:00-04:00,43.15818897550483,43.19344263591923,42.97486832754078,43.10883331298828,11132000
2013-07-24 00:00:00-04:00,43.27099967965046,43.278052025114974,42.876154403452716,43.052425384521484,12887500
2013-07-25 00:00:00-04:00,42.657574306473954,43.15818321066273,42.65052465120548,43.13703155517578,14467100
2013-07-26 00:00:00-04:00,42.74922808867951,42.86909103393555,42.51654916245634,42.86909103393555,15499000
2013-07-29 00:00:00-04:00,42.47424985661408,42.5447571616731,42.38963786292572,42.460147857666016,11063600
2013-07-30 00:00:00-04:00,42.63642543695376,42.664626749551914,42.31913713550964,42.453102111816406,10712500
2013-07-31 00:00:00-04:00,42.34734273293221,42.83384968701783,42.34734273293221,42.551815032958984,22989900
2013-08-01 00:00:00-04:00,43.09472452506837,43.1934358345581,42.981911215697046,43.12997817993164,24484500
2013-08-02 00:00:00-04:00,43.172285122005825,43.482521057128906,43.15818312181639,43.482521057128906,15475000
2013-08-05 00:00:00-04:00,43.292146394884455,43.404959695294636,43.172280750252945,43.3908576965332,11483000
2013-08-06 00:00:00-04:00,43.4966188139213,43.53187515579615,43.22163656125748,43.32740020751953,18325300
2013-08-07 00:00:00-04:00,43.15113355539425,43.221640866805075,43.08062355430191,43.13703155517578,11989700
2013-08-08 00:00:00-04:00,43.376759085766615,43.59533604911909,43.249843776682134,43.52482604980469,12612700
2013-08-09 00:00:00-04:00,43.46842150806719,43.67289378548811,43.440217507843094,43.602386474609375,14951500
2013-08-12 00:00:00-04:00,43.36970774529492,43.524827057697216,43.36265809004096,43.482521057128906,13785000
2013-08-13 00:00:00-04:00,43.59533825720311,43.81391254194482,43.35560962675489,43.764556884765625,13189100
2013-08-14 00:00:00-04:00,43.785709381103516,43.84916704007771,43.708152410963194,43.785709381103516,14258600
2013-08-15 00:00:00-04:00,43.242792610511025,43.47546887591427,42.96780765731612,43.419063568115234,23650000
2013-08-16 00:00:00-04:00,43.510729809346714,43.595341819723885,43.426120488651364,43.49662780761719,15219600
2013-08-19 00:00:00-04:00,43.447258706092924,43.47546270082714,43.15817448426969,43.186378479003906,13596700
2013-08-20 00:00:00-04:00,43.03126687044191,43.242794178984425,42.95370721593385,43.12997817993164,12885800
2013-08-21 00:00:00-04:00,42.84794487934029,43.010113838263784,42.467198963773114,42.622318267822266,12755200
2013-08-22 00:00:00-04:00,42.939622549668464,43.10179156909005,42.92552054497759,43.038333892822266,8041700
2013-08-23 00:00:00-04:00,43.278056645334395,43.41907398318029,43.15819096677668,43.41202163696289,10141600
2013-08-26 00:00:00-04:00,43.207539877204916,43.292151880494785,43.08767690706664,43.0947265625,8471000
2013-08-27 00:00:00-04:00,42.608220858324344,42.74923817813441,42.333238564019624,42.36144256591797,18839100
2013-08-28 00:00:00-04:00,42.12876736327749,42.46015769110106,42.07941170036954,42.31208801269531,10521700
2013-08-29 00:00:00-04:00,42.20632730221393,42.417851957420865,42.16402129529977,42.241580963134766,10555800
2013-08-30 00:00:00-04:00,42.03709107169047,42.051193068999254,41.712753202631404,41.71980285644531,21045300
2013-09-03 00:00:00-04:00,42.66462378360983,42.72103178424819,42.33323619374475,42.52360916137695,18912700
2013-09-04 00:00:00-04:00,42.45309705674351,42.96780793349436,42.410793748042664,42.90435028076172,11868800
2013-09-05 00:00:00-04:00,42.72102409343773,42.91139702679823,42.7139744394678,42.86909103393555,10523400
2013-09-06 00:00:00-04:00,43.05242046915717,43.228691430100795,42.76333620079688,43.101776123046875,16398000
2013-09-09 00:00:00-04:00,43.355606103206505,43.715197674813716,43.355606103206505,43.69404602050781,17398000
2013-09-10 00:00:00-04:00,44.05363803540514,44.20875734102631,44.00428238174048,44.18760299682617,15972400
2013-09-11 00:00:00-04:00,44.01134114151277,44.35683347832039,44.004291485108595,44.34273147583008,11864200
2013-09-12 00:00:00-04:00,44.117101708072255,44.2863230363553,44.081848049170475,44.088897705078125,16745000
2013-09-13 00:00:00-04:00,44.145299548627584,44.30746850868332,44.018384242552415,44.300418853759766,13590900
2013-09-16 00:00:00-04:00,44.878591147610884,44.878591147610884,44.610658513474725,44.645912170410156,18909500
2013-09-17 00:00:00-04:00,44.540146571217264,44.67411422729492,44.540146571217264,44.67411422729492,10370400
2013-09-18 00:00:00-04:00,44.709363885355,45.90800688958997,44.589500929772136,45.86570358276367,21359000
2013-09-19 00:00:00-04:00,45.87980419702917,45.88685654148834,45.58367028209611,45.647125244140625,19195600
2013-09-20 00:00:00-04:00,45.569576977690204,45.569576977690204,45.294594648073954,45.31574630737305,18878600
2013-09-23 00:00:00-04:00,45.32984737484672,45.37920303571904,45.09011872646042,45.30164337158203,17860700
2013-09-24 00:00:00-04:00,45.26638347411899,45.41445582449177,45.11126684768673,45.23113250732422,14979200
2013-09-25 00:00:00-04:00,45.20293121254377,45.37920219516034,45.13242389536983,45.28049087524414,14478100
2013-09-26 00:00:00-04:00,45.33689344014513,45.54136302160344,45.30163709610731,45.470855712890625,15653800
2013-09-27 00:00:00-04:00,45.259329653206784,45.42149591049929,45.21702096835289,45.308685302734375,17705800
2013-09-30 00:00:00-04:00,44.850383336271825,45.10421394813527,44.808077337734126,44.98434829711914,22274400
2013-10-01 00:00:00-04:00,45.03370616382632,45.33689513372514,44.94909685227403,45.22407913208008,15392400
2013-10-02 00:00:00-04:00,45.06189894643689,45.23817256028463,44.83627237867774,45.20996856689453,12620200
2013-10-03 00:00:00-04:00,45.11830854301663,45.1465098477321,44.836273978414404,44.91383361816406,16212700
2013-10-04 00:00:00-04:00,44.85038130741753,45.06895556577142,44.829229653946186,45.01959991455078,11699000
2013-10-07 00:00:00-04:00,44.462589843217664,44.76577612271539,44.448487843045505,44.55424880981445,17360800
2013-10-08 00:00:00-04:00,44.575414783029004,44.6388724555168,44.19466874810226,44.208770751953125,19635600
2013-10-09 00:00:00-04:00,44.370927774819975,44.483741085467955,44.09594549822063,44.399131774902344,19659500
2013-10-10 00:00:00-04:00,44.77988502429627,45.26639203087061,44.77283536754103,45.195884704589844,16423300
2013-10-11 00:00:00-04:00,45.20292513862296,45.456755749832666,45.17472113967047,45.435604095458984,13279100
2013-10-14 00:00:00-04:00,45.24523376650244,45.625979728078356,45.209982798189706,45.590728759765625,7213800
2013-10-15 00:00:00-04:00,45.40741058751684,45.49201722455924,45.32279857111044,45.372154235839844,15599400
2013-10-16 00:00:00-04:00,45.50611918439872,45.72469348945185,45.47086283483881,45.710594177246094,17389900
2013-10-17 00:00:00-04:00,45.964421245165944,46.33811485214075,45.92211255312275,46.31696319580078,21850200
2013-10-18 00:00:00-04:00,46.457974181363525,46.61309348817748,46.38041452795655,46.591941833496094,16283000
2013-10-21 00:00:00-04:00,46.528477427922844,46.662445068359375,46.48617412225336,46.662445068359375,11068000
2013-10-22 00:00:00-04:00,46.90217338037077,47.21241198283728,46.90217338037077,47.12779998779297,13015200
2013-10-23 00:00:00-04:00,46.68360156853381,46.711805568362784,46.51438294892287,46.66950225830078,13384700
2013-10-24 00:00:00-04:00,46.930386539798825,47.022050897164235,46.817575903747766,46.99384689331055,11820900
2013-10-25 00:00:00-04:00,46.85282238021387,46.86692707046973,46.73295940985497,46.8598747253418,16688300
2013-10-28 00:00:00-04:00,46.73295864417661,46.87397864760881,46.66950367715444,46.78231430053711,9936700
2013-10-29 00:00:00-04:00,46.824624597734804,46.89513191218837,46.754111903917966,46.88102722167969,12121400
2013-10-30 00:00:00-04:00,46.930373868226724,46.95152552056496,46.479120687137026,46.71179962158203,18774000
2013-10-31 00:00:00-04:00,46.58489157781781,46.711806890960226,46.380416607790416,46.450923919677734,22366900
2013-11-01 00:00:00-04:00,46.204148178412396,46.24645149199775,45.964422228944215,46.22529983520508,18921000
2013-11-04 00:00:00-05:00,46.30990929590309,46.450923919677734,46.21825032838588,46.450923919677734,27539500
2013-11-05 00:00:00-05:00,45.97147064036777,46.126589967542394,45.82340365880023,46.04903030395508,13129600
2013-11-06 00:00:00-05:00,46.457976264675395,46.570792267185574,46.35926495216052,46.450923919677734,16260600
2013-11-07 00:00:00-05:00,46.267602191809345,46.30285315518174,45.66122967643282,45.71763229370117,22820200
2013-11-08 00:00:00-05:00,45.618918605963174,45.9996644942867,45.61187164127444,45.985565185546875,15873000
2013-11-11 00:00:00-05:00,45.99966992087901,46.091334266269776,45.94326729990353,46.08428192138672,14206100
2013-11-12 00:00:00-05:00,45.95736507100191,46.05607637860649,45.80929810959504,45.929161071777344,13391000
2013-11-13 00:00:00-05:00,45.576615884647524,46.126580381710944,45.56251657572696,46.07722473144531,12669400
2013-11-14 00:00:00-05:00,46.07723380790309,46.34516914443459,46.034930493445906,46.288761138916016,14537100
2013-11-15 00:00:00-05:00,46.556681424823296,46.761156367829756,46.507325775088106,46.662445068359375,25278400
2013-11-18 00:00:00-05:00,46.93037496987007,46.95857896677052,46.59898473049278,46.662445068359375,12776200
2013-11-19 00:00:00-05:00,46.54963424575868,46.67654955621163,46.450922935335605,46.54258728027344,10664300
2013-11-20 00:00:00-05:00,46.59194771419405,46.690659034741465,46.09838573209345,46.21825408935547,18220600
2013-11-21 00:00:00-05:00,46.3733679939229,46.514388008406875,46.2958137101611,46.5073356628418,15963400
2013-11-22 00:00:00-05:00,46.50028019639664,46.69770820342377,46.47208157475591,46.641300201416016,18657100
2013-11-25 00:00:00-05:00,46.60604212790409,46.61309447273446,46.44387585234631,46.50027847290039,11835000
2013-11-26 00:00:00-05:00,46.408619507557425,46.542587162519645,46.359263852470754,46.50027847290039,14620200
2013-11-27 00:00:00-05:00,46.66245762224216,46.74001728974414,46.556693950251834,46.613101959228516,9667100
2013-11-29 00:00:00-05:00,46.9021803287512,46.944489022222555,46.70475769042969,46.70475769042969,13964200
2013-12-02 00:00:00-05:00,46.54258385610752,46.61309116131346,46.352208214752665,46.35926055908203,17686300
2013-12-03 00:00:00-05:00,46.12657869180124,46.21119068031206,45.89389975791817,46.03491973876953,14776300
2013-12-04 00:00:00-05:00,45.4990600118584,45.83045028228994,45.49200766713182,45.78814697265625,18603800
2013-12-05 00:00:00-05:00,45.64007963861412,45.73879094653231,45.463808677422655,45.52726364135742,13115500
2013-12-06 00:00:00-05:00,45.92211129183247,46.11248695238988,45.83750466879639,46.09133529663086,12965100
2013-12-09 00:00:00-05:00,46.00671677317052,46.11953276037873,45.97851277636846,46.04197311401367,11275800
2013-12-10 00:00:00-05:00,45.93621250524113,46.03492381088769,45.830448855087624,45.96441650390625,13978200
2013-12-11 00:00:00-05:00,45.97146171613818,45.97851406037623,45.51316154855266,45.5343132019043,14151000
2013-12-12 00:00:00-05:00,45.32279342555064,45.365096739269084,45.0901171310541,45.20293045043945,14118200
2013-12-13 00:00:00-05:00,45.19588005132478,45.231136400517336,45.01960906408922,45.17472839355469,12214200
2013-12-16 00:00:00-05:00,45.484962273895064,45.640081587063904,45.45675827337681,45.499061584472656,13338900
2013-12-17 00:00:00-05:00,45.37920303571904,45.3933023476696,45.181780392229776,45.30164337158203,15966500
2013-12-18 00:00:00-05:00,45.67288539850333,46.128049182727956,45.16082478475555,46.01425552368164,28970800
2013-12-19 00:00:00-05:00,45.864905415668595,46.09248730778091,45.815122046330906,46.01425552368164,20647100
2013-12-20 00:00:00-05:00,46.16360892794527,46.355628936251804,46.14226854837338,46.27739715576172,18427500
2013-12-23 00:00:00-05:00,46.5760962953926,46.768121725298215,46.512091436077355,46.7538948059082,15767500
2013-12-24 00:00:00-05:00,46.67566495438429,46.84635543823242,46.625881586423624,46.84635543823242,6708500
2013-12-26 00:00:00-05:00,47.052606916535645,47.13794674072553,47.04549345585959,47.10239028930664,8510500
2013-12-27 00:00:00-05:00,47.47930964767952,47.486417680478425,47.301511160080636,47.344181060791016,18585400
2013-12-30 00:00:00-05:00,47.46509173338472,47.58599885163005,47.42242182458064,47.5433235168457,14432400
2013-12-31 00:00:00-05:00,47.67844139840703,47.90602323744085,47.649992990280424,47.72111129760742,21704700
2014-01-02 00:00:00-05:00,47.08815275943346,47.130822661915275,46.753890720714004,46.87479782104492,26240600
2014-01-03 00:00:00-05:00,46.95301496973026,47.073922046377774,46.846340234421284,46.9245719909668,19270100
2014-01-06 00:00:00-05:00,46.97436741404339,47.01703731913212,46.82501189427328,46.8676872253418,14737600
2014-01-07 00:00:00-05:00,47.05971815315907,47.1877333241347,47.03126973449992,47.130836486816406,12075700
2014-01-08 00:00:00-05:00,47.16637957825123,47.20194144390462,47.009916050942564,47.11659622192383,17555600
2014-01-09 00:00:00-05:00,47.13794770741661,47.13794770741661,46.79657755169495,47.081050872802734,13128600
2014-01-10 00:00:00-05:00,47.29440128492666,47.54331810123035,47.24461792166592,47.514869689941406,19676400
2014-01-13 00:00:00-05:00,47.308631815086,47.422425481980106,47.017045039136065,47.10239028930664,19464700
2014-01-14 00:00:00-05:00,47.23750791080694,47.51487315864794,47.09527126995824,47.47931671142578,12268900
2014-01-15 00:00:00-05:00,47.45087344714145,47.706903769236,47.429538491297,47.6784553527832,12388800
2014-01-16 00:00:00-05:00,47.600222918842164,47.65711975097656,47.43664588295091,47.65711975097656,21172000
2014-01-17 00:00:00-05:00,47.63577679441432,47.67133323904076,47.443751374708874,47.514869689941406,22526900
2014-01-21 00:00:00-05:00,47.79223407649599,47.80646099487991,47.52198231297634,47.74245071411133,18600200
2014-01-22 00:00:00-05:00,47.72822922170695,47.770899124899636,47.614435578553696,47.74245071411133,12664100
2014-01-23 00:00:00-05:00,47.57177443104844,47.58600135205087,47.230404290717885,47.42242431640625,17691700
2014-01-24 00:00:00-05:00,46.718343226491605,46.72545126094719,46.12093734741211,46.12093734741211,25036300
2014-01-27 00:00:00-05:00,46.14226742442197,46.177829296862164,45.62309881306667,45.90757751464844,21487100
2014-01-28 00:00:00-05:00,46.12804864725807,46.35563053672853,46.106713692929624,46.30584716796875,15857600
2014-01-29 00:00:00-05:00,45.701319449240714,46.0284679772049,45.65153609555005,45.786659240722656,21210400
2014-01-30 00:00:00-05:00,45.98580586088114,46.09248061827973,45.78666698645155,46.0213623046875,14681000
2014-01-31 00:00:00-05:00,45.03991836240553,45.53063854407228,45.02569415651825,45.239051818847656,39572600
2014-02-03 00:00:00-05:00,45.18926719155821,45.24616130052708,44.293161236637786,44.31449890136719,45762000
2014-02-04 00:00:00-05:00,44.641651711244734,44.85500938779131,44.50652581579625,44.826560974121094,26309300
2014-02-05 00:00:00-05:00,44.80521923788799,44.95456931756344,44.63453149469488,44.919010162353516,17503900
2014-02-06 00:00:00-05:00,45.31727878369399,45.73688060436786,45.31016532501061,45.715545654296875,16589100
2014-02-07 00:00:00-05:00,45.95735317342872,46.32005816678943,45.85067299997833,46.312950134277344,14500900
2014-02-10 00:00:00-05:00,46.177836726524305,46.18495018735283,46.04982156151484,46.15650177001953,13885400
2014-02-11 00:00:00-05:00,46.41962838424418,46.97436424284683,46.405406892167946,46.88901901245117,18061900
2014-02-12 00:00:00-05:00,46.90324054462828,47.01703418525312,46.83212223222747,46.96725082397461,14801400
2014-02-13 00:00:00-05:00,46.55476652391808,47.137945486278944,46.53343156843838,47.1094970703125,17329500
2014-02-14 00:00:00-05:00,47.05971439007227,47.33707966734338,47.009931017894914,47.287296295166016,18540700
2014-02-18 00:00:00-05:00,47.60732910561263,47.74956573823627,47.47931396585946,47.69266891479492,16668600
2014-02-19 00:00:00-05:00,47.59311096611955,47.80647138039269,47.34419410012138,47.372642517089844,13139900
2014-02-20 00:00:00-05:00,47.322846545557915,47.60021175468414,47.223279825665394,47.53620147705078,14098500
2014-02-21 00:00:00-05:00,47.756677243890955,47.8846923784069,47.62154865024092,47.628662109375,12629800
2014-02-24 00:00:00-05:00,47.80646144706003,48.268738631278374,47.785126495261885,48.04115676879883,22573000
2014-02-25 00:00:00-05:00,48.055375664518756,48.190504253244384,47.84201530610768,47.92736053466797,16833800
2014-02-26 00:00:00-05:00,47.834919904296825,47.884703277607755,47.60733799402105,47.76380157470703,14872400
2014-02-27 00:00:00-05:00,47.63577383255077,47.94158745241768,47.54331514511563,47.92736053466797,11392500
2014-02-28 00:00:00-05:00,48.00558948343768,48.26873318655118,47.863352870174644,48.01270294189453,41960000
2014-03-03 00:00:00-05:00,47.209059612672725,47.32285326641348,46.8748029632644,46.995704650878906,27783400
2014-03-04 00:00:00-05:00,47.934473993542824,47.99847884547856,47.856242223857386,47.92736053466797,29272000
2014-03-05 00:00:00-05:00,47.856252359601136,47.977154056183515,47.799355528510446,47.884700775146484,16872800
2014-03-06 00:00:00-05:00,48.37540912437585,48.49631621720271,48.311404274625566,48.38252258300781,15087000
2014-03-07 00:00:00-05:00,48.29719473766996,48.332751187672315,47.87758739019064,48.1193962097168,21133800
2014-03-10 00:00:00-04:00,47.79935520001203,47.8562520307117,47.52910339315922,47.8206901550293,23329100
2014-03-11 00:00:00-04:00,47.728236425481384,47.891808029728125,47.42242274582403,47.472206115722656,17811900
2014-03-12 00:00:00-04:00,47.052599710027195,47.36552139409797,46.94591952014813,47.294403076171875,14151000
2014-03-13 00:00:00-04:00,47.39397490705521,47.42953678283539,46.32718374541505,46.41252899169922,35340200
2014-03-14 00:00:00-04:00,46.135151653853036,46.53341851369021,46.135151653853036,46.312950134277344,24796000
2014-03-17 00:00:00-04:00,46.67566339311473,46.95302863761507,46.654328439842395,46.89613723754883,24052700
2014-03-18 00:00:00-04:00,46.93169856398761,47.28018759026927,46.92459052947777,47.18772888183594,19417000
2014-03-19 00:00:00-04:00,47.13794595400942,47.15928090970082,46.31296358671859,46.611663818359375,22330200
2014-03-20 00:00:00-04:00,46.19915405077585,46.52630258627896,46.099587341100076,46.4338493347168,18788100
2014-03-21 00:00:00-04:00,46.66143909297701,46.803675723557255,46.31295554986966,46.34140396118164,17668300
2014-03-24 00:00:00-04:00,46.661444266297615,46.68989268076365,46.17783207233554,46.462310791015625,17552900
2014-03-25 00:00:00-04:00,46.81790074013908,47.073931005565534,46.67565868935804,46.96725082397461,20785500
2014-03-26 00:00:00-04:00,47.34418180393352,47.36551675462359,46.95302295468442,46.96013641357422,27028900
2014-03-27 00:00:00-04:00,47.137931218735694,47.2872812878694,47.0383645059799,47.194828033447266,22352000
2014-03-28 00:00:00-04:00,47.550437927246094,47.692674576755735,47.50776801758928,47.550437927246094,13875500
2014-03-31 00:00:00-04:00,47.91314343616649,47.98426175349809,47.749566422922,47.792236328125,24498300
2014-04-01 00:00:00-04:00,48.076721837587485,48.126505209373626,47.96293359892511,48.09805679321289,13738100
2014-04-02 00:00:00-04:00,48.10516455776583,48.29007652792548,48.04826773218134,48.19050979614258,15497500
2014-04-03 00:00:00-04:00,48.13360973362778,48.197614588621136,47.9273628242388,48.05537796020508,14943500
2014-04-04 00:00:00-04:00,48.24741035802437,48.318534116501496,47.83492185915423,47.90604019165039,20967400
2014-04-07 00:00:00-04:00,47.83491893028327,47.90603725842496,47.57177514758036,47.6784553527832,16647900
2014-04-08 00:00:00-04:00,47.50064762320444,47.749564436499774,47.45797771977655,47.64999771118164,12246200
2014-04-09 00:00:00-04:00,48.04115498752262,48.29007179257094,47.84201611750456,48.26162338256836,18492100
2014-04-10 00:00:00-04:00,48.04115773289089,48.090941096745475,47.365520165173166,47.40819549560547,23677900
2014-04-11 00:00:00-04:00,47.187726940254294,47.47931912257616,47.11660861621833,47.123722076416016,18550700
2014-04-14 00:00:00-04:00,47.36551826431807,47.479311906264535,47.166384816891245,47.39396667480469,13239000
2014-04-15 00:00:00-04:00,47.31572969522518,47.38684800062519,46.71121596035671,47.194828033447266,21055100
2014-04-16 00:00:00-04:00,47.58599513611306,47.799350089454954,47.45797999371599,47.77801513671875,19643900
2014-04-17 00:00:00-04:00,47.84913705656647,48.10516736063449,47.742456858874746,48.02693557739258,19204100
2014-04-21 00:00:00-04:00,48.02693971768172,48.11228496838856,47.9415998929556,48.09095001220703,10723800
2014-04-22 00:00:00-04:00,48.24029384287858,48.33986057606673,48.19051047628451,48.290077209472656,12342500
2014-04-23 00:00:00-04:00,48.247403111854126,48.247403111854126,48.09805300824845,48.17628479003906,11595300
2014-04-24 00:00:00-04:00,48.16206073473869,48.21184409995969,47.84913362421816,48.16917419433594,17646700
2014-04-25 00:00:00-04:00,48.08382502852906,48.09804652058176,47.79223289464429,47.93447494506836,19435900
2014-04-28 00:00:00-04:00,48.09094143186368,48.204729653190086,47.749565915924975,48.08382797241211,19986000
2014-04-29 00:00:00-04:00,48.33273731590965,48.49631430211047,48.28295395941008,48.39674758911133,16162500
2014-04-30 00:00:00-04:00,48.39675183557278,48.645668639911264,48.33274155675466,48.58877182006836,29172800
2014-05-01 00:00:00-04:00,48.63856984460322,48.80214689447231,48.574564972468146,48.723915100097656,17645400
2014-05-02 00:00:00-04:00,48.546120343745756,48.74525386279722,48.49633696398289,48.645687103271484,14332800
2014-05-05 00:00:00-04:00,48.29007988060226,48.63145000584998,48.190513141906656,48.61011505126953,18715300
2014-05-06 00:00:00-04:00,48.617222095653744,48.64567050666689,48.474985466567595,48.5247688293457,10209100
2014-05-07 00:00:00-04:00,48.51054671747273,48.61011345289443,48.31852670658235,48.5816650390625,12801700
2014-05-08 00:00:00-04:00,48.652782098886476,48.816353673460604,48.51765350825442,48.58877182006836,13187500
2014-05-09 00:00:00-04:00,48.55321468002288,48.5887765523831,48.34697318346934,48.51765823364258,8089900
2014-05-12 00:00:00-04:00,48.70258049845708,48.85193062717749,48.659905157407636,48.837703704833984,13953600
2014-05-13 00:00:00-04:00,48.9088134765625,48.930153856341875,48.795025247639714,48.9088134765625,18673500
2014-05-14 00:00:00-04:00,48.894599896940925,49.001280109185,48.75236323126949,48.816368103027344,15816700
2014-05-15 00:00:00-04:00,48.70966554538497,48.73811395066485,48.41807888672866,48.60298538208008,20007500
2014-05-16 00:00:00-04:00,48.6101119176253,48.709678649902344,48.52477210480494,48.709678649902344,12874500
2014-05-19 00:00:00-04:00,48.44654344883259,48.645676926223814,48.432316528458756,48.61011505126953,9415200
2014-05-20 00:00:00-04:00,48.43943848231488,48.46788690207056,48.16207317217356,48.3043098449707,13695200
2014-05-21 00:00:00-04:00,48.503437733717014,48.69546318830883,48.48210277786917,48.681236267089844,10953400
2014-05-22 00:00:00-04:00,48.68833100268795,48.795011166879725,48.65277456527639,48.7452278137207,8121800
2014-05-23 00:00:00-04:00,48.70967586014862,48.92303623193962,48.70967586014862,48.873252868652344,7649000
2014-05-27 00:00:00-04:00,49.22885036735165,49.2572987789426,49.05816532378565,49.221736907958984,9819700
2014-05-28 00:00:00-04:00,49.0866094902017,49.115057902477,48.96570780751659,49.05816650390625,8894300
2014-05-29 00:00:00-04:00,49.27153492782902,49.35688018798828,49.17196817063389,49.35688018798828,16668400
2014-05-30 00:00:00-04:00,49.299961437038995,49.392414691635665,49.25729153891421,49.36397171020508,15728200
2014-06-02 00:00:00-04:00,49.52754779126203,49.52754779126203,49.356862757203665,49.46354293823242,8915100
2014-06-03 00:00:00-04:00,49.29997382894279,49.363984118198324,49.2786388745177,49.34264373779297,9629100
2014-06-04 00:00:00-04:00,49.235961652888356,49.378198278583405,49.186178291297146,49.32841491699219,10850800
2014-06-05 00:00:00-04:00,49.47065490071384,49.71246369198455,49.29285639353648,49.6697883605957,11099400
2014-06-06 00:00:00-04:00,49.79779854122134,49.940040588378906,49.7195721977588,49.940040588378906,11780100
2014-06-09 00:00:00-04:00,49.74802054127643,49.91871101625643,49.7266855883989,49.890262603759766,12685200
2014-06-10 00:00:00-04:00,49.6769043996847,49.78358459472656,49.598672618386004,49.78358459472656,11347600
2014-06-11 00:00:00-04:00,49.56310493195052,49.62710977887407,49.47775971007356,49.5346565246582,8827200
2014-06-12 00:00:00-04:00,49.69113122861181,49.74091459607622,49.46354934506302,49.54888916015625,10679500
2014-06-13 00:00:00-04:00,49.58444595336914,49.68401267809643,49.463544277054524,49.58444595336914,22214700
2014-06-16 00:00:00-04:00,49.49910042065233,49.648450506836916,49.47065201004867,49.59866714477539,9584600
2014-06-17 00:00:00-04:00,49.363988302832375,49.570229830411705,49.34976138135611,49.5631217956543,9222700
2014-06-18 00:00:00-04:00,49.62000607556333,50.004051510542425,49.45643448394887,49.989830017089844,14870300
2014-06-19 00:00:00-04:00,50.30275375963169,50.34542366310802,50.167625163983885,50.26007843017578,12490400
2014-06-20 00:00:00-04:00,50.18896514626811,50.21741356009697,50.082284950904935,50.17474365234375,16113100
2014-06-23 00:00:00-04:00,49.94716616220775,50.06095440155451,49.81203754112666,50.03961944580078,9836000
2014-06-24 00:00:00-04:00,49.93293531772494,49.98271868589894,49.66979155681658,49.726688385009766,17809900
2014-06-25 00:00:00-04:00,49.46874260246939,49.75291964761723,49.46145444357842,49.70920181274414,17373100
2014-06-26 00:00:00-04:00,49.636337582947746,49.75292033062188,49.308437139189046,49.74563217163086,14342000
2014-06-27 00:00:00-04:00,49.5780444505198,49.796639191624294,49.52703845500509,49.7747802734375,9721300
2014-06-30 00:00:00-04:00,49.665474935969954,49.869498873882414,49.658186778405835,49.8184928894043,16580700
2014-07-01 00:00:00-04:00,50.07352649048197,50.335844589708046,50.04437941731954,50.25569152832031,12975000
2014-07-02 00:00:00-04:00,50.24111656712394,50.34312854632581,50.18282797846281,50.335845947265625,11254400
2014-07-03 00:00:00-04:00,50.32127789599366,50.48887220891623,50.29941897675089,50.4378662109375,7757300
2014-07-07 00:00:00-04:00,50.051675976705695,50.12454089222442,49.97152290186409,50.04438781738281,8533400
2014-07-08 00:00:00-04:00,49.75292357221814,49.76021173168402,49.388593428239695,49.519752502441406,11505200
2014-07-09 00:00:00-04:00,49.46873778288051,49.74562664216093,49.4395907093927,49.680049896240234,15042700
2014-07-10 00:00:00-04:00,48.79108897855983,49.148130939392644,48.76194190186623,49.13356018066406,12905700
2014-07-11 00:00:00-04:00,49.067975084085255,49.199134142146015,48.944104184593456,49.16270446777344,11225800
2014-07-14 00:00:00-04:00,49.629050565493706,49.636338724652376,49.50517965597935,49.52703857421875,9020800
2014-07-15 00:00:00-04:00,49.5707602984435,49.61447813835103,49.199141981518466,49.40317153930664,12444500
2014-07-16 00:00:00-04:00,49.75291964761723,49.78206672394475,49.62904874265256,49.70920181274414,9427600
2014-07-17 00:00:00-04:00,49.41773132352945,49.621755276765555,49.04611308914325,49.075260162353516,15085100
2014-07-18 00:00:00-04:00,49.199138161277546,49.54160937192617,49.169996643093334,49.461456298828125,11615300
2014-07-21 00:00:00-04:00,49.15541453588514,49.30843250489644,49.053402556544285,49.2792854309082,12114800
2014-07-22 00:00:00-04:00,49.54161212605264,49.592618124565426,49.46874720806822,49.497894287109375,12232800
2014-07-23 00:00:00-04:00,49.69461929411252,49.69461929411252,49.54888948989534,49.59989547729492,8668200
2014-07-24 00:00:00-04:00,49.73834298466591,49.782060814349286,49.65090176606344,49.71648406982422,6826200
2014-07-25 00:00:00-04:00,49.62905092640693,49.65819800401697,49.3230149503565,49.5124626159668,8885700
2014-07-28 00:00:00-04:00,49.519752502441406,49.59261741938973,49.24286359434305,49.519752502441406,8065900
2014-07-29 00:00:00-04:00,49.65819909429884,49.68734617254882,49.38859278991408,49.41773986816406,9154800
2014-07-30 00:00:00-04:00,49.417728791275614,49.51974076266639,49.15541070506063,49.34486389160156,11169300
2014-07-31 00:00:00-04:00,48.842088990729664,48.90767129506678,48.470470757448055,48.52147674560547,26161000
2014-08-01 00:00:00-04:00,48.324749416840795,48.50691448634928,48.09157835023941,48.186302185058594,25398300
2014-08-04 00:00:00-04:00,48.39033056530676,48.49962515698585,48.11343610842211,48.41218948364258,15220800
2014-08-05 00:00:00-04:00,48.14258700502999,48.17902224463778,47.698103766152784,47.79282760620117,20914100
2014-08-06 00:00:00-04:00,47.428487850093894,47.80739425209124,47.42120525103558,47.67623519897461,16592700
2014-08-07 00:00:00-04:00,47.77826309353926,47.82926910011764,47.166191014598624,47.290061950683594,17344900
2014-08-08 00:00:00-04:00,47.24632044017123,47.5960797507033,47.151596624035875,47.566932678222656,15434200
2014-08-11 00:00:00-04:00,47.77823917110711,47.86568037827611,47.70537427808378,47.74909210205078,10497600
2014-08-12 00:00:00-04:00,47.676234141131765,47.785534276176456,47.596081079381385,47.712669372558594,12398400
2014-08-13 00:00:00-04:00,47.99684941899214,48.08428508516056,47.88754927704547,47.98227310180664,12378700
2014-08-14 00:00:00-04:00,48.16443977682281,48.24459284633863,48.09157486614561,48.2373046875,11941600
2014-08-15 00:00:00-04:00,48.463196648623,48.54334972394567,47.800113127178484,48.186302185058594,23432900
2014-08-18 00:00:00-04:00,48.40489471068188,48.52147744562258,48.37574763713774,48.49961853027344,11630700
2014-08-19 00:00:00-04:00,48.52147774339399,48.616207122802734,48.499618827910695,48.616207122802734,8514300
2014-08-20 00:00:00-04:00,48.33203673066024,48.52877255622343,48.32474857142112,48.46319580078125,11419400
2014-08-21 00:00:00-04:00,48.59434853476084,48.74007834512197,48.56520146084143,48.667213439941406,8522800
2014-08-22 00:00:00-04:00,48.52876770797603,48.56520294129496,48.266449593940806,48.434043884277344,9000900
2014-08-25 00:00:00-04:00,48.659934250406295,48.87853456547521,48.63078717111464,48.74737548828125,13867600
2014-08-26 00:00:00-04:00,48.805663738137376,48.9586817164655,48.74008142786174,48.75465774536133,22103600
2014-08-27 00:00:00-04:00,48.95868828151694,48.96597088200702,48.798382122942975,48.849388122558594,10792900
2014-08-28 00:00:00-04:00,48.550618584323416,48.66720686424817,48.506900758969216,48.63077163696289,10674300
2014-08-29 00:00:00-04:00,48.616209209577946,48.652638883868484,48.42675600186434,48.60892105102539,19832700
2014-09-02 00:00:00-04:00,48.754659167025174,48.754659167025174,48.53605887204713,48.70364761352539,14537000
2014-09-03 00:00:00-04:00,49.14812785765706,49.162704174708104,48.95868020988227,49.04611587524414,15490700
2014-09-04 00:00:00-04:00,48.980544443140396,49.1189916739735,48.69636738139423,48.812950134277344,11043000
2014-09-05 00:00:00-04:00,48.674506381372986,48.83480696482827,48.55791807423846,48.82023620605469,9374300
2014-09-08 00:00:00-04:00,48.45591259653416,48.536065678650864,48.208170749436874,48.302894592285156,13282600
2014-09-09 00:00:00-04:00,48.244589404128995,48.244589404128995,48.0041302127381,48.16443634033203,15015000
2014-09-10 00:00:00-04:00,48.1644431227097,48.44133758544922,48.11343712576875,48.44133758544922,14634800
2014-09-11 00:00:00-04:00,48.09886131871427,48.193585143310735,47.97498485979749,48.17172622680664,12136700
2014-09-12 00:00:00-04:00,48.12801224360248,48.16444192094463,47.97498869736103,48.10614776611328,12022900
2014-09-15 00:00:00-04:00,48.040566550334056,48.06971362504315,47.91669565224745,48.00413131713867,8709500
2014-09-16 00:00:00-04:00,47.74910092695458,48.2737371484609,47.734530169350975,48.208160400390625,14405100
2014-09-17 00:00:00-04:00,48.06971611295902,48.164439941239095,47.7491038338013,47.865692138671875,19753900
2014-09-18 00:00:00-04:00,48.13529270070466,48.28102808129539,48.128010101102376,48.2373046875,14467500
2014-09-19 00:00:00-04:00,48.302880797607116,48.317451554177474,48.0332745475527,48.06970977783203,11800500
2014-09-22 00:00:00-04:00,48.01142405428295,48.01871221346428,47.749105916120925,47.85840606689453,29390800
2014-09-23 00:00:00-04:00,47.53779467636926,47.68353006658006,47.39935300471488,47.4576416015625,18721700
2014-09-24 00:00:00-04:00,47.464922385437866,47.73452864600694,47.326475176059716,47.69809341430664,12589900
2014-09-25 00:00:00-04:00,47.450356090396674,47.450356090396674,46.94757875367907,46.99858474731445,15639300
2014-09-26 00:00:00-04:00,47.151598483869726,47.34105168284882,47.03501574858434,47.195316314697266,14040200
2014-09-29 00:00:00-04:00,46.69254474401035,46.889280542650745,46.62696521792423,46.758121490478516,17351800
2014-09-30 00:00:00-04:00,46.626964533165676,46.87470909700621,46.524949776604835,46.7216911315918,17807600
2014-10-01 00:00:00-04:00,46.45208472962731,46.51037887605363,46.07318111670993,46.16790771484375,21791100
2014-10-02 00:00:00-04:00,45.91287308196357,45.963881847771674,45.249792481871566,45.67241668701172,21687600
2014-10-03 00:00:00-04:00,45.60683716482162,45.730708051393044,45.490251656441195,45.67241668701172,11116900
2014-10-06 00:00:00-04:00,45.92017327092667,46.02947065013439,45.665140493538296,45.96389389038086,16614000
2014-10-07 00:00:00-04:00,45.65784190940777,45.67970082300412,45.17692635296415,45.18421173095703,15615700
2014-10-08 00:00:00-04:00,45.23522712110926,45.971172709365334,45.06763282693023,45.89830780029297,18310300
2014-10-09 00:00:00-04:00,45.45381671087099,45.5485405202426,44.61585650440283,44.66686248779297,23813400
2014-10-10 00:00:00-04:00,44.45555968371355,44.57943336897974,43.98193219906054,43.99650573730469,26414400
2014-10-13 00:00:00-04:00,44.4847085462035,44.59400869761379,43.92363980955941,43.93821334838867,16363600
2014-10-14 00:00:00-04:00,44.2588165251107,44.41183448186541,43.96735136781034,44.04750442504883,22292200
2014-10-15 00:00:00-04:00,43.75603969563951,43.83619275366181,42.969088210621294,43.785186767578125,37303900
2014-10-16 00:00:00-04:00,42.7577762377979,43.785186899990045,42.70677025155996,43.37713623046875,49006500
2014-10-17 00:00:00-04:00,44.05479598637546,44.302540570967146,43.923636925143505,44.18595504760742,22794100
2014-10-20 00:00:00-04:00,44.13494720926467,44.53570975532884,44.12037367200187,44.46284484863281,22996200
2014-10-21 00:00:00-04:00,44.69601567193719,45.031198688525414,44.65958321876334,44.99476623535156,16849600
2014-10-22 00:00:00-04:00,44.96561301034274,45.08948666973138,44.63043003960253,44.66686248779297,13982300
2014-10-23 00:00:00-04:00,45.04577668890545,45.32995374328327,44.994770693484725,45.09678268432617,17097000
2014-10-24 00:00:00-04:00,45.22066109102743,45.35910555309709,45.0822138493392,45.34453201293945,12251100
2014-10-27 00:00:00-04:00,44.94376781040141,45.29352442305756,44.87818827180223,45.089500427246094,17838400
2014-10-28 00:00:00-04:00,45.5631210127506,45.78172129450786,45.50482964266856,45.77443313598633,14653100
2014-10-29 00:00:00-04:00,45.90559444260903,45.99303289182567,45.278946200717044,45.424678802490234,21781800
2014-10-30 00:00:00-04:00,45.27895222616268,45.891027011366695,45.23523438554575,45.75258255004883,14596000
2014-10-31 00:00:00-04:00,46.422936810809574,46.61967538198792,46.291777763357345,46.597816467285156,22786800
2014-11-03 00:00:00-05:00,46.28449425861882,46.35007378499963,46.051323226957706,46.19705581665039,14384800
2014-11-04 00:00:00-05:00,45.8618704738136,45.956597074980515,45.65784651402454,45.93473815917969,12741800
2014-11-05 00:00:00-05:00,46.036748371718815,46.08775435970796,45.81815088324852,46.02217483520508,13033500
2014-11-06 00:00:00-05:00,45.920165730618486,46.036751250400606,45.65784761620421,45.77443313598633,13624500
2014-11-07 00:00:00-05:00,45.621410664000486,45.81086107260911,45.453819169565,45.796287536621094,10950900
2014-11-10 00:00:00-05:00,45.971177170962605,46.05133024649209,45.83273271844155,46.00032424926758,10235200
2014-11-11 00:00:00-05:00,46.11689927129902,46.328211371417474,46.02217267820838,46.27720260620117,12372800
2014-11-12 00:00:00-05:00,45.76715013090917,45.96388872692421,45.75986197200962,45.88373565673828,9970700
2014-11-13 00:00:00-05:00,45.934737748732886,46.19705585447088,45.90559067484689,46.10232925415039,18654700
2014-11-14 00:00:00-05:00,45.818151175139526,46.18976662994467,45.81086301702729,46.16790771484375,13368600
2014-11-17 00:00:00-05:00,45.78900209548008,46.029458489907256,45.767143181337005,45.985740661621094,11203700
2014-11-18 00:00:00-05:00,46.32821061425097,46.56866700248317,46.29906354306595,46.4885139465332,19695400
2014-11-19 00:00:00-05:00,46.36464448940987,46.510377070199425,46.15333238624591,46.35007095336914,13908800
2014-11-20 00:00:00-05:00,45.88373073554748,46.19705482378653,45.86915719892963,46.07318115234375,16494400
2014-11-21 00:00:00-05:00,46.64881867609136,46.677965748149425,46.320923844100335,46.473941802978516,22414400
2014-11-24 00:00:00-05:00,46.67797466185511,46.75084513553353,46.583250829004434,46.74355697631836,16662600
2014-11-25 00:00:00-05:00,46.7508464787284,46.874717392762044,46.64882892449488,46.82371139526367,18289600
2014-11-26 00:00:00-05:00,46.881990556059236,47.02772591903145,46.809125654190964,47.00586700439453,9788000
2014-11-28 00:00:00-05:00,46.70711485131022,46.75083824091646,46.5905293376259,46.6269645690918,8429300
2014-12-01 00:00:00-05:00,46.656116869325125,46.692552107043575,46.43751934110636,46.583251953125,14827800
2014-12-02 00:00:00-05:00,46.67796982674936,46.72897581749886,46.575957845250365,46.71440505981445,19349300
2014-12-03 00:00:00-05:00,46.59782129910746,46.699830504837145,46.532241768581265,46.65611267089844,10722400
2014-12-04 00:00:00-05:00,46.532236977488644,46.69982569648911,46.350071942518596,46.503089904785156,18286400
2014-12-05 00:00:00-05:00,46.61967989151058,46.75084173126794,46.4958089900558,46.605106353759766,13947000
2014-12-08 00:00:00-05:00,46.33550024806857,46.42293869003699,46.16062058451375,46.19705581665039,14590200
2014-12-09 00:00:00-05:00,45.76714146469674,45.98573893678165,45.628694268002754,45.94930648803711,18136300
2014-12-10 00:00:00-05:00,45.83272745939091,45.83272745939091,45.29351769109374,45.36638259887695,27669700
2014-12-11 00:00:00-05:00,45.43924926471646,45.67242029992227,45.257084219735795,45.30809020996094,19542600
2014-12-12 00:00:00-05:00,45.184223589252944,45.2643766662988,44.40455729736431,44.4337043762207,31169600
2014-12-15 00:00:00-05:00,44.564866340700334,44.63773126294688,43.55931429191004,43.69776153564453,38599900
2014-12-16 00:00:00-05:00,43.734190012928906,44.564862281193754,43.66132231770142,44.01108169555664,38250500
2014-12-17 00:00:00-05:00,44.16190149550619,44.85353972346398,44.13982880096787,44.53715133666992,28795300
2014-12-18 00:00:00-05:00,45.04485369086223,45.39803089962721,44.97127335145102,45.331809997558594,33053700
2014-12-19 00:00:00-05:00,45.22879876281205,45.53047112694306,45.12578909800675,45.39802932739258,29690700
2014-12-22 00:00:00-05:00,45.596694086013635,45.6481989207424,45.43482014440721,45.61876678466797,24782500
2014-12-23 00:00:00-05:00,45.52312349810625,45.58198778286544,45.40539773539145,45.47161865234375,21929200
2014-12-24 00:00:00-05:00,45.53047730597692,45.780644871656044,45.45689695912822,45.677635192871094,12379400
2014-12-26 00:00:00-05:00,45.81743708219329,45.876298557289026,45.7585728002941,45.79536437988281,17681100
2014-12-29 00:00:00-05:00,45.40540343856002,45.626138920525406,45.39804680544288,45.46426773071289,22005600
2014-12-30 00:00:00-05:00,45.20673965544395,45.25088787357488,45.030152396527974,45.04486846923828,20271600
2014-12-31 00:00:00-05:00,45.21409293647435,45.221449568425506,44.74318990110282,44.765262603759766,22495000
2015-01-02 00:00:00-05:00,44.91977334447363,44.97863762232833,44.48565911910663,44.57395553588867,24674800
2015-01-05 00:00:00-05:00,43.94854057537536,43.985329350120615,43.411416605044636,43.521785736083984,28468200
2015-01-06 00:00:00-05:00,43.48499173548428,43.63950907170435,42.88900632007627,43.028804779052734,21711600
2015-01-07 00:00:00-05:00,43.37462299956053,43.58064236063193,43.09502329038986,43.50706481933594,19048900
2015-01-08 00:00:00-05:00,43.77194658355156,44.250206195091835,43.749871076665926,44.0956916809082,16680000
2015-01-09 00:00:00-05:00,44.14718872671237,44.14718872671237,43.661569762990645,43.88230514526367,17938200
2015-01-12 00:00:00-05:00,43.93382667945189,43.9706154560187,43.565933300176354,43.77931213378906,18561200
2015-01-13 00:00:00-05:00,44.32379373306599,44.43416005819217,43.691016697849555,44.00004577636719,15396200
2015-01-14 00:00:00-05:00,43.78666162081439,43.96325164904248,43.57328562882635,43.87495803833008,16051900
2015-01-15 00:00:00-05:00,44.40472385132873,44.448872061420744,44.04418995938907,44.15455627441406,21885100
2015-01-16 00:00:00-05:00,44.20606955598463,44.765266254390234,44.13984863580994,44.728477478027344,29675500
2015-01-20 00:00:00-05:00,45.08163922394031,45.11107135759394,44.70638653686338,44.88297653198242,19318000
2015-01-21 00:00:00-05:00,44.86827075835725,45.250880163220394,44.80204984584625,45.23616409301758,26882500
2015-01-22 00:00:00-05:00,45.103726869583106,45.523125089339594,45.008073806907724,45.405399322509766,15610400
2015-01-23 00:00:00-05:00,45.32445633358187,45.449541523112636,45.13315304035067,45.14786911010742,19495700
2015-01-26 00:00:00-05:00,45.51576639643949,45.868943680941015,45.39804063493898,45.765933990478516,18463300
2015-01-27 00:00:00-05:00,45.670279351301076,45.927803568543375,45.56726966440416,45.8321533203125,20064300
2015-01-28 00:00:00-05:00,45.8468669861351,45.89837182688209,45.125796408873946,45.14786911010742,20033100
2015-01-29 00:00:00-05:00,45.53783909959473,45.802722764671756,45.37596512498019,45.765933990478516,31207900
2015-01-30 00:00:00-05:00,45.31710879736934,45.47898279037888,45.030152396527974,45.04486846923828,39271000
2015-02-02 00:00:00-05:00,45.346535869114774,45.69235371530109,45.221450668474446,45.5893440246582,24878700
2015-02-03 00:00:00-05:00,45.8689415892417,46.3987088952375,45.85422551887477,46.317771911621094,27679400
2015-02-04 00:00:00-05:00,46.0749562197747,46.31776714563928,45.898369007148766,45.935157775878906,17454200
2015-02-05 00:00:00-05:00,46.23683519017599,46.57529639012425,46.17797090837449,46.56793975830078,23933500
2015-02-06 00:00:00-05:00,46.126462265918036,46.28097958951816,45.85422200201825,45.986663818359375,18530100
2015-02-09 00:00:00-05:00,45.611419454784766,45.89837582301703,45.611419454784766,45.765933990478516,15940500
2015-02-10 00:00:00-05:00,46.05288761261474,46.22211820925541,45.846868243974505,46.18532943725586,14302500
2015-02-11 00:00:00-05:00,45.88365293829608,46.03081082001978,45.707062918867,45.935157775878906,16405400
2015-02-12 00:00:00-05:00,46.251546930932896,46.65622900662308,46.251546930932896,46.64887237548828,16664700
2015-02-13 00:00:00-05:00,46.84017145107834,46.97261325402978,46.83281482060456,46.9578971862793,17919100
2015-02-17 00:00:00-05:00,46.86961650716473,47.163929522899174,46.75189073951021,47.06827926635742,13660300
2015-02-18 00:00:00-05:00,47.20807803003211,47.48767495906327,47.1197816038926,47.34787368774414,16777800
2015-02-19 00:00:00-05:00,47.34787018681219,47.5833216921677,47.318438046941914,47.406734466552734,17091000
2015-02-20 00:00:00-05:00,47.26693720015662,48.024796621642075,47.18600021207495,47.848209381103516,34658700
2015-02-23 00:00:00-05:00,47.59067012302854,47.759903484738025,47.553878553298745,47.6789665222168,13630900
2015-02-24 00:00:00-05:00,47.66425664000447,48.03950939033345,47.5759658377669,47.97328567504883,16373400
2015-02-25 00:00:00-05:00,47.899713116991016,48.0689465282244,47.840848833639654,48.01008224487305,10224800
2015-02-26 00:00:00-05:00,47.89970865661016,48.00271833607934,47.774626276341365,47.87763595581055,12791000
2015-02-27 00:00:00-05:00,47.92178431104677,48.08365827836294,47.84820676597765,47.89971160888672,22960900
2015-03-02 00:00:00-05:00,47.88499487281127,47.98800455115939,47.80405789502254,47.97328567504883,21297800
2015-03-03 00:00:00-05:00,47.79668944086243,47.86291314365497,47.553878553298745,47.6789665222168,12564400
2015-03-04 00:00:00-05:00,47.41410097398986,47.52446449794936,47.14921728927201,47.48767852783203,15625100
2015-03-05 00:00:00-05:00,47.63482749980285,47.74519662315353,47.50974511302193,47.59804153442383,15540900
2015-03-06 00:00:00-05:00,47.22278653412753,47.32579621410323,46.90639805602888,46.95054626464844,24040500
2015-03-09 00:00:00-04:00,46.92847871008425,47.082996063037704,46.87697386136768,47.024131774902344,11909000
2015-03-10 00:00:00-04:00,46.251552324913455,46.339845942843965,45.97931203232567,46.00138473510742,20980000
2015-03-11 00:00:00-04:00,46.08230989919703,46.22210832562373,45.90571990183449,46.11909866333008,20000400
2015-03-12 00:00:00-04:00,46.64887065346056,46.70773212077563,46.45020793851644,46.693016052246094,16362200
2015-03-13 00:00:00-04:00,46.31776288679615,46.45756131783771,46.12645681610468,46.420772552490234,16277200
2015-03-16 00:00:00-04:00,46.74451738417849,47.01676042135975,46.72244468644055,46.943180084228516,15828700
2015-03-17 00:00:00-04:00,46.70774039372088,46.89168707271638,46.575298560299835,46.82546615600586,16273300
2015-03-18 00:00:00-04:00,46.81810677228003,47.89971127257987,46.80339070200884,47.826133728027344,28290700
2015-03-19 00:00:00-04:00,47.266925811767585,47.39201379005084,47.14184344709013,47.26692581176758,20155100
2015-03-20 00:00:00-04:00,48.06158194865484,48.488339536894905,47.907067431589944,48.31175231933594,28789300
2015-03-23 00:00:00-04:00,48.4736246308123,48.657571301469986,48.355901680666975,48.554561614990234,13958700
2015-03-24 00:00:00-04:00,48.642855629853045,48.716433171752456,48.4515495300293,48.4515495300293,18037300
2015-03-25 00:00:00-04:00,48.62814046929723,48.701723630426216,48.19402900939286,48.22346115112305,17853700
2015-03-26 00:00:00-04:00,47.81142132831869,47.91443101527456,47.48767339011059,47.80406188964844,24344500
2015-03-27 00:00:00-04:00,47.81141524787577,47.980643020521526,47.693686698551595,47.92913818359375,16596700
2015-03-30 00:00:00-04:00,47.92177699927362,48.068937680565334,47.89970430048136,47.95856857299805,27480200
2015-03-31 00:00:00-04:00,47.19335088471804,47.48766664001679,47.14184604856122,47.215423583984375,27717200
2015-04-01 00:00:00-04:00,47.575964727224694,47.575964727224694,47.21542524781571,47.55388641357422,30907000
2015-04-02 00:00:00-04:00,47.833492928440016,48.00272071870769,47.774628647648306,47.96593475341797,15597200
2015-04-06 00:00:00-04:00,48.26024343020555,48.67228776933413,48.12780722295059,48.4515495300293,16304600
2015-04-07 00:00:00-04:00,48.52512584217943,48.73850463780478,48.36325749954553,48.38533020019531,13742900
2015-04-08 00:00:00-04:00,48.85622652488461,48.87829922252193,48.37796415952181,48.59134292602539,16148300
2015-04-09 00:00:00-04:00,48.635500996561326,48.66493313895018,48.422122174447495,48.65757369995117,17741100
2015-04-10 00:00:00-04:00,48.554550288209356,48.760569613108764,48.51040489390393,48.75321578979492,12665800
2015-04-13 00:00:00-04:00,48.53249122071439,48.65021979006535,48.35590398029512,48.44419479370117,15048700
2015-04-14 00:00:00-04:00,48.73850574461022,48.8341616010735,48.65756876465204,48.80472946166992,13929800
2015-04-15 00:00:00-04:00,48.93716848998424,49.10639626489096,48.72378970168796,49.02545928955078,13210600
2015-04-16 00:00:00-04:00,49.07696859590333,49.29770684213171,48.863595401784494,49.15790557861328,17461200
2015-04-17 00:00:00-04:00,48.51776418645789,48.591341714616526,48.33381755925853,48.53983688354492,18805200
2015-04-20 00:00:00-04:00,48.56927022838807,48.731144162536005,48.53247865658874,48.59134292602539,12557400
2015-04-21 00:00:00-04:00,49.01810546532442,49.14318784044787,48.922449614318964,49.02545928955078,10696800
2015-04-22 00:00:00-04:00,49.04017966037577,49.13582990069118,48.79736872695229,49.121116638183594,8776100
2015-04-23 00:00:00-04:00,48.84887540958835,49.378642697556764,48.81944326985603,49.3050651550293,12240700
2015-04-24 00:00:00-04:00,49.49635846907642,49.672951281875676,49.29033913441646,49.59201431274414,11090300
2015-04-27 00:00:00-04:00,49.86425776320697,50.077636560900935,49.78332639790867,49.83483123779297,18320600
2015-04-28 00:00:00-04:00,49.709749150766264,49.908414709361466,49.555234612751775,49.89369583129883,13769200
2015-04-29 00:00:00-04:00,49.51844374698738,49.68031209441575,49.268273367131464,49.45957946777344,19465500
2015-04-30 00:00:00-04:00,49.11375916120941,49.23884154514089,48.87830765644151,48.937171936035156,27726500
2015-05-01 00:00:00-04:00,49.19470634472168,49.59203189396997,49.04019178894866,49.48166275024414,28710200
2015-05-04 00:00:00-04:00,49.45222178045425,49.51844550031641,49.33449883146473,49.43014907836914,18863100
2015-05-05 00:00:00-04:00,49.22412994743379,49.23148938603365,48.62078509520281,48.69436264038086,21317400
2015-05-06 00:00:00-04:00,49.00338175204168,49.07695928228564,48.61341578950352,48.819435119628906,16573500
2015-05-07 00:00:00-04:00,48.60606885417247,48.723797423727895,48.45155431683635,48.65757369995117,17710600
2015-05-08 00:00:00-04:00,49.50371889490251,49.856898913947965,49.48900563367835,49.783321380615234,30634400
2015-05-11 00:00:00-04:00,49.41543254727025,49.5773008897265,49.327136131161545,49.34920883178711,14535400
2015-05-12 00:00:00-04:00,49.26090654260051,49.44485317735795,49.172615750624644,49.31977081298828,12054200
2015-05-13 00:00:00-04:00,49.82747292147039,49.95991474324136,49.61409411897233,49.68767166137695,14542800
2015-05-14 00:00:00-04:00,50.12913874780181,50.298372134811906,50.033488511252074,50.283653259277344,18271700
2015-05-15 00:00:00-04:00,50.11442960042375,50.38667268410286,50.01877935602082,50.34252166748047,14671800
2015-05-18 00:00:00-04:00,50.107077968329975,50.21744710667054,50.02614097445406,50.173301696777344,11873600
2015-05-19 00:00:00-04:00,49.97463137539038,50.0997137672715,49.9157670920556,49.981990814208984,11406600
2015-05-20 00:00:00-04:00,49.959913775903324,50.23951067706991,49.886336234923334,50.07763671875,13862700
2015-05-21 00:00:00-04:00,50.151221178674625,50.416099210375535,50.11442960042375,50.34252166748047,11439500
2015-05-22 00:00:00-04:00,50.08499785968994,50.12914326305746,49.97462873766442,50.01877975463867,12172900
2015-05-26 00:00:00-04:00,49.5625874902949,49.5846601908595,49.02546078426174,49.121116638183594,20327400
2015-05-27 00:00:00-04:00,49.179976715951284,49.650885333831255,49.157904014752,49.59938049316406,17786100
2015-05-28 00:00:00-04:00,49.34184830515014,49.56258653374882,49.121115690157794,49.51108169555664,12744700
2015-05-29 00:00:00-04:00,49.260913719248734,49.35656957596608,48.79737015302605,49.03282165527344,23778800
2015-06-01 00:00:00-04:00,49.15055722478242,49.18734319417735,48.70172685746932,48.900386810302734,19068900
2015-06-02 00:00:00-04:00,49.03282493969122,49.363926707227876,48.94452851533151,49.128475189208984,14239100
2015-06-03 00:00:00-04:00,49.319777894265,49.650885252531886,49.319777894265,49.40071487426758,21307800
2015-06-04 00:00:00-04:00,49.076964328113824,49.437503806507706,48.71643046332625,48.87094497680664,17187400
2015-06-05 00:00:00-04:00,48.17196133006398,48.47363099044537,48.002727900868834,48.2896842956543,14624100
2015-06-08 00:00:00-04:00,48.21610171228874,48.2676065569148,48.03951447551467,48.22346115112305,14677000
2015-06-09 00:00:00-04:00,47.97328183432422,48.09101037935759,47.73047653400338,47.95856857299805,13114600
2015-06-10 00:00:00-04:00,48.67227517629211,49.099032667942396,48.613410912559964,48.966590881347656,17291600
2015-06-11 00:00:00-04:00,49.15791110301548,49.26092079920322,48.87831415816411,49.09905242919922,20555100
2015-06-12 00:00:00-04:00,48.59135297811344,48.90038203617611,48.42947901047866,48.709075927734375,15305800
2015-06-15 00:00:00-04:00,48.1130891795965,48.45155036908031,48.07629760120636,48.414764404296875,15121100
2015-06-16 00:00:00-04:00,48.17195522596226,48.444192707047634,48.09101824142149,48.400047302246094,11991200
2015-06-17 00:00:00-04:00,48.22346618006117,48.40741287485225,47.81878120607776,48.2896842956543,17100700
2015-06-18 00:00:00-04:00,48.43683668438068,49.13583175885689,48.400045106310706,48.723793029785156,24587300
2015-06-19 00:00:00-04:00,48.679646997962564,48.7532245395451,48.5766317034191,48.60606384277344,15281900
2015-06-22 00:00:00-04:00,49.54051767457856,49.827474025841305,49.43750799020767,49.52579879760742,28716900
2015-06-23 00:00:00-04:00,49.606740239854105,49.739182076467245,49.592026975166995,49.65824508666992,13661300
2015-06-24 00:00:00-04:00,49.393355621175274,49.518443617579656,49.20205513463986,49.23148727416992,21326500
2015-06-25 00:00:00-04:00,49.43425465110725,49.43425465110725,49.172382185886754,49.20978927612305,16402800
2015-06-26 00:00:00-04:00,49.284603123205386,49.40431377516901,49.0676215013567,49.18733215332031,19240800
2015-06-29 00:00:00-04:00,48.207177589484694,48.38674641743805,47.563716438562544,47.67594909667969,33747100
2015-06-30 00:00:00-04:00,48.162290027945545,48.1697680195003,47.33177343993214,47.50386428833008,32195400
2015-07-01 00:00:00-04:00,48.05754152338798,48.12487769836989,47.623578256647114,47.810630798339844,31824800
2015-07-02 00:00:00-04:00,47.94531376468562,47.96775915864392,47.75077750306185,47.87049102783203,20988500
2015-07-06 00:00:00-04:00,46.867886386590314,47.31681421829588,46.755656569310474,46.905296325683594,21103800
2015-07-07 00:00:00-04:00,46.57608158622305,47.00256114108659,45.96254949486866,46.920257568359375,36633400
2015-07-08 00:00:00-04:00,46.179529081689836,46.209455317017685,45.73060130143124,45.8278694152832,32728200
2015-07-09 00:00:00-04:00,46.87536528873076,46.92773976893935,46.4862956827562,46.583560943603516,19963400
2015-07-10 00:00:00-04:00,48.02013321828691,48.17725668298222,47.78070617088581,48.109920501708984,28190400
2015-07-13 00:00:00-04:00,48.26704435215662,48.38675502261836,48.214669863506266,48.28948974609375,14287600
2015-07-14 00:00:00-04:00,48.47654175407874,48.75338159572642,48.40919986464397,48.69352340698242,19816200
2015-07-15 00:00:00-04:00,48.57380471909999,48.68603739055891,48.38675216946538,48.513946533203125,14709600
2015-07-16 00:00:00-04:00,48.97035233415976,49.052655907835224,48.888048760484295,48.932945251464844,20763400
2015-07-17 00:00:00-04:00,48.91050516152463,48.91050516152463,48.79078878378787,48.85064697265625,14773600
2015-07-20 00:00:00-04:00,49.00027818399974,49.09006545163098,48.86560013674792,48.97783279418945,8767800
2015-07-21 00:00:00-04:00,48.813236520477986,48.91050750915574,48.7384166349968,48.8356819152832,14081800
2015-07-22 00:00:00-04:00,48.326896483404234,48.491503648939954,48.326896483404234,48.46157455444336,10181700
2015-07-23 00:00:00-04:00,48.54388672304861,48.558854127139696,48.25208513558546,48.334388732910156,10900900
2015-07-24 00:00:00-04:00,48.22214991882658,48.23711732101906,47.7507795008083,47.80315399169922,13709400
2015-07-27 00:00:00-04:00,47.69092221353599,47.698403060130744,47.37667242684049,47.45149230957031,19026100
2015-07-28 00:00:00-04:00,47.78818498798348,48.07250566502135,47.56372249735164,48.0500602722168,14788100
2015-07-29 00:00:00-04:00,48.0126395417731,48.37926659161086,47.982710453517576,48.222137451171875,15938900
2015-07-30 00:00:00-04:00,48.042580197531535,48.19222567484021,47.82559853672741,48.18474197387695,17496700
2015-07-31 00:00:00-04:00,48.61870063875679,48.64862402296117,48.32689341305217,48.46905517578125,20646900
2015-08-03 00:00:00-04:00,48.52143057541855,48.54387596819033,48.19222196744779,48.341861724853516,25131600
2015-08-04 00:00:00-04:00,48.446604816382454,48.52890838548304,48.267035987613056,48.379268646240234,13359000
2015-08-05 00:00:00-04:00,48.6486286857237,48.775828768542176,48.57380880126013,48.6336669921875,13602700
2015-08-06 00:00:00-04:00,48.5438790400524,48.603737230158856,48.289490294686765,48.4316520690918,12451300
2015-08-07 00:00:00-04:00,48.17725456667272,48.371790818012826,48.117396380354094,48.341861724853516,14351200
2015-08-10 00:00:00-04:00,48.469052900602264,48.95539064275989,48.461569200707096,48.932945251464844,13702900
2015-08-11 00:00:00-04:00,48.25956185833566,48.31942004925912,47.982722006608064,48.18474197387695,15705800
2015-08-12 00:00:00-04:00,47.526317777227504,47.8405647277832,47.249480770186196,47.8405647277832,27756600
2015-08-13 00:00:00-04:00,47.7582563150015,47.9004123649824,47.623578256647114,47.810630798339844,12709600
2015-08-14 00:00:00-04:00,47.64601764624331,47.90789002994643,47.601124014382094,47.88544464111328,16930100
2015-08-17 00:00:00-04:00,47.481423569337075,47.803154217297184,47.39911998206416,47.79567337036133,8885600
2015-08-18 00:00:00-04:00,47.48890173723287,47.5861670070445,47.34673997425448,47.436527252197266,10943800
2015-08-19 00:00:00-04:00,47.06241835458278,47.23450634211065,46.74816861556156,47.01752471923828,16573300
2015-08-20 00:00:00-04:00,46.47882433875956,46.553647083372915,45.86529210390936,45.88025665283203,32339100
2015-08-21 00:00:00-04:00,45.74556566046343,45.86527916387399,44.71303490967537,44.83274841308594,47017700
2015-08-24 00:00:00-04:00,42.90985712104857,44.234189619175865,42.28136039065248,43.28396224975586,62952900
2015-08-25 00:00:00-04:00,45.176932375657096,45.184413221761524,43.62065379996125,43.69547653198242,50627000
2015-08-26 00:00:00-04:00,44.653184577892084,44.750452702225004,43.680511897148996,44.728004455566406,49202900
2015-08-27 00:00:00-04:00,44.94498896083344,45.41636221196719,44.87016907839119,45.274200439453125,39984000
2015-08-28 00:00:00-04:00,44.97491624984674,45.296646868983665,44.9449871563932,45.20685958862305,24230800
2015-08-31 00:00:00-04:00,44.922548902728586,45.09463693614239,44.71304806945428,44.870174407958984,35806800
2015-09-01 00:00:00-04:00,43.583238327888374,43.822665331568636,43.22409782236797,43.36625671386719,42250400
2015-09-02 00:00:00-04:00,44.092031063697284,44.09951191048744,43.54583791375525,44.009727478027344,23372700
2015-09-03 00:00:00-04:00,44.159368892342655,44.451170430494095,44.009726272876506,44.11447525024414,23500600
2015-09-04 00:00:00-04:00,43.17921288877305,43.35130090395402,42.902375895151096,43.104393005371094,25772900
2015-09-08 00:00:00-04:00,44.181813409724214,44.39131421449854,44.03965449385937,44.368865966796875,21504500
2015-09-09 00:00:00-04:00,45.0647052020807,45.07966975031044,44.14440689242018,44.189300537109375,29179700
2015-09-10 00:00:00-04:00,44.22670279305618,44.66066319950404,44.14439921919661,44.48109436035156,20800900
2015-09-11 00:00:00-04:00,44.159363033903325,44.473609924316406,44.07705946140604,44.473609924316406,12954100
2015-09-14 00:00:00-04:00,44.092027289470046,44.166847167749694,43.93490383256555,44.13692092895508,12187400
2015-09-15 00:00:00-04:00,44.05461327757044,44.47360912391377,43.98727425166596,44.43619918823242,18168800
2015-09-16 00:00:00-04:00,44.8178020692635,45.13204905299875,44.750463022149376,45.11708450317383,28218500
2015-09-17 00:00:00-04:00,44.84771817815248,45.65578656088091,44.83275363170988,45.139522552490234,24074700
2015-09-18 00:00:00-04:00,44.28656447639344,44.50354613785135,43.98728208346123,44.009727478027344,36952900
2015-09-21 00:00:00-04:00,44.144401440332075,44.22670501833277,43.80022543614316,43.98727798461914,17896300
2015-09-22 00:00:00-04:00,42.954738102811184,43.07445159454335,42.63300755861946,42.93977355957031,29234800
2015-09-23 00:00:00-04:00,42.99964155108888,43.03705149063586,42.57316196102334,42.73776626586914,17145200
2015-09-24 00:00:00-04:00,42.37861880773782,42.71531391722414,42.12422726436983,42.618045806884766,22895100
2015-09-25 00:00:00-04:00,43.26151694703035,43.351301378935545,42.812591933308745,42.99216079711914,21771400
2015-09-28 00:00:00-04:00,42.66294675958658,42.692875853163876,42.07934370580663,42.14668273925781,18785000
2015-09-29 00:00:00-04:00,41.99703808758615,42.16912608601153,41.8099855430983,42.086822509765625,20216400
2015-09-30 00:00:00-04:00,42.760211040538024,42.924815332016856,42.453444994451544,42.88740539550781,37769800
2015-10-01 00:00:00-04:00,43.149281462919696,43.23158504273338,42.640501145717344,43.02208709716797,20445200
2015-10-02 00:00:00-04:00,42.83503472659586,43.762816647262454,42.73776659965768,43.755332946777344,20793800
2015-10-05 00:00:00-04:00,44.30900218797834,44.64569444318342,44.30900218797834,44.62324905395508,27746500
2015-10-06 00:00:00-04:00,44.62325798865716,44.855204189173115,44.570883500507676,44.67563247680664,18133100
2015-10-07 00:00:00-04:00,45.16945066867612,45.356503225690574,44.86268458934023,45.23678970336914,20499100
2015-10-08 00:00:00-04:00,44.937497757255386,45.59592056274414,44.937497757255386,45.59592056274414,16875500
2015-10-09 00:00:00-04:00,45.6782341003418,45.782983076167895,45.528591483077854,45.6782341003418,16867900
2015-10-12 00:00:00-04:00,45.58845138549805,45.65579042308856,45.491183252490494,45.58845138549805,9238000
2015-10-13 00:00:00-04:00,44.98238856969023,45.363977303404,44.96742402579999,45.0123176574707,19519200
2015-10-14 00:00:00-04:00,45.13203327619926,45.27419216854749,44.96742613986285,45.10210418701172,20762200
2015-10-15 00:00:00-04:00,45.46124672815418,45.89520997819945,45.41635594655995,45.872764587402344,21855600
2015-10-16 00:00:00-04:00,45.8054314258527,45.88025130755331,45.64830510756859,45.835357666015625,23372400
2015-10-19 00:00:00-04:00,45.64082415957469,45.68571780101253,45.49866524298149,45.6782341003418,11784700
2015-10-20 00:00:00-04:00,45.476208246260335,45.6108862904684,45.4313174676543,45.491172790527344,12930000
2015-10-21 00:00:00-04:00,45.76801711227904,45.79046535940084,45.43880564784549,45.46873474121094,12731700
2015-10-22 00:00:00-04:00,45.72312080512285,46.164564889272434,45.70815626024718,45.97751235961914,28347500
2015-10-23 00:00:00-04:00,46.381558764250215,46.53119854415666,46.23939697746491,46.43393325805664,16648500
2015-10-26 00:00:00-04:00,46.36658597461088,46.38155052078102,46.22442421309221,46.261837005615234,14032900
2015-10-27 00:00:00-04:00,45.91765867589458,45.99996225367155,45.790464313290435,45.85780334472656,14566400
2015-10-28 00:00:00-04:00,46.04485560314363,46.4114769965051,45.73060584035272,46.15708541870117,17326300
2015-10-29 00:00:00-04:00,45.61089181771166,45.857802546746036,45.61089181771166,45.82039260864258,12843000
2015-10-30 00:00:00-04:00,45.835362922580025,46.02989920402457,45.700687690913014,45.7231330871582,19115300
2015-11-02 00:00:00-05:00,45.97003287190991,46.15708541870117,45.91765838714399,46.15708541870117,14749700
2015-11-03 00:00:00-05:00,45.85780254837552,46.2543530298378,45.7979443640516,46.142120361328125,14282900
2015-11-04 00:00:00-05:00,46.17953882308513,46.201984217864556,45.75305919710203,45.88773727416992,21019300
2015-11-05 00:00:00-05:00,45.97751937700962,46.03737471145274,45.693198689367094,45.8054313659668,21648100
2015-11-06 00:00:00-05:00,45.521100697546075,45.64081419437993,45.29663824775695,45.59592056274414,17523200
2015-11-09 00:00:00-05:00,45.31161387274889,45.36398836203489,44.94498959355133,45.12456130981445,23887600
2015-11-10 00:00:00-05:00,44.91505568335894,45.10959192630504,44.84023580788447,45.094627380371094,14471900
2015-11-11 00:00:00-05:00,45.491176710945545,45.521105802058834,45.25174969042966,45.32657241821289,14220000
2015-11-12 00:00:00-05:00,44.93751365352665,45.109601687712846,44.735496520996094,44.735496520996094,31911300
2015-11-13 00:00:00-05:00,44.518512637398906,44.585851678245156,44.2865664179961,44.36138916015625,26248400
2015-11-16 00:00:00-05:00,44.398798614160775,44.930027233754316,44.38383406589389,44.92254638671875,16939200
2015-11-17 00:00:00-05:00,45.11706763917898,45.28167477152972,44.95994420604143,45.0422477722168,22458600
2015-11-18 00:00:00-05:00,45.184417347057725,45.5136316896171,45.09463291463046,45.453773498535156,15481000
2015-11-19 00:00:00-05:00,45.72312465992527,45.865283566936604,45.655785629405095,45.68571472167969,19981100
2015-11-20 00:00:00-05:00,45.82039685474228,45.90269758451842,45.55104070872411,45.58096694946289,18499800
2015-11-23 00:00:00-05:00,45.46125042103922,45.566002246390276,45.206858839291726,45.29664611816406,19432800
2015-11-24 00:00:00-05:00,44.96743158088991,45.371465771224365,44.93750534227635,45.30412673950195,21727000
2015-11-25 00:00:00-05:00,45.37146076223805,45.506138810814484,45.25174725841401,45.408870697021484,13351700
2015-11-27 00:00:00-05:00,45.46124973231459,45.49117882481862,45.37894900922155,45.416358947753906,6400400
2015-11-30 00:00:00-05:00,45.483697179397666,45.506142571283526,45.3340545737029,45.37894821166992,23366700
2015-12-01 00:00:00-05:00,45.745570674267896,45.88773243740825,45.62585715773649,45.85780334472656,34990700
2015-12-02 00:00:00-05:00,45.648304574425616,45.76801809626572,45.31161225650973,45.37146759033203,21426000
2015-12-03 00:00:00-05:00,45.60341547401155,45.6258608682505,44.96743504668374,45.15448760986328,26897100
2015-12-04 00:00:00-05:00,44.99737034412852,45.5734926606363,44.97492494679575,45.5211181640625,23382100
2015-12-07 00:00:00-05:00,45.31160502092079,45.33405041074552,45.06469431606857,45.22930145263672,29861700
2015-12-08 00:00:00-05:00,44.45865605512815,44.65319233759997,44.32398082274996,44.56340789794922,26323000
2015-12-09 00:00:00-05:00,44.57088712981313,44.90758233404438,44.136926642067344,44.36138916015625,26646700
2015-12-10 00:00:00-05:00,44.563402224501935,44.61577671214664,44.30901063271529,44.368865966796875,20267800
2015-12-11 00:00:00-05:00,43.77029481964489,43.83763384891984,43.46352876499125,43.52338409423828,29945000
2015-12-14 00:00:00-05:00,43.71044611310744,43.77030430952766,43.134326670640235,43.59073257446289,32246600
2015-12-15 00:00:00-05:00,43.860079409152746,44.00972201413826,43.71043680416722,43.80770492553711,37876700
2015-12-16 00:00:00-05:00,44.30900400131211,44.772893474250644,44.106986927404584,44.690589904785156,45167400
2015-12-17 00:00:00-05:00,44.63822373513527,44.64570458184523,44.114475985373716,44.1219596862793,40456800
2015-12-18 00:00:00-05:00,43.9124535514406,43.972311734647654,43.65058113539793,43.65806198120117,41659100
2015-12-21 00:00:00-05:00,44.154715874313375,44.2000037989242,43.65656022064548,43.8603515625,28869600
2015-12-22 00:00:00-05:00,43.99620577735989,44.252831552666855,43.84524893083891,44.192447662353516,29319500
2015-12-23 00:00:00-05:00,44.607576510996104,44.95477811928358,44.584933991922135,44.932132720947266,29782200
2015-12-24 00:00:00-05:00,44.74343676851241,44.97742001968688,44.74343676851241,44.85665512084961,10950500
2015-12-28 00:00:00-05:00,44.758538368738044,44.78118376961031,44.60758150639448,44.75099182128906,28946900
2015-12-29 00:00:00-05:00,45.083093586692755,45.30952743541183,45.067997612876475,45.196311950683594,30796100
2015-12-30 00:00:00-05:00,45.02270581050001,45.09063624284219,44.89439149195937,44.924583435058594,18855500
2015-12-31 00:00:00-05:00,44.6302151958132,44.68304965187971,44.32075500488281,44.32075500488281,31818900
2016-01-04 00:00:00-05:00,43.64146041870117,43.66410293938958,43.13575826157635,43.64146041870117,34260200
2016-01-05 00:00:00-05:00,43.55842087670611,43.626351297561826,43.271606103547924,43.573516845703125,23891500
2016-01-06 00:00:00-05:00,42.66779572073479,42.962160034339284,42.60741470014908,42.85649108886719,22412600
2016-01-07 00:00:00-05:00,42.056430507333715,42.41872531977736,41.91302016458131,41.96585464477539,37579400
2016-01-08 00:00:00-05:00,42.21492547046971,42.26021339265432,41.392213599323156,41.46014404296875,31301100
2016-01-11 00:00:00-05:00,41.93565316546541,41.950749138093144,41.26389534021207,41.63373947143555,33017900
2016-01-12 00:00:00-05:00,41.988492864987535,42.04887388376415,41.475241248704044,41.829986572265625,29930200
2016-01-13 00:00:00-05:00,42.116805087909995,42.192284961818494,41.06765931431552,41.180877685546875,33481800
2016-01-14 00:00:00-05:00,41.33938337585165,41.890373529009956,41.029923073961015,41.709224700927734,35140200
2016-01-15 00:00:00-05:00,40.35061047205935,40.64497473927865,40.01850771301288,40.19965362548828,60554300
2016-01-19 00:00:00-05:00,40.90160659257604,40.9242519944473,40.28268602100027,40.56950378417969,35709800
2016-01-20 00:00:00-05:00,39.746788770923345,39.89774562815108,38.88633842776664,39.64866638183594,47944200
2016-01-21 00:00:00-05:00,39.49016361134473,40.177014587457364,39.195799318619684,39.943031311035156,48974700
2016-01-22 00:00:00-05:00,40.909153153591504,41.16577894913897,40.81858019024022,41.12049102783203,44855900
2016-01-25 00:00:00-05:00,40.803487075097465,40.969537039664246,40.53931183452653,40.56950378417969,36799400
2016-01-26 00:00:00-05:00,40.795934655314234,41.31673567120612,40.74310018692847,41.294090270996094,26789300
2016-01-27 00:00:00-05:00,41.21106076849406,41.6337393631844,40.87141146267154,41.02991485595703,32829200
2016-01-28 00:00:00-05:00,41.40730632236451,41.46014078780036,40.795932377555104,41.15068054199219,31267000
2016-01-29 00:00:00-05:00,41.32428454313946,41.905466607339896,41.286546046349876,41.875274658203125,37109700
2016-02-01 00:00:00-05:00,41.52807571985711,41.95075436834431,41.38466828090776,41.829986572265625,31082700
2016-02-02 00:00:00-05:00,41.23371014078505,41.23371014078505,40.71290911371011,40.856319427490234,29809100
2016-02-03 00:00:00-05:00,41.075204647943096,41.203518990163346,40.32042320674521,41.19597244262695,36337300
2016-02-04 00:00:00-05:00,40.93179630425601,41.39221343387327,40.856319313512664,41.24880599975586,28236200
2016-02-05 00:00:00-05:00,41.067651885199,41.12048634774583,40.44118488103132,40.614784240722656,31548100
2016-02-08 00:00:00-05:00,39.95812392820614,39.973219900829356,39.49016029393608,39.86000442504883,37822400
2016-02-09 00:00:00-05:00,38.99954966390097,39.573185083040684,38.9693605991533,39.39958572387695,34142700
2016-02-10 00:00:00-05:00,39.53545025421105,39.837361084484904,39.28637101195416,39.35430145263672,32088400
2016-02-11 00:00:00-05:00,38.81840866116332,38.98446149492831,38.44856449848565,38.780670166015625,41750200
2016-02-12 00:00:00-05:00,38.893886307046714,39.46752180830616,38.72783634974544,39.4599723815918,38730500
2016-02-16 00:00:00-05:00,40.15437895648861,40.28269043768871,39.82982266028903,40.260047912597656,31605800
2016-02-17 00:00:00-05:00,40.59969195784773,41.00727460246964,40.57704655808261,40.954437255859375,25594700
2016-02-18 00:00:00-05:00,41.128043185862,41.128043185862,40.7129110778006,40.74310302734375,32694100
2016-02-19 00:00:00-05:00,40.43363879217392,40.73555249958185,40.305327338046176,40.697811126708984,26685400
2016-02-22 00:00:00-05:00,40.999718821011726,41.195963565823966,40.98462284992909,41.15822219848633,19217000
2016-02-23 00:00:00-05:00,40.89405572295041,40.92424766941277,40.41854264358704,40.486473083496094,19709000
2016-02-24 00:00:00-05:00,39.81471960334,40.40344818511541,39.6184777025024,40.34306716918945,26718800
2016-02-25 00:00:00-05:00,40.56950409781987,40.83367646117031,40.38080872992303,40.82612991333008,25167000
2016-02-26 00:00:00-05:00,41.037465804953186,41.0601112058964,40.644979113335424,40.720458984375,19604500
2016-02-29 00:00:00-05:00,40.63743867581976,40.85632601585086,40.4562898373512,40.47893524169922,30315200
2016-03-01 00:00:00-05:00,41.06765041390994,41.56580595669191,40.9695280387259,41.535614013671875,24585800
2016-03-02 00:00:00-05:00,41.512969454401905,41.8526215985176,41.422396509058395,41.82242965698242,22549400
2016-03-03 00:00:00-05:00,41.93566191561136,42.25266876915211,41.897920536535864,42.23002624511719,21109600
2016-03-04 00:00:00-05:00,42.524389955838544,42.76591980623968,42.42626755434342,42.539485931396484,22752200
2016-03-07 00:00:00-05:00,42.101704627112746,42.63005217112469,42.071515560028836,42.48664474487305,24047500
2016-03-08 00:00:00-05:00,42.30550601544993,42.30550601544993,42.0186882154169,42.07152557373047,16893200
2016-03-09 00:00:00-05:00,42.2602181966724,42.35079117207504,42.12435729393694,42.23002624511719,15467400
2016-03-10 00:00:00-05:00,42.56968065977457,42.8413995997557,41.82999220549274,42.1620979309082,28133500
2016-03-11 00:00:00-05:00,42.924408836126204,43.28670349023343,42.88667034951832,43.264060974121094,24374600
2016-03-14 00:00:00-04:00,43.20369201043947,43.286715552407166,43.07537766510253,43.173500061035156,15953300
2016-03-15 00:00:00-04:00,42.72816879938127,42.773453833536095,42.607403909531584,42.765907287597656,19646300
2016-03-16 00:00:00-04:00,42.441363519548275,43.181049046129175,42.441363519548275,43.143310546875,25413000
2016-03-17 00:00:00-04:00,43.16595018143338,43.558436881785674,43.022542742160766,43.47541046142578,17906600
2016-03-18 00:00:00-04:00,43.407475593502625,43.54333647129394,43.33954515460697,43.39992904663086,30733400
2016-03-21 00:00:00-04:00,43.29426604906273,43.43012694547608,43.196143650705785,43.33200454711914,17625800
2016-03-22 00:00:00-04:00,42.98480136725407,43.324453573591754,42.94706287305267,43.25652313232422,15926700
2016-03-23 00:00:00-04:00,43.143304706444155,43.15840067995482,42.75836745934095,42.818748474121094,18291400
2016-03-24 00:00:00-04:00,42.28285645377284,42.53193283081055,42.230021983514455,42.53193283081055,18326500
2016-03-28 00:00:00-04:00,42.82630033551477,42.85648940499006,42.68289001864069,42.78855895996094,18491100
2016-03-29 00:00:00-04:00,42.58476916124731,43.27162306313466,42.47910021611473,43.24897766113281,22376800
2016-03-30 00:00:00-04:00,43.61880475269416,43.822596015261304,43.50558642484741,43.573516845703125,18999500
2016-03-31 00:00:00-04:00,43.369744421662965,43.46786682313415,43.120668023175085,43.143310546875,37335100
2016-04-01 00:00:00-04:00,42.26021228540781,42.735722499205615,42.214924364409775,42.68288803100586,30396100
2016-04-04 00:00:00-04:00,42.79609933642396,42.84893379591086,42.5394735849467,42.592308044433594,16977200
2016-04-05 00:00:00-04:00,41.82998596435752,41.89036986151932,41.694127954268865,41.75450897216797,20199600
2016-04-06 00:00:00-04:00,41.897917972551646,42.46400407288619,41.82998752534099,42.433815002441406,20465500
2016-04-07 00:00:00-04:00,42.08660686828989,42.20737176928917,41.716765618656886,41.81488800048828,19855600
2016-04-08 00:00:00-04:00,42.65269439513936,42.76591275352108,42.50928696988332,42.61495590209961,18462800
2016-04-11 00:00:00-04:00,42.89422955820012,43.075375486940565,42.63005433316491,42.637603759765625,15640400
2016-04-12 00:00:00-04:00,42.97725073267853,43.354641422608395,42.7281743745413,43.2716178894043,25164700
2016-04-13 00:00:00-04:00,43.88299333250963,44.04904617397179,43.7848709371672,43.958473205566406,25583900
2016-04-14 00:00:00-04:00,44.18490553773201,44.267931955590974,44.02640212868998,44.10187911987305,26844400
2016-04-15 00:00:00-04:00,44.07168792173254,44.15471434100449,43.99621092926496,44.00375747680664,17558000
2016-04-18 00:00:00-04:00,43.94337754221308,44.426437216147036,43.905636165785985,44.38114929199219,20200400
2016-04-19 00:00:00-04:00,45.052893862114715,45.24158918335215,44.98496343129875,45.15101623535156,24251400
2016-04-20 00:00:00-04:00,45.128381648604446,45.40764996691845,45.06045120585103,45.18876266479492,14402600
2016-04-21 00:00:00-04:00,45.12082927883424,45.15857065066188,44.841560978736766,44.91703796386719,19135100
2016-04-22 00:00:00-04:00,44.871755379494275,45.015162810793086,44.750990469120914,44.9396858215332,17262700
2016-04-25 00:00:00-04:00,44.71324920654297,44.75098769883673,44.54719638533554,44.71324920654297,13518400
2016-04-26 00:00:00-04:00,44.88684203380269,44.95477246173792,44.72833578244584,44.87174606323242,15657800
2016-04-27 00:00:00-04:00,44.73589419112701,44.99251998383268,44.66796374955014,44.901947021484375,13054700
2016-04-28 00:00:00-04:00,44.36604628778977,44.72834098583722,44.192446924929264,44.29056930541992,25204500
2016-04-29 00:00:00-04:00,44.32076642527165,44.38869686904147,43.94337571083102,44.10187911987305,27642900
2016-05-02 00:00:00-04:00,44.456613478014866,44.58492489894839,44.32075263275481,44.51699447631836,25207300
2016-05-03 00:00:00-04:00,44.079233488081194,44.08678003496195,43.72448532017446,43.78486633300781,25287100
2016-05-04 00:00:00-04:00,43.41503188927908,43.4829623389235,43.15085663876726,43.279170989990234,20213100
2016-05-05 00:00:00-04:00,43.24896819589774,43.36218654334018,43.05272632349465,43.1885871887207,21552600
2016-05-06 00:00:00-04:00,42.99988886180828,43.33199157626213,42.96214749578641,43.309349060058594,21498200
2016-05-09 00:00:00-04:00,43.41502912062792,43.49805554037225,43.19614181025884,43.21878433227539,17842700
2016-05-10 00:00:00-04:00,43.543336549581916,43.837703704833984,43.50559805663035,43.837703704833984,21333600
2016-05-11 00:00:00-04:00,43.55088484623566,43.724484212720505,43.46031188964844,43.46031188964844,20180500
2016-05-12 00:00:00-04:00,43.830146671287906,43.84524264170088,43.25651419190454,43.44520950317383,17642000
2016-05-13 00:00:00-04:00,43.105565937813104,43.294261286601106,42.879132095120006,42.99989700317383,19052400
2016-05-16 00:00:00-04:00,43.143308887475094,43.535795599000906,43.12066636464607,43.513153076171875,24500500
2016-05-17 00:00:00-04:00,43.43767394921495,43.58108427430223,43.15085617830326,43.196144104003906,25116900
2016-05-18 00:00:00-04:00,43.241426993337335,43.6641027335958,43.05273164378979,43.21123504638672,34940400
2016-05-19 00:00:00-04:00,42.95460600894878,43.030082991357574,42.77345722020043,42.901771545410156,26976000
2016-05-20 00:00:00-04:00,43.26406967945948,43.369738614928416,43.1659472911258,43.25652313232422,23377800
2016-05-23 00:00:00-04:00,43.09801742958418,43.23387831394677,43.03008698740289,43.11311340332031,18828700
2016-05-24 00:00:00-04:00,43.407476407929956,43.82260847522698,43.3999298609166,43.73958206176758,28901600
2016-05-25 00:00:00-04:00,44.06414748364519,44.29058137170548,44.04150207935499,44.200008392333984,35575000
2016-05-26 00:00:00-04:00,44.36604003621873,44.41887449228524,44.215086092749786,44.32075500488281,21115400
2016-05-27 00:00:00-04:00,44.24529022705025,44.343412627142214,44.16981322960282,44.275482177734375,16066600
2016-05-31 00:00:00-04:00,44.45662315696673,44.524553594386354,43.95846757564363,44.06413650512695,25438500
2016-06-01 00:00:00-04:00,43.85280305943798,44.06414383281212,43.799968585910165,44.026405334472656,19567300
2016-06-02 00:00:00-04:00,43.77732606275906,44.04149843039815,43.72449158923124,44.026405334472656,32992100
2016-06-03 00:00:00-04:00,44.1849095053975,44.32831695322792,43.950926204898785,44.3132209777832,27770200
2016-06-06 00:00:00-04:00,44.456625072311745,44.66796294038357,44.418883699359625,44.562294006347656,22191900
2016-06-07 00:00:00-04:00,44.90194060645485,45.00760952730831,44.84910326676597,44.886844635009766,15311700
2016-06-08 00:00:00-04:00,45.02271254300304,45.090642985503244,44.939686126695825,44.97742462158203,14673400
2016-06-09 00:00:00-04:00,44.426422119140625,44.53963757216066,44.29056127210714,44.426422119140625,18489100
2016-06-10 00:00:00-04:00,43.49050658657606,43.55843703262733,43.014996343479936,43.13576126098633,29812900
2016-06-13 00:00:00-04:00,42.57721922992346,42.91687144033177,42.388523877392466,42.5092887878418,25323100
2016-06-14 00:00:00-04:00,42.063969858273985,42.162092252956555,41.60355271314355,41.829986572265625,69490000
2016-06-15 00:00:00-04:00,42.19228316251203,42.34323714536597,42.01868089955721,42.109256744384766,34010400
2016-06-16 00:00:00-04:00,41.5129781241337,42.230021049403085,41.2035178569243,42.1998291015625,27677700
2016-06-17 00:00:00-04:00,42.34323414539345,42.7206248343159,42.1394457071263,42.61495590209961,51689600
2016-06-20 00:00:00-04:00,43.92828338455626,43.98111785862432,43.65656158691314,43.67165756225586,38890400
2016-06-21 00:00:00-04:00,44.0339518824354,44.36605469879067,43.845256511475235,44.026405334472656,37705500
2016-06-22 00:00:00-04:00,44.20741630590041,44.423098876612436,43.99943542480469,43.99943542480469,45176500
2016-06-23 00:00:00-04:00,44.9391991234034,45.29353560608479,44.62337696476049,45.21650695800781,33064500
2016-06-24 00:00:00-04:00,41.51137771044702,42.43573632034474,41.31110143188911,41.33420944213867,85314600
2016-06-27 00:00:00-04:00,40.75647308945087,40.77958109256286,40.00158129043336,40.54079055786133,58864400
2016-06-28 00:00:00-04:00,41.48826257214068,41.626916486726095,41.11081515166826,41.60380554199219,45213500
2016-06-29 00:00:00-04:00,42.220046069884184,42.51275727484237,42.15071911324577,42.36640167236328,33914900
2016-06-30 00:00:00-04:00,42.451135838055066,42.998046875,42.335589928411125,42.998046875,48143600
2016-07-01 00:00:00-04:00,43.01345319218283,43.136700791190904,42.93642454472323,42.998046875,22693400
2016-07-05 00:00:00-04:00,42.47423993646588,42.52045888376167,42.042874848855604,42.16612243652344,33647400
2016-07-06 00:00:00-04:00,41.680842713289756,42.11220789340965,41.418941166021995,42.0890998840332,28451400
2016-07-07 00:00:00-04:00,42.166126279566456,42.320183574351404,41.78867885505243,41.91962814331055,24824900
2016-07-08 00:00:00-04:00,42.39722090460701,42.62830981654926,42.297081298665226,42.558982849121094,26189500
2016-07-11 00:00:00-04:00,43.129001719096465,43.36009061395335,43.098189082860955,43.18292236328125,25474900
2016-07-12 00:00:00-04:00,43.79915751335816,43.976325752371075,43.71442423851405,43.76834487915039,29839000
2016-07-13 00:00:00-04:00,43.876193896221274,43.98403519650742,43.683619306151705,43.72213363647461,27351600
2016-07-14 00:00:00-04:00,44.13038386075196,44.23822513683374,44.03794596257811,44.099571228027344,28145500
2016-07-15 00:00:00-04:00,43.98403147671273,44.00714242371598,43.78375521289826,43.876190185546875,29705400
2016-07-18 00:00:00-04:00,43.87619419093285,44.11498774206688,43.79146090058029,43.98403549194336,17614300
2016-07-19 00:00:00-04:00,43.63739776611328,43.70672472730841,43.521851851303175,43.63739776611328,19896900
2016-07-20 00:00:00-04:00,43.91470462935736,44.08417119504268,43.829974284969516,44.030250549316406,20885200
2016-07-21 00:00:00-04:00,43.891587439228594,44.053349342569035,43.77604448189437,43.85307312011719,19635000
2016-07-22 00:00:00-04:00,43.94551831010764,43.968629257721176,43.81456900693538,43.93781661987305,16069300
2016-07-25 00:00:00-04:00,43.96862533662464,43.984028715720164,43.760644457379655,43.88389205932617,13277400
2016-07-26 00:00:00-04:00,44.05335741475175,44.19971596802921,43.88389379191879,44.068763732910156,15025700
2016-07-27 00:00:00-04:00,44.27674492525245,44.3537765165749,43.90700210226897,44.230525970458984,17126900
2016-07-28 00:00:00-04:00,44.19971341565742,44.26133574627783,43.96862453353538,44.18430709838867,14445300
2016-07-29 00:00:00-04:00,44.55405057275828,44.79284408636124,44.453910978220954,44.70811080932617,21590400
2016-08-01 00:00:00-04:00,44.56945788404601,44.66189285266597,44.361477000810105,44.41539764404297,21623700
2016-08-02 00:00:00-04:00,44.315264223049795,44.34607686303539,44.0225529585519,44.1920166015625,20476100
2016-08-03 00:00:00-04:00,43.82227363530499,44.05336255774998,43.79146099539097,44.03795623779297,19684400
2016-08-04 00:00:00-04:00,44.176598874507874,44.315252780185446,44.091868544108756,44.292144775390625,16761800
2016-08-05 00:00:00-04:00,44.29215536147593,44.50783796032185,44.284453670855015,44.492431640625,15143500
2016-08-08 00:00:00-04:00,44.569463065128915,44.61567908558405,44.51554241562791,44.584869384765625,10326800
2016-08-09 00:00:00-04:00,44.78513731110193,45.077851452700905,44.7620293051838,44.9391975402832,27514400
2016-08-10 00:00:00-04:00,45.23191564331107,45.262725341082074,45.077855400637134,45.09326171875,17539500
2016-08-11 00:00:00-04:00,45.308941098424334,45.532328287616615,45.270426775087095,45.41678237915039,19675800
2016-08-12 00:00:00-04:00,45.439900579985014,45.49382122895836,45.24732599409306,45.301246643066406,11331600
2016-08-15 00:00:00-04:00,45.447588554409386,45.586242449482214,45.43988686621827,45.47840118408203,9048700
2016-08-16 00:00:00-04:00,45.39368181521393,45.53233575272415,45.33205653700717,45.409088134765625,14286200
2016-08-17 00:00:00-04:00,45.285827860151024,45.51691671193079,45.09325332725886,45.39366912841797,12103600
2016-08-18 00:00:00-04:00,45.362865767676574,45.6247673034668,45.29353880413049,45.6247673034668,17723900
2016-08-19 00:00:00-04:00,45.15488303433475,45.30894327353405,45.02393374101088,45.28583526611328,12142800
2016-08-22 00:00:00-04:00,45.14718419025601,45.36286677565647,45.06245090643302,45.332054138183594,10095600
2016-08-23 00:00:00-04:00,45.63246809052997,45.71719842688274,45.50922049220694,45.52462387084961,12534100
2016-08-24 00:00:00-04:00,45.54773460464241,45.60165524500544,45.362861738787366,45.41678237915039,12206600
2016-08-25 00:00:00-04:00,45.26272421726972,45.36286381328965,45.193397256710476,45.23191452026367,10953500
2016-08-26 00:00:00-04:00,45.301243922441586,45.70179938965556,44.76203452663604,44.962310791015625,19518100
2016-08-29 00:00:00-04:00,44.86216162344259,45.12406308906416,44.846755309176146,45.1009521484375,10482100
2016-08-30 00:00:00-04:00,45.139473809547326,45.20880076579956,44.95460388517768,45.039337158203125,10046300
2016-08-31 00:00:00-04:00,44.98541667535689,45.085553327049745,44.785137495062216,44.9468994140625,20437200
2016-09-01 00:00:00-04:00,45.154891969629894,45.27813959768676,44.993130008765604,45.25503158569336,18389800
2016-09-02 00:00:00-04:00,45.67868426029055,45.83274449333721,45.532328655046214,45.77882385253906,19151600
2016-09-06 00:00:00-04:00,45.87896750253579,46.11005640331708,45.863561184023055,46.08694839477539,14730600
2016-09-07 00:00:00-04:00,46.21019361203419,46.29492395178534,46.02532073790749,46.11005401611328,17917500
2016-09-08 00:00:00-04:00,46.07154099729042,46.20249029389962,45.92518244407456,45.979103088378906,15572700
2016-09-09 00:00:00-04:00,45.64017557709925,45.64017557709925,45.07015352591659,45.0855598449707,23547000
2016-09-12 00:00:00-04:00,44.754324317146335,45.47840650693061,44.71580999477481,45.45529556274414,26966800
2016-09-13 00:00:00-04:00,44.86987519632628,44.95460847800858,44.34607212633999,44.53864669799805,24865900
2016-09-14 00:00:00-04:00,44.477020263671875,44.72351545759864,44.39228698979933,44.477020263671875,16841500
2016-09-15 00:00:00-04:00,44.51553258922636,44.946897690014396,44.39228499779344,44.86216735839844,20280700
2016-09-16 00:00:00-04:00,44.376877858858784,44.39998586355707,44.161195312463285,44.28444290161133,47897900
2016-09-19 00:00:00-04:00,44.723510480257815,44.785132802654225,44.477015313763836,44.51552963256836,24184400
2016-09-20 00:00:00-04:00,44.93920123305173,44.97771555889826,44.73122034733486,44.78514099121094,23968200
2016-09-21 00:00:00-04:00,45.216510050700094,45.61706551269737,45.05474811560161,45.57084655761719,28804000
2016-09-22 00:00:00-04:00,46.24099705819136,46.341136640575485,45.979095569347365,46.033016204833984,27047600
2016-09-23 00:00:00-04:00,45.6632830583779,45.79423529959603,45.632473359080876,45.64787673950195,19380000
2016-09-26 00:00:00-04:00,45.255013831932665,45.31663909101283,45.15487425515443,45.22420120239258,23824900
2016-09-27 00:00:00-04:00,45.03934018224841,45.44759731955929,44.993121228825515,45.43989562988281,19862100
2016-09-28 00:00:00-04:00,45.439896242025874,45.77882642299565,45.29353769010905,45.76342010498047,21673400
2016-09-29 00:00:00-04:00,45.76341566471081,45.76341566471081,45.03933641898069,45.19339370727539,16703800
2016-09-30 00:00:00-04:00,45.30124570651003,45.67098855116393,45.23962042984026,45.5477409362793,29074600
2016-10-03 00:00:00-04:00,45.42448806762695,45.51692303348573,45.32434847384811,45.42448806762695,17903600
2016-10-04 00:00:00-04:00,45.63246787905703,45.71719821501714,45.2396141410355,45.41678237915039,28707500
2016-10-05 00:00:00-04:00,45.5862439227029,45.67097718781398,45.47840265381759,45.60165023803711,14774300
2016-10-06 00:00:00-04:00,45.37056226045573,45.409076580307385,45.239610046814995,45.35515594482422,11592200
2016-10-07 00:00:00-04:00,45.16258735348713,45.20110167840982,44.76973359929371,45.12407302856445,16684900
2016-10-10 00:00:00-04:00,45.1240822664571,45.37057752257084,45.1240822664571,45.25503158569336,7860700
2016-10-11 00:00:00-04:00,45.04703728986034,45.07014529499397,44.484719970125234,44.61566925048828,18434600
2016-10-12 00:00:00-04:00,44.55404395137289,44.631072588981944,44.39228204932137,44.51552963256836,13537300
2016-10-13 00:00:00-04:00,44.02254169950007,44.44620510635452,43.89929410953415,44.346065521240234,13090900
2016-10-14 00:00:00-04:00,44.64648671982963,44.731219999105164,44.407696138367335,44.423099517822266,19288400
2016-10-17 00:00:00-04:00,44.322957407419935,44.415392365053535,44.22281782255184,44.292144775390625,12641000
2016-10-18 00:00:00-04:00,44.82365903745336,44.862176304951554,44.66189709239878,44.731224060058594,13028000
2016-10-19 00:00:00-04:00,44.800544843710504,44.962306766436406,44.76973220934713,44.85446548461914,12500100
2016-10-20 00:00:00-04:00,44.7928445004269,45.00852707054296,44.746625547492904,44.92379379272461,9959000
2016-10-21 00:00:00-04:00,44.6156694973907,44.83905667643322,44.56945348686768,44.82365036010742,12584900
2016-10-24 00:00:00-04:00,44.95461387373218,44.96231556460281,44.71582031837104,44.81595993041992,12723000
2016-10-25 00:00:00-04:00,44.715814029305314,44.82365531705746,44.60797274155316,44.78514099121094,12430400
2016-10-26 00:00:00-04:00,44.5540567454922,44.73122501363191,44.500136095991195,44.584869384765625,12169500
2016-10-27 00:00:00-04:00,44.685005958039824,44.7081169066724,44.48472968010587,44.530948638916016,9309300
2016-10-28 00:00:00-04:00,44.45390437171778,44.6156662737693,44.40768836453402,44.51552963256836,15377800
2016-10-31 00:00:00-04:00,44.48472605301017,44.60027197138691,44.353776754740984,44.53864669799805,19266200
2016-11-01 00:00:00-04:00,44.646481338128766,44.6618876541813,44.19970992642268,44.346065521240234,19495200
2016-11-02 00:00:00-04:00,44.315265185863296,44.37689046717338,43.984036644959446,44.04566192626953,17538900
2016-11-03 00:00:00-04:00,44.19971461628411,44.230524313203944,43.93781309251038,43.99943542480469,12959100
2016-11-04 00:00:00-04:00,43.70672356097435,43.837672851707005,43.56036501432657,43.57577133178711,17423800
2016-11-07 00:00:00-05:00,44.1226845800345,44.19971617118057,44.02254791922673,44.176605224609375,21383600
2016-11-08 00:00:00-05:00,44.0456573656187,44.43080651856153,44.007143038015386,44.29985427856445,17403900
2016-11-09 00:00:00-05:00,43.96092381633083,44.515539533524645,43.914704860413075,44.33837127685547,27175100
2016-11-10 00:00:00-05:00,44.315258883104576,44.423100171604304,43.853081092832966,44.21512222290039,37382800
2016-11-11 00:00:00-05:00,44.022546267210416,44.06106059211076,43.706724101500136,43.94551467895508,18430100
2016-11-14 00:00:00-05:00,43.62199279254074,43.71442776416458,43.506446874169846,43.70672607421875,20650900
2016-11-15 00:00:00-05:00,43.591179138752096,43.92240762933513,43.544960184791194,43.89929962158203,15311700
2016-11-16 00:00:00-05:00,43.46793116598699,43.61428677794435,43.398604204858835,43.43711853027344,22261200
2016-11-17 00:00:00-05:00,43.652798970098495,43.82226551978673,43.61428464656604,43.76834487915039,18459300
2016-11-18 00:00:00-05:00,43.37549713579874,43.42941778023678,43.213732264029886,43.29076385498047,17047300
2016-11-21 00:00:00-05:00,43.46022420452043,43.683611393768366,43.45252251523287,43.66050338745117,18504500
2016-11-22 00:00:00-05:00,43.76064318982571,43.791452885578956,43.58347495081279,43.76834487915039,17866500
2016-11-23 00:00:00-05:00,43.32928257549069,43.61429214477539,43.283063616233015,43.61429214477539,13840300
2016-11-25 00:00:00-05:00,43.76834726550097,43.776051893700256,43.683613986037,43.7452392578125,7842800
2016-11-28 00:00:00-05:00,43.621989995213,43.66820600883387,43.49103776689319,43.5141487121582,13608000
2016-11-29 00:00:00-05:00,43.544966696835246,43.891601557243646,43.49875067441755,43.79146194458008,14719800
2016-11-30 00:00:00-05:00,43.89159487059728,43.899299498796566,43.67591229629241,43.7452392578125,23874700
2016-12-01 00:00:00-05:00,43.69901893301679,43.72212693998029,43.51414900039956,43.57577133178711,22693500
2016-12-02 00:00:00-05:00,43.49874288998914,43.78375241822916,43.44482224784791,43.68361282348633,16077700
2016-12-05 00:00:00-05:00,43.90699412448702,44.19970824141745,43.89929243598152,44.11497497558594,19686200
2016-12-06 00:00:00-05:00,44.161200745724415,44.477022915426055,44.13808979972843,44.41539764404297,19217500
2016-12-07 00:00:00-05:00,44.58485997132968,45.15487898526198,44.569453654945775,45.077850341796875,25749300
2016-12-08 00:00:00-05:00,45.07785148090893,45.116365803614734,44.88527692892544,45.039337158203125,23427000
2016-12-09 00:00:00-05:00,45.039339956316304,45.23191452026367,45.008527320855606,45.23191452026367,20886500
2016-12-12 00:00:00-05:00,45.062451737162,45.20880736017398,44.977718451776944,45.031639099121094,16612700
2016-12-13 00:00:00-05:00,45.43218491501048,45.64016576986742,45.40907691062224,45.51691818237305,22116800
2016-12-14 00:00:00-05:00,45.416778788762066,45.51691837228603,44.77743284423433,44.84675979614258,26473700
2016-12-15 00:00:00-05:00,44.677304652728914,44.823660282540594,44.64649201325644,44.74663162231445,25317900
2016-12-16 00:00:00-05:00,44.7158100361194,44.90068289750989,44.69270203036601,44.777435302734375,24359100
2016-12-19 00:00:00-05:00,44.80054577588506,44.916091687924634,44.70811080932617,44.70811080932617,17705200
2016-12-20 00:00:00-05:00,44.7620277720922,44.90068167976103,44.73121513962038,44.86216735839844,17813500
2016-12-21 00:00:00-05:00,44.866841025094296,44.90575356214887,44.81236287945065,44.8746223449707,17793900
2016-12-22 00:00:00-05:00,44.843492700781475,44.897970848336065,44.757883334956716,44.7734489440918,16310200
2016-12-23 00:00:00-05:00,44.81236504663886,44.89019012451172,44.78123382795515,44.89019012451172,14821600
2016-12-27 00:00:00-05:00,44.851274226340095,44.92131797871416,44.82792432965795,44.83570861816406,13327700
2016-12-28 00:00:00-05:00,44.79680358271925,44.81236919350152,44.60223790119589,44.66449737548828,19569400
2016-12-29 00:00:00-05:00,44.75010201480736,44.874623919051636,44.73453640567228,44.7734489440918,16406100
2016-12-30 00:00:00-05:00,45.11588053841025,45.123661857547354,44.82792126012552,44.92909622192383,25266000
2017-01-03 00:00:00-05:00,45.10032180913811,45.224843716173424,45.02249376171826,45.20927810668945,27938300
2017-01-04 00:00:00-05:00,45.45054395889438,45.74628165443329,45.41162844789066,45.72293472290039,25670000
2017-01-05 00:00:00-05:00,45.83966981556722,46.158757373171895,45.83966981556722,46.112060546875,22063100
2017-01-06 00:00:00-05:00,45.894146175845066,46.00310246412811,45.84744935136539,45.95640563964844,22073700
2017-01-09 00:00:00-05:00,45.78519197874838,45.90971388087871,45.722929543265046,45.8863639831543,13962400
2017-01-10 00:00:00-05:00,45.8552380838619,46.01867551154352,45.8552380838619,45.8941535949707,16296600
2017-01-11 00:00:00-05:00,45.80075712191612,46.150975918559425,45.74627897230899,46.13541030883789,31352400
2017-01-12 00:00:00-05:00,46.19767445929848,46.21324006959671,46.00310878382559,46.2054557800293,25127300
2017-01-13 00:00:00-05:00,46.24437605624784,46.38446360352646,46.17433525144562,46.37668228149414,20901900
2017-01-17 00:00:00-05:00,46.23658700062575,46.25993393165478,46.12763069737478,46.2054557800293,22524800
2017-01-18 00:00:00-05:00,46.06537015957383,46.16654514627447,45.93306691982715,46.07315444946289,14581400
2017-01-19 00:00:00-05:00,45.99531817563007,46.05758060826963,45.816318135045606,45.95640563964844,17619300
2017-01-20 00:00:00-05:00,46.119840959607565,46.23658153863522,46.05758149460606,46.22101593017578,24974100
2017-01-23 00:00:00-05:00,46.158760864204716,46.33776092529297,46.05758588399431,46.33776092529297,43093600
2017-01-24 00:00:00-05:00,46.25993262105501,46.47784819021973,46.244367011197774,46.454498291015625,18176000
2017-01-25 00:00:00-05:00,46.70353818873115,46.95258495669451,46.68797554901744,46.93701934814453,27237600
2017-01-26 00:00:00-05:00,46.843627196684245,46.890324023829315,46.6879770438734,46.75023651123047,20838800
2017-01-27 00:00:00-05:00,46.71132159383793,46.73466852180313,46.586799696629825,46.67240905761719,13061000
2017-01-30 00:00:00-05:00,46.2677171649683,46.36889214517871,46.11984535492927,46.33776092529297,19146200
2017-01-31 00:00:00-05:00,46.42337200700109,46.49341576990798,46.22102203912045,46.407806396484375,29996800
2017-02-01 00:00:00-05:00,46.6957527515424,46.71909967789065,46.470055900722635,46.59457778930664,26726400
2017-02-02 00:00:00-05:00,46.64127447755106,46.68797129895012,46.485621375056866,46.61792755126953,14796700
2017-02-03 00:00:00-05:00,46.70353922946957,46.83584542067454,46.64127976271854,46.80471420288086,13963800
2017-02-06 00:00:00-05:00,46.32219342070492,46.470062255859375,46.29106220209248,46.470062255859375,16220200
2017-02-07 00:00:00-05:00,46.368892210869156,46.44671729185725,46.32997670153858,46.423370361328125,12123000
2017-02-08 00:00:00-05:00,46.376672093222886,46.54789082869078,46.32219394445337,46.50119400024414,16749200
2017-02-09 00:00:00-05:00,46.56344418296552,46.71131298087373,46.50118176142375,46.69574737548828,14299600
2017-02-10 00:00:00-05:00,46.64127976271854,46.83584542067454,46.625714153821704,46.80471420288086,13212100
2017-02-13 00:00:00-05:00,46.99927835957662,47.06154079317518,46.91366899779672,46.99149703979492,12694400
2017-02-14 00:00:00-05:00,46.828054114520455,46.92144775390625,46.63348848572055,46.92144775390625,14256600
2017-02-15 00:00:00-05:00,46.71910623054739,47.10045623779297,46.70354062118671,47.10045623779297,15460100
2017-02-16 00:00:00-05:00,47.11602093557298,47.20941162109375,47.0537584993349,47.20941162109375,14416500
2017-02-17 00:00:00-05:00,46.94480094929901,47.100454066895196,46.90588841210903,47.08488845825195,14938000
2017-02-21 00:00:00-05:00,47.0381972126443,47.24054718017578,47.02263160215444,47.24054718017578,11550300
2017-02-22 00:00:00-05:00,46.99928467083798,47.2716784011555,46.99928467083798,47.24054718017578,17129400
2017-02-23 00:00:00-05:00,47.38063312155996,47.419545662065225,47.217195701299374,47.34172058105469,12410600
2017-02-24 00:00:00-05:00,46.82806409704328,47.03041405667902,46.80471716663782,46.99928283691406,16198700
2017-02-27 00:00:00-05:00,46.84363022946201,47.03819590190861,46.83584890885223,47.03041458129883,14039000
2017-02-28 00:00:00-05:00,46.944795873752554,47.10044897451995,46.87475212684903,46.96036148071289,20439100
2017-03-01 00:00:00-05:00,47.27945722683965,47.56741358361368,47.26389161717126,47.45067596435547,20198000
2017-03-02 00:00:00-05:00,47.248318617004585,47.30279675790434,47.131581016006265,47.13936233520508,16452800
2017-03-03 00:00:00-05:00,47.24054416402089,47.474022368788624,47.170500405706925,47.4195442199707,19149100
2017-03-06 00:00:00-05:00,47.26389082074202,47.279456430148116,47.13936891432965,47.27167510986328,10965800
2017-03-07 00:00:00-05:00,47.06154054939677,47.186062447112626,46.99149679637933,47.10823440551758,16308800
2017-03-08 00:00:00-05:00,47.077106856258055,47.123800713071724,46.89032252249461,46.93701934814453,11568200
2017-03-09 00:00:00-05:00,47.061538245907535,47.139363314857114,46.99149449631848,47.11601638793945,13369300
2017-03-10 00:00:00-05:00,47.442891879037134,47.56741378808304,47.35728250991123,47.512935638427734,18987900
2017-03-13 00:00:00-04:00,47.629674923539504,47.76976243848693,47.621890634466645,47.76197814941406,19718700
2017-03-14 00:00:00-04:00,47.41175328178764,47.450668784488464,47.31058128750638,47.39619064331055,15953500
2017-03-15 00:00:00-04:00,47.49736471405366,48.08106165405138,47.489583394474934,48.073280334472656,22841100
2017-03-16 00:00:00-04:00,48.33010962490438,48.35345952333268,48.19780639876849,48.3067626953125,24380100
2017-03-17 00:00:00-04:00,48.392369506580124,48.524672725728855,48.29897882430831,48.43128204345703,20697400
2017-03-20 00:00:00-04:00,48.44685304974918,48.51689681146614,48.26785298510287,48.33011245727539,13484400
2017-03-21 00:00:00-04:00,48.70367530433677,48.74258784086618,48.08106284452127,48.1121940612793,23331500
2017-03-22 00:00:00-04:00,47.956550053194974,48.16668135296085,47.91763750927613,48.11998748779297,14492800
2017-03-23 00:00:00-04:00,48.04215090765587,48.330107244171266,48.04215090765587,48.22893524169922,25394800
2017-03-24 00:00:00-04:00,48.33789727044712,48.46241918497766,48.2834191183923,48.361244201660156,25264500
2017-03-27 00:00:00-04:00,48.322325300452135,48.54802216859681,48.26784715556704,48.48575973510742,30294500
2017-03-28 00:00:00-04:00,48.555800043492575,48.75814996914079,48.53245311700856,48.719234466552734,23196000
2017-03-29 00:00:00-04:00,48.47797497598851,48.74258436187277,48.47019068793649,48.719234466552734,19090800
2017-03-30 00:00:00-04:00,48.58693194348069,50.867241485785,48.501322586716846,48.54801940917969,16049800
2017-03-31 00:00:00-04:00,48.33789024808554,48.53245589682597,48.29119342360681,48.47797775268555,30871700
2017-04-03 00:00:00-04:00,48.4001518073565,48.439067313858374,48.06549863952737,48.407936096191406,32855200
2017-04-04 00:00:00-04:00,48.19780646757377,48.392372131347656,48.13554403012464,48.392372131347656,16793800
2017-04-05 00:00:00-04:00,48.35345555257425,48.47797744823265,48.11997736931927,48.13554000854492,22710400
2017-04-06 00:00:00-04:00,48.15889523014429,48.2367203102226,48.05772025097328,48.14332962036133,17795900
2017-04-07 00:00:00-04:00,48.057715916370874,48.19780342294574,48.049934596599485,48.1121940612793,15848900
2017-04-10 00:00:00-04:00,48.04214694764138,48.13553762254691,48.00323441383374,48.05771255493164,11321500
2017-04-11 00:00:00-04:00,48.25228171649569,48.306759861571926,47.95654109405592,48.28341293334961,18663100
2017-04-12 00:00:00-04:00,48.21337180269275,48.27563127095131,48.03437174929932,48.244503021240234,25045600
2017-04-13 00:00:00-04:00,48.0188025670044,48.081062030630314,47.886496382440534,47.93319320678711,16760100
2017-04-17 00:00:00-04:00,48.13554159025941,48.267847778714334,48.127760270390894,48.22893524169922,15573500
2017-04-18 00:00:00-04:00,47.90206056098229,48.011016845703125,47.7464074533085,48.011016845703125,21171100
2017-04-19 00:00:00-04:00,48.065495815397526,48.09662703123536,47.76197388306906,47.81645202636719,13263100
2017-04-20 00:00:00-04:00,48.221146608955785,48.33010289031721,48.19001539461366,48.19779968261719,20485300
2017-04-21 00:00:00-04:00,48.19780402455262,48.267847778714334,48.127760270390894,48.22893524169922,18989800
2017-04-24 00:00:00-04:00,49.34963450301577,49.50528762673659,49.32628757355039,49.450809478759766,32694900
2017-04-25 00:00:00-04:00,49.69207374482584,49.87107678393999,49.63759559164734,49.80103302001953,24975200
2017-04-26 00:00:00-04:00,49.66094207763672,49.832157846352565,49.66094207763672,49.66094207763672,20489600
2017-04-27 00:00:00-04:00,49.746542692706726,49.746542692706726,49.614239479137034,49.7076301574707,13855700
2017-04-28 00:00:00-04:00,49.72320003749494,49.738765646693956,49.62980935113725,49.65315628051758,25361200
2017-05-01 00:00:00-04:00,49.80103171405937,49.964463200472444,49.73876927272429,49.855506896972656,22211300
2017-05-02 00:00:00-04:00,50.00337509476018,50.13567831977489,49.95668123597212,50.11233139038086,23500000
2017-05-03 00:00:00-04:00,49.98003439659891,50.065643773498856,49.886640729706194,50.011165618896484,12811000
2017-05-04 00:00:00-04:00,50.18238270836062,50.5014673353994,50.14346719736094,50.485904693603516,16359700
2017-05-05 00:00:00-04:00,50.540379590583164,51.04624557495117,50.524811012116885,51.04624557495117,18990900
2017-05-08 00:00:00-04:00,50.67267457727367,50.67267457727367,50.55593400845623,50.66489028930664,19823800
2017-05-09 00:00:00-04:00,50.57151360623494,50.61820746886985,50.43920443264723,50.540382385253906,28186600
2017-05-10 00:00:00-04:00,50.571512162867705,50.61820602416992,50.50146543324128,50.61820602416992,18524300
2017-05-11 00:00:00-04:00,50.40806967935037,50.50924762486706,50.2835507418251,50.49367904663086,18381600
2017-05-12 00:00:00-04:00,50.54037427392776,50.77384948730469,50.54037427392776,50.77384948730469,27683000
2017-05-15 00:00:00-04:00,50.88280600323583,51.030677795410156,50.867243364009646,51.030677795410156,20493900
2017-05-16 00:00:00-04:00,51.32641654321718,51.36533204862603,51.2563757586882,51.357547760009766,21931200
2017-05-17 00:00:00-04:00,51.10850263705003,51.170765069019474,50.75828684814849,50.77384948730469,30198700
2017-05-18 00:00:00-04:00,50.64933443615399,50.89837824541346,50.602634639767814,50.85946273803711,19242600
2017-05-19 00:00:00-04:00,51.21746562625973,51.458731097294205,51.19411869563419,51.45094680786133,34855500
2017-05-22 00:00:00-04:00,51.50541837879788,51.60659037780833,51.450940235073425,51.51320266723633,14692600
2017-05-23 00:00:00-04:00,51.62994094478731,51.66107216306316,51.450943861792105,51.5209846496582,12489200
2017-05-24 00:00:00-04:00,51.3808976606148,51.55990068310956,51.34977237969406,51.55211639404297,15075500
2017-05-25 00:00:00-04:00,51.55211639404297,51.62994147169046,51.48207560546207,51.55211639404297,13265300
2017-05-26 00:00:00-04:00,51.26417119084542,51.41203708066195,51.248602610228666,51.404258728027344,25971500
2017-05-30 00:00:00-04:00,51.26415642188071,51.38867534257257,51.24858784574919,51.34976577758789,14415300
2017-05-31 00:00:00-04:00,51.614375390191576,51.661069246132506,51.38867852368969,51.412025451660156,31167900
2017-06-01 00:00:00-04:00,51.60659750519832,51.76225360710324,51.55990364346343,51.74668502807617,25610000
2017-06-02 00:00:00-04:00,52.112465572638385,52.33037816143758,52.0346404963062,52.314815521240234,22765300
2017-06-05 00:00:00-04:00,52.0346359423065,52.065767157649354,51.96458922336703,52.026851654052734,14304500
2017-06-06 00:00:00-04:00,51.81673154752847,51.917903560100164,51.80116296856474,51.87899398803711,11387200
2017-06-07 00:00:00-04:00,51.96459110729287,52.050200468171354,51.71554731319338,51.89455032348633,15346400
2017-06-08 00:00:00-04:00,51.6922064181964,51.808947009171035,51.62994397798685,51.80116271972656,15425200
2017-06-09 00:00:00-04:00,51.53654948821206,51.72333084664182,51.412024624143996,51.606590270996094,20807900
2017-06-12 00:00:00-04:00,51.45872524527351,51.513203389762076,51.34976895629639,51.412025451660156,17937200
2017-06-13 00:00:00-04:00,51.73112343315556,51.84007973785642,51.661076701463124,51.8089485168457,19123700
2017-06-14 00:00:00-04:00,52.10467648727503,52.11246077549349,51.598810568846325,51.770023345947266,18739500
2017-06-15 00:00:00-04:00,50.98398461723202,51.26415962840343,50.9684160401267,51.233028411865234,22870900
2017-06-16 00:00:00-04:00,51.48208380023754,51.68443378446877,51.41982135313966,51.66886520385742,24571500
2017-06-19 00:00:00-04:00,51.86342540907338,51.980166000608804,51.83229418881906,51.87899398803711,26706100
2017-06-20 00:00:00-04:00,51.73821496077264,51.74612527396193,51.34278377452314,51.4614143371582,23798500
2017-06-21 00:00:00-04:00,51.342783643728694,51.445599613524315,51.2716089266096,51.39814376831055,10989000
2017-06-22 00:00:00-04:00,51.38232940237215,51.485139338820126,51.319058964342126,51.39023971557617,13521700
2017-06-23 00:00:00-04:00,51.398146470005656,51.603772386604405,51.32697174914534,51.51677703857422,15138700
2017-06-26 00:00:00-04:00,51.848936621046185,51.896392467672136,51.580046303304435,51.6037712097168,21872800
2017-06-27 00:00:00-04:00,51.62749092952939,51.75403179608441,51.54049559222296,51.595855712890625,17466000
2017-06-28 00:00:00-04:00,51.793570423098004,52.094101959226805,51.76984551946689,52.04664611816406,26317300
2017-06-29 00:00:00-04:00,51.888474570513715,51.89638488276211,51.31114245238747,51.532588958740234,35923300
2017-06-30 00:00:00-04:00,51.66703639085775,51.682850982256035,51.27160523409405,51.5642204284668,28866100
2017-07-03 00:00:00-04:00,51.50095748901367,51.62749232518873,51.48513686336631,51.50095748901367,9564300
2017-07-05 00:00:00-04:00,51.350691714367564,51.532592706507636,51.26369637470937,51.50095748901367,26253300
2017-07-06 00:00:00-04:00,51.16879048049267,51.382326689117896,51.113430358589966,51.2716064453125,22874100
2017-07-07 00:00:00-04:00,51.12925456209378,51.342784751860705,51.05807380963735,51.27951431274414,18885700
2017-07-10 00:00:00-04:00,51.24788538565089,51.421870043397824,51.216250165932934,51.40605545043945,10674800
2017-07-11 00:00:00-04:00,51.27161677943605,51.532602849781085,51.20043601761378,51.52469253540039,13584000
2017-07-12 00:00:00-04:00,51.84102111024229,51.999191141258464,51.825200486860716,51.93592071533203,15995600
2017-07-13 00:00:00-04:00,51.99920155479321,52.12574243198759,51.92802683672221,52.08619689941406,22520700
2017-07-14 00:00:00-04:00,52.236459145293345,52.45789963158691,52.196913615397754,52.449989318847656,14145100
2017-07-17 00:00:00-04:00,52.3471794128418,52.41835412612617,52.2918192912426,52.3471794128418,10326100
2017-07-18 00:00:00-04:00,52.29971716284822,52.394622802734375,52.26017767157897,52.394622802734375,11718200
2017-07-19 00:00:00-04:00,52.48162601152464,52.62398147583008,52.473715698562984,52.62398147583008,12542300
2017-07-20 00:00:00-04:00,52.75842413080157,52.8691443718223,52.671428793742336,52.83750915527344,13792700
2017-07-21 00:00:00-04:00,52.560712407054126,52.631893157958984,52.386721720176745,52.631893157958984,18391200
2017-07-24 00:00:00-04:00,52.39462682353385,52.50534706166445,52.26018168206104,52.489532470703125,17486100
2017-07-25 00:00:00-04:00,52.75842266487145,52.78214756817374,52.54489250135044,52.560707092285156,12297600
2017-07-26 00:00:00-04:00,52.71098092274874,52.97196696660414,52.62398557479693,52.884971618652344,19186700
2017-07-27 00:00:00-04:00,52.98777501611183,53.01941023271484,52.592343859275175,52.766334533691406,13754400
2017-07-28 00:00:00-04:00,52.63188815902649,52.829603732826286,52.57652803971456,52.821693420410156,15080800
2017-07-31 00:00:00-04:00,52.89286566740923,52.99568162262905,52.774241155694355,52.932411193847656,20998800
2017-08-01 00:00:00-04:00,53.335760685971294,53.414845716985624,53.225040435791016,53.225040435791016,16206800
2017-08-02 00:00:00-04:00,53.25666831733309,53.31993875411601,53.11431888527294,53.24876403808594,8948300
2017-08-03 00:00:00-04:00,53.23294347796328,53.37529894400081,53.19340398027567,53.280399322509766,11245900
2017-08-04 00:00:00-04:00,53.33575553823846,53.39111565798548,53.1459442415625,53.35157012939453,14178000
2017-08-07 00:00:00-04:00,53.2408523969275,53.3832078592375,53.2408523969275,53.37529754638672,11865600
2017-08-08 00:00:00-04:00,53.28040275347087,53.35157747417241,53.058956210196264,53.09059143066406,13510100
2017-08-09 00:00:00-04:00,52.77425246519078,53.027328200750176,52.742617244020664,53.003597259521484,15080100
2017-08-10 00:00:00-04:00,52.687250251742135,52.687250251742135,52.204823750897276,52.25227355957031,28825100
2017-08-11 00:00:00-04:00,52.220645778800986,52.29973081578474,52.08620061254844,52.15737533569336,27456400
2017-08-14 00:00:00-04:00,52.536991119384766,52.67143628348475,52.51326621204964,52.536991119384766,13311500
2017-08-15 00:00:00-04:00,52.47372305911728,52.52908319001256,52.30764266643145,52.4974479675293,13212200
2017-08-16 00:00:00-04:00,52.67142895154066,52.8612342176019,52.65561436011915,52.797969818115234,14030700
2017-08-17 00:00:00-04:00,52.60816181642187,52.69515715919574,52.20482635498047,52.20482635498047,18647700
2017-08-18 00:00:00-04:00,52.2918192912426,52.45789965604019,52.18900332698642,52.3471794128418,16347200
2017-08-21 00:00:00-04:00,52.32344795593435,52.41043725001021,52.1969071030968,52.33135223388672,11760800
2017-08-22 00:00:00-04:00,52.44207904885818,52.60815941371375,52.426264457167484,52.584434509277344,11528800
2017-08-23 00:00:00-04:00,52.43417993840268,52.60026031962895,52.42626962487724,52.592350006103516,13007000
2017-08-24 00:00:00-04:00,52.60816188984127,52.66352201406545,52.46580642272182,52.473716735839844,13150600
2017-08-25 00:00:00-04:00,52.66351727269458,52.91659899927809,52.64770268168334,52.79005813598633,14942000
2017-08-28 00:00:00-04:00,52.845418255226356,52.869143158643446,52.75842292016339,52.79005813598633,13422100
2017-08-29 00:00:00-04:00,52.497439396347026,52.71097560479487,52.481624804588286,52.57653045654297,11536900
2017-08-30 00:00:00-04:00,52.489541241357095,52.552805649573905,52.4183604856362,52.50535583496094,10510300
2017-08-31 00:00:00-04:00,52.710975822544874,52.948230902710556,52.687250917908386,52.90869140625,20277900
2017-09-01 00:00:00-04:00,53.1064030735986,53.12221766425641,52.948226998018804,52.979862213134766,15541800
2017-09-05 00:00:00-04:00,52.979867119693225,52.979867119693225,52.45790110644055,52.62398147583008,18682300
2017-09-06 00:00:00-04:00,52.9086912470666,53.06686130003451,52.84542081235914,52.9482307434082,21335800
2017-09-07 00:00:00-04:00,53.383209228515625,53.4069341338757,53.24876407560789,53.383209228515625,14599300
2017-09-08 00:00:00-04:00,53.509743827941435,53.53346873051967,53.39111328125,53.39111328125,16168800
2017-09-11 00:00:00-04:00,53.74700559419032,53.90518168744987,53.7390952810771,53.81027603149414,19127300
2017-09-12 00:00:00-04:00,53.810272330501384,54.00798790812647,53.810272330501384,53.97635269165039,11803000
2017-09-13 00:00:00-04:00,53.865643546951446,53.89727876994424,53.636292705605086,53.68374252319336,14672800
2017-09-14 00:00:00-04:00,53.58882786672449,53.78654342965712,53.573007242761804,53.77863311767578,14862300
2017-09-15 00:00:00-04:00,53.82609176635742,53.85772698568078,53.73119214218848,53.82609176635742,16315500
2017-09-18 00:00:00-04:00,53.96053300021433,54.04752229505101,53.80235693278397,53.89726257324219,13594900
2017-09-19 00:00:00-04:00,54.118713443758864,54.16616325621509,54.01590350550331,54.15034866333008,8877200
2017-09-20 00:00:00-04:00,54.16616436835086,54.3401550626643,53.77864347979902,54.03171920776367,15309700
2017-09-21 00:00:00-04:00,53.9051906539674,54.00009029190761,53.84982448676628,53.92100524902344,10250100
2017-09-22 00:00:00-04:00,54.07916015287957,54.17406579797845,54.03171034723029,54.08707046508789,8442800
2017-09-25 00:00:00-04:00,53.86562844807015,53.99216327077096,53.67582319711886,53.77863311767578,13473900
2017-09-26 00:00:00-04:00,53.69163887687661,53.73118440378571,53.493923309931624,53.660003662109375,20026600
2017-09-27 00:00:00-04:00,53.58882277724472,53.77862801016968,53.55718756612397,53.69954299926758,17751800
2017-09-28 00:00:00-04:00,53.69955965332236,53.92100016604429,53.69955965332236,53.841915130615234,11704000
2017-09-29 00:00:00-04:00,53.84190659072262,54.21361283546423,53.84190659072262,54.15825271606445,24981400
2017-10-02 00:00:00-04:00,53.992171134978655,54.16616182110993,53.96844622937912,54.110801696777344,16475600
2017-10-03 00:00:00-04:00,54.142432139218414,54.30060821892983,54.118707235711824,54.29269790649414,12073300
2017-10-04 00:00:00-04:00,54.150340877665556,54.24524048893347,54.14243056545979,54.18988037109375,12518600
2017-10-05 00:00:00-04:00,54.08707197180731,54.181977619550004,54.05543675589308,54.15825271606445,11871200
2017-10-06 00:00:00-04:00,53.91307986843398,54.126616061730175,53.889354965578924,54.11870574951172,16923300
2017-10-09 00:00:00-04:00,54.18988924067037,54.20570986767135,54.08707930036918,54.13452911376953,5155600
2017-10-10 00:00:00-04:00,54.450874489863665,54.65650040127604,54.40342467715358,54.648590087890625,16626700
2017-10-11 00:00:00-04:00,54.6248576059603,54.79884827350255,54.61694729367191,54.78302764892578,16732400
2017-10-12 00:00:00-04:00,54.68812301317044,54.83047845228316,54.64066717759966,54.735572814941406,10774000
2017-10-13 00:00:00-04:00,55.04402291120681,55.09147875912103,54.97284819003755,55.02029800415039,12928900
2017-10-16 00:00:00-04:00,55.020300388303475,55.05984592431203,54.941215350088015,54.98075485229492,8800600
2017-10-17 00:00:00-04:00,54.846304478250296,54.877939697294174,54.73558422849726,54.83839416503906,8286800
2017-10-18 00:00:00-04:00,54.9253936451961,55.020299309474744,54.85421892233827,54.99657440185547,11793200
2017-10-19 00:00:00-04:00,54.75139113544213,54.90956115722656,54.71975592432533,54.90956115722656,10368300
2017-10-20 00:00:00-04:00,54.87002938408294,54.87002938408294,54.75140485491974,54.83839416503906,12636300
2017-10-23 00:00:00-04:00,54.86212016545335,54.885845069150044,54.680219180777804,54.719764709472656,8422200
2017-10-24 00:00:00-04:00,54.790945883145575,54.91748676285413,54.7276754432913,54.806766510009766,10586500
2017-10-25 00:00:00-04:00,54.78302883420259,54.81466405024022,54.38759768443303,54.593223571777344,11495500
2017-10-26 00:00:00-04:00,54.73558912920231,54.775134664998106,54.57741905362237,54.585323333740234,12355500
2017-10-27 00:00:00-04:00,54.5536905914632,54.727675249745296,54.48250983842856,54.71186065673828,18853800
2017-10-30 00:00:00-04:00,54.7434945417085,54.85421479146154,54.727673915286026,54.83839416503906,14308400
2017-10-31 00:00:00-04:00,54.949124485559274,55.099384244805535,54.885854042823205,55.0677490234375,24418400
2017-11-01 00:00:00-04:00,55.30501274775825,55.360372879285464,55.099386816170686,55.123111724853516,23674500
2017-11-02 00:00:00-04:00,55.083562489751195,55.289188385009766,55.067741864223215,55.289188385009766,20430900
2017-11-03 00:00:00-04:00,55.202205657958984,55.202205657958984,55.01239431106179,55.202205657958984,14078700
2017-11-06 00:00:00-05:00,55.051929707683136,55.29709511000492,55.04401939456924,55.281280517578125,11959000
2017-11-07 00:00:00-05:00,55.17847065221566,55.24965141051258,54.93330522277424,55.075660705566406,13024200
2017-11-08 00:00:00-05:00,55.16264744893564,55.34454843948187,55.13101223171887,55.25755310058594,15924200
2017-11-09 00:00:00-05:00,54.798844813147824,54.964925157914294,54.601129255025825,54.941200256347656,22577000
2017-11-10 00:00:00-05:00,54.7593041149106,54.854209763342865,54.672308778964485,54.79093933105469,11070800
2017-11-13 00:00:00-05:00,54.24524974633385,54.585320823613884,54.23734546657946,54.56159591674805,13605200
2017-11-14 00:00:00-05:00,54.4587785180166,54.56158844495662,54.332237653659185,54.52204895019531,13850100
2017-11-15 00:00:00-05:00,54.0712611618101,54.31642656003855,54.00008041257548,54.26106643676758,18547300
2017-11-16 00:00:00-05:00,54.609049577649486,54.759309326383566,54.54577913933983,54.696044921875,17372500
2017-11-17 00:00:00-05:00,54.54578279230436,54.5932326073138,54.442966814715234,54.49833297729492,24773400
2017-11-20 00:00:00-05:00,54.67231111093286,54.783031355259524,54.61695098876953,54.61695098876953,20689600
2017-11-21 00:00:00-05:00,54.98865652708914,55.09937676995606,54.95702131001278,55.028202056884766,17104800
2017-11-22 00:00:00-05:00,55.257557863634716,55.297097363213325,55.004482137886875,55.178466796875,17943200
2017-11-24 00:00:00-05:00,55.63717133069357,55.66880655228349,55.55808629361955,55.6292610168457,11732300
2017-11-27 00:00:00-05:00,55.51853292382401,55.565988766413064,55.29709243774414,55.29709243774414,17066500
2017-11-28 00:00:00-05:00,55.471082194783804,55.62925224398808,55.36827226618109,55.61343765258789,19389400
2017-11-29 00:00:00-05:00,55.652988140574834,55.70043795280387,55.31291707406413,55.39200210571289,19328300
2017-11-30 00:00:00-05:00,55.6213478517847,55.68461828485765,55.399907369829954,55.447357177734375,24443400
2017-12-01 00:00:00-05:00,55.170553883677016,55.36826945203357,54.949113412525726,55.225914001464844,33370400
2017-12-04 00:00:00-05:00,55.083562178318225,55.352452472766245,55.020291744165505,55.028202056884766,19355500
2017-12-05 00:00:00-05:00,54.94119636834336,55.15472650113231,54.90165084599747,54.90956115722656,15853700
2017-12-06 00:00:00-05:00,54.830486230118375,54.90957125555499,54.71185567506311,54.798851013183594,12481600
2017-12-07 00:00:00-05:00,54.996560371269815,55.07564538775861,54.783024189570064,54.941200256347656,16966100
2017-12-08 00:00:00-05:00,55.19428618490261,55.26546090282733,55.067745307968295,55.23382568359375,19106800
2017-12-11 00:00:00-05:00,55.34454574488173,55.39199555149629,55.26545468879021,55.37617492675781,20038600
2017-12-12 00:00:00-05:00,55.447357177734375,55.49480698563879,55.28918712885258,55.447357177734375,16514700
2017-12-13 00:00:00-05:00,55.53435764254332,55.763708458259515,55.494812109771125,55.660892486572266,25920500
2017-12-14 00:00:00-05:00,55.62134764713328,55.645072550998194,55.32081610804281,55.35245132446289,27424600
2017-12-15 00:00:00-05:00,55.297093873412734,55.41572443226428,55.17055903542506,55.336639404296875,32906900
2017-12-18 00:00:00-05:00,55.92978681434744,56.119592090433876,55.913966188289685,55.99305725097656,38998500
2017-12-19 00:00:00-05:00,55.90753368081758,55.931516302372174,55.69973307635846,55.78765106201172,37373700
2017-12-20 00:00:00-05:00,55.843593749089095,55.87556447742014,55.6517693791028,55.691734313964844,18729500
2017-12-21 00:00:00-05:00,55.76366524029307,56.03541338884261,55.747682924633956,55.89154815673828,22930000
2017-12-22 00:00:00-05:00,55.86757388815348,56.04340985646266,55.835603157752416,56.03541564941406,18767000
2017-12-26 00:00:00-05:00,55.93152017392605,56.08337353418917,55.88356102529057,56.019432067871094,15995000
2017-12-27 00:00:00-05:00,56.09936026729041,56.21125478109449,56.0274245953914,56.12333679199219,19835400
2017-12-28 00:00:00-05:00,56.267202284068816,56.315155333682085,56.12333703743531,56.15530776977539,20811200
2017-12-29 00:00:00-05:00,56.40306577775225,56.41105998421626,56.15530025750402,56.19525909423828,16214700
2018-01-02 00:00:00-05:00,56.37109675718536,56.62685649164463,56.28317877679689,56.61087417602539,26530000
2018-01-03 00:00:00-05:00,56.65882893822779,56.95455361738934,56.62685820822709,56.88261795043945,33384900
2018-01-04 00:00:00-05:00,57.434112898129115,57.593960479635655,57.394147953855295,57.50604248046875,23974400
2018-01-05 00:00:00-05:00,57.66588943664142,57.86570193912612,57.60194797237585,57.82573699951172,17483800
2018-01-08 00:00:00-05:00,57.75380235140295,57.825731919036876,57.68986089275516,57.809749603271484,21733700
2018-01-09 00:00:00-05:00,57.817734397686664,57.89766426531074,57.64190454317489,57.873687744140625,19138900
2018-01-10 00:00:00-05:00,57.88169140920501,57.905667936819164,57.72184382658106,57.761802673339844,18118900
2018-01-11 00:00:00-05:00,57.92165517513254,58.16942075249631,57.87370212088002,58.16142654418945,17314400
2018-01-12 00:00:00-05:00,58.369220793413525,58.75286343877503,58.313273542818415,58.744869232177734,22694300
2018-01-16 00:00:00-05:00,58.91271188789426,59.0166121840814,58.61698721718662,58.68892288208008,24617800
2018-01-17 00:00:00-05:00,58.84876859207864,59.20843470972867,58.720891777517856,58.99263381958008,21424400
2018-01-18 00:00:00-05:00,58.832789719697026,58.984649162555264,58.736877529819196,58.92070770263672,19094600
2018-01-19 00:00:00-05:00,59.21642328411132,59.25638821898437,59.03259921839835,59.24839401245117,19622600
2018-01-22 00:00:00-05:00,59.29635285172302,59.57608910103019,59.26438212354607,59.5521125793457,14992500
2018-01-23 00:00:00-05:00,59.62404211050321,59.78389575129708,59.552112545490644,59.74393081665039,15575400
2018-01-24 00:00:00-05:00,60.07162299652809,60.127570243367735,59.64801544440786,59.84782791137695,24383800
2018-01-25 00:00:00-05:00,60.087622895205776,60.11159942261187,59.496179527276176,59.61606216430664,23272500
2018-01-26 00:00:00-05:00,59.92777510260098,60.15955226523863,59.88781015853555,60.14356994628906,19192600
2018-01-29 00:00:00-05:00,59.664007196190695,59.71995444616195,59.4801770332606,59.592071533203125,26906700
2018-01-30 00:00:00-05:00,59.40025130528664,59.44021623871831,59.02460288308271,59.09653854370117,113986300
2018-01-31 00:00:00-05:00,59.296363031109685,59.32833376477504,58.91272032491939,59.01662063598633,38465500
2018-02-01 00:00:00-05:00,58.92069435312646,59.296342722796695,58.8887236304107,59.1844482421875,30876200
2018-02-02 00:00:00-05:00,58.60900207802837,58.60900207802837,57.921646612317,57.98558807373047,36590600
2018-02-05 00:00:00-05:00,57.25827038695555,57.52202435445558,55.39601639503399,55.555870056152344,78968000
2018-02-06 00:00:00-05:00,55.48391774954841,56.80268109387602,55.35604095678618,56.650821685791016,84302300
2018-02-07 00:00:00-05:00,56.14731906677478,56.63486211161942,55.939512335088295,56.05140686035156,44411300
2018-02-08 00:00:00-05:00,56.08336134449537,56.1073378647049,54.572779593369724,54.588768005371094,59223600
2018-02-09 00:00:00-05:00,54.948431925197,55.11627367643336,53.461826588197326,54.82054901123047,67466800
2018-02-12 00:00:00-05:00,55.228179007688446,55.77166930304056,55.05234301539892,55.65977478027344,37528600
2018-02-13 00:00:00-05:00,55.220179927986614,55.547875357033796,55.20419761091306,55.49192810058594,20574300
2018-02-14 00:00:00-05:00,55.156242426536224,56.506970736425224,55.13226590295733,56.475006103515625,31475400
2018-02-15 00:00:00-05:00,56.79470468238421,56.91459340539147,56.35512082841589,56.82667541503906,31600600
2018-02-16 00:00:00-05:00,56.91458242311254,57.32220156356527,56.890605902696365,57.08242416381836,23606400
2018-02-20 00:00:00-05:00,56.65082869384612,56.90658840880147,56.41105739108382,56.54692840576172,25286900
2018-02-21 00:00:00-05:00,56.70678955830782,57.06645574550915,56.25121726608804,56.27519989013672,30247700
2018-02-22 00:00:00-05:00,56.51495653212123,56.82666348784053,56.37908552020102,56.57090377807617,20537000
2018-02-23 00:00:00-05:00,56.77871470706699,57.09042168616894,56.66682020676336,57.01848602294922,30298500
2018-02-26 00:00:00-05:00,57.258260944746084,57.56996791028256,57.05844847464359,57.553985595703125,21007200
2018-02-27 00:00:00-05:00,57.19432640174638,57.258267863375586,56.66682458778891,56.698795318603516,22449300
2018-02-28 00:00:00-05:00,56.77872552729042,56.81069626172591,56.08337577335519,56.163299560546875,31642500
2018-03-01 00:00:00-05:00,55.70771196245092,55.97946008160331,54.94842704602284,55.22016906738281,51282100
2018-03-02 00:00:00-05:00,55.02837159770551,55.49993235697105,54.80458253139429,55.483943939208984,35512000
2018-03-05 00:00:00-05:00,55.076313920144734,55.81961047844876,55.060325507269226,55.7796516418457,18968500
2018-03-06 00:00:00-05:00,56.22723811923137,56.25920885201213,55.95549603728555,56.10734939575195,20996900
2018-03-07 00:00:00-05:00,55.83560225821695,56.123332729397724,55.675754706580186,56.09136199951172,14492500
2018-03-08 00:00:00-05:00,56.25120914389907,56.33912712600075,56.02742013411049,56.21125030517578,14883300
2018-03-09 00:00:00-05:00,56.29116754830148,56.57889798401044,56.20324957640194,56.57090377807617,17319800
2018-03-12 00:00:00-04:00,56.63484573364258,56.754734432552944,56.51495703473221,56.63484573364258,12801300
2018-03-13 00:00:00-04:00,56.82667161110389,56.86663654869567,56.155304563674,56.25920486450195,19138100
2018-03-14 00:00:00-04:00,56.69080527481427,56.73077021571589,56.19526805748583,56.39508056640625,13670800
2018-03-15 00:00:00-04:00,56.39508032164682,56.62686356272382,56.267203487345554,56.36310958862305,21712300
2018-03-16 00:00:00-04:00,56.25920154811082,56.47500244191598,56.23522502608647,56.323143005371094,16119900
2018-03-19 00:00:00-04:00,56.11533065466558,56.123324860464535,55.57184051839165,55.8675651550293,24159700
2018-03-20 00:00:00-04:00,55.80362230595446,55.97945824237135,55.72369854334467,55.85956954956055,20578800
2018-03-21 00:00:00-04:00,55.77165854845329,56.1712835092164,55.71571129785817,55.94749450683594,17479200
2018-03-22 00:00:00-04:00,55.380026956530656,55.499915662504584,54.89248402395149,54.90846633911133,42084300
2018-03-23 00:00:00-04:00,55.00438223669025,55.08430601347073,54.27706794085651,54.30104446411133,44983200
2018-03-26 00:00:00-04:00,55.13226543821553,55.31608951596639,54.58078100937631,55.27613067626953,31279000
2018-03-27 00:00:00-04:00,55.54787244919562,55.60381970271474,54.66070450211163,54.86851119995117,36493900
2018-03-28 00:00:00-04:00,55.21217842298692,55.595814917611975,54.972401040502156,55.188201904296875,35737600
2018-03-29 00:00:00-04:00,55.58783402023363,55.931511727551246,55.44396879164037,55.691734313964844,34745000
2018-04-02 00:00:00-04:00,55.4759535259465,55.61182458231203,54.54882046365224,54.924468994140625,52362500
2018-04-03 00:00:00-04:00,55.22017732466594,55.35605445345657,54.94044105561465,55.27613067626953,30413600
2018-04-04 00:00:00-04:00,54.62874528029152,55.491936885969075,54.60476875198846,55.467960357666016,26041500
2018-04-05 00:00:00-04:00,55.73170531629513,55.98746507299496,55.69973458448345,55.83560562133789,22625800
2018-04-06 00:00:00-04:00,55.795649740798765,55.995462273717024,55.28413014435161,55.467960357666016,24999600
2018-04-09 00:00:00-04:00,56.00343526846042,56.299159900365765,55.83559353612245,55.92351150512695,18498700
2018-04-10 00:00:00-04:00,56.48298428794536,56.65882022701807,56.363095593323756,56.52294921875,19233800
2018-04-11 00:00:00-04:00,56.40307161794867,56.634854847061526,56.26720058295636,56.307159423828125,21099100
2018-04-12 00:00:00-04:00,56.37908400476253,56.602872982566964,56.34711327967728,56.52294921875,18012500
2018-04-13 00:00:00-04:00,56.71476657496799,56.72276078056101,56.38707731916058,56.578895568847656,14515400
2018-04-16 00:00:00-04:00,56.72276777659017,56.746744298534225,56.5389376120308,56.66682052612305,15678300
2018-04-17 00:00:00-04:00,56.770721281724015,57.034475220837486,56.714774030802346,56.92258071899414,17545600
2018-04-18 00:00:00-04:00,57.162352614237165,57.29822973738171,57.10640536275168,57.218299865722656,17035100
2018-04-19 00:00:00-04:00,57.15436952293315,57.2342933038157,56.834668301609355,57.00251007080078,20004000
2018-04-20 00:00:00-04:00,56.81867727913552,56.866636423698914,56.674818138825344,56.786712646484375,27586500
2018-04-23 00:00:00-04:00,56.73876305696379,56.80270452862077,56.562927058804284,56.714786529541016,17696000
2018-04-24 00:00:00-04:00,56.81866609238405,56.890601746169416,56.315140907055046,56.48298263549805,22013400
2018-04-25 00:00:00-04:00,56.27519426576707,56.459018347209664,56.09935829374827,56.387088775634766,18280700
2018-04-26 00:00:00-04:00,56.666820526123054,56.75473850511323,56.52295529666575,56.66682052612305,23697700
2018-04-27 00:00:00-04:00,56.650854072894276,56.786731246236464,56.499000675787045,56.7227897644043,15395400
2018-04-30 00:00:00-04:00,56.65882532038929,56.8586377967901,56.498977778385786,56.538936614990234,21883700
2018-05-01 00:00:00-04:00,56.47501135888887,56.522964410509005,56.083374444677986,56.339134216308594,17308000
2018-05-02 00:00:00-04:00,56.62686588149753,56.69880155819512,56.27519999942355,56.31515884399414,16409400
2018-05-03 00:00:00-04:00,56.41106209610776,56.5629154378516,55.9874606045501,56.49098587036133,19854600
2018-05-04 00:00:00-04:00,56.08336049057984,56.746739329308134,56.05138976485641,56.690792083740234,17022600
2018-05-07 00:00:00-04:00,56.650836173484905,56.84266055837253,56.594888919007694,56.698795318603516,8172600
2018-05-08 00:00:00-04:00,56.498994093716526,56.70679473876953,56.39508767339541,56.70679473876953,12400300
2018-05-09 00:00:00-04:00,56.626861894175995,56.90659817764912,56.57890884495021,56.8426628112793,15414000
2018-05-10 00:00:00-04:00,57.01847991075953,57.210304260253906,56.91457962812762,57.210304260253906,18107500
2018-05-11 00:00:00-04:00,57.38614997951714,57.474067963572416,57.290237788422296,57.36216735839844,19083700
2018-05-14 00:00:00-04:00,57.569972379833956,57.62591963189451,57.402130623652276,57.46607208251953,17790300
2018-05-15 00:00:00-04:00,56.97053322842223,57.16235150152528,56.8266679991467,57.05045700073242,18330100
2018-05-16 00:00:00-04:00,56.994505427647674,57.17034137206978,56.930570073324404,57.1303825378418,13758300
2018-05-17 00:00:00-04:00,57.15436450530572,57.31421205303767,57.05845231799071,57.218299865722656,16191300
2018-05-18 00:00:00-04:00,57.0504568840519,57.1064041343339,56.93057427472827,57.010498046875,21815600
2018-05-21 00:00:00-04:00,57.298233392137725,57.37016296386719,57.22629772261479,57.37016296386719,13441700
2018-05-22 00:00:00-04:00,57.45007873235192,57.49803787127791,57.234283949459126,57.29822540283203,12897900
2018-05-23 00:00:00-04:00,56.57090834055386,56.6828028414881,56.3950723825735,56.66682052612305,23332600
2018-05-24 00:00:00-04:00,56.570909644614886,56.594886167111646,56.11533742379718,56.49098587036133,21542400
2018-05-25 00:00:00-04:00,56.083371852293446,56.203260573596005,55.97147733848936,56.12333679199219,17225600
2018-05-29 00:00:00-04:00,55.26014782676129,55.451966130884635,54.772604809694265,54.980411529541016,57008900
2018-05-30 00:00:00-04:00,55.45196394924501,55.85958316503991,55.30011059261061,55.819618225097656,25531900
2018-05-31 00:00:00-04:00,55.65178447318584,55.70773173849117,55.23617708774549,55.467960357666016,47992800
2018-06-01 00:00:00-04:00,55.883553049643524,55.963476822237546,55.65976404726305,55.94749450683594,39232600
2018-06-04 00:00:00-04:00,56.31515751273244,56.379098979886734,56.09136847548632,56.1153450012207,18561900
2018-06-05 00:00:00-04:00,56.123343696437274,56.14732022408871,55.883566224334075,56.02743148803711,16641000
2018-06-06 00:00:00-04:00,56.22723356568949,56.53095245361329,56.091362535720044,56.53095245361328,25445400
2018-06-07 00:00:00-04:00,56.578904549513176,56.602881072305784,56.10734390935024,56.21125030517578,25977000
2018-06-08 00:00:00-04:00,56.16329927129177,56.34712946890055,56.01943401597004,56.27519989013672,23206300
2018-06-11 00:00:00-04:00,56.48298630850328,56.77071674677115,56.435033268056145,56.63484573364258,26145100
2018-06-12 00:00:00-04:00,56.522965458493104,56.55493619276393,56.227240739833434,56.27519989013672,22706300
2018-06-13 00:00:00-04:00,56.45901810004717,56.51496535473609,56.1233345719136,56.35511779785156,20486700
2018-06-14 00:00:00-04:00,56.355118209623605,56.522959974916766,56.20325876101831,56.2352294921875,24099000
2018-06-15 00:00:00-04:00,55.97147102883485,55.979465235432144,55.73169971105276,55.94749450683594,31433500
2018-06-18 00:00:00-04:00,55.3320872356023,55.56386439908604,55.26015155558079,55.547882080078125,30778500
2018-06-19 00:00:00-04:00,54.74415266180176,55.078352843186465,54.66263465853429,55.037593841552734,30397600
2018-06-20 00:00:00-04:00,55.24953815092044,55.29029715896869,54.939790834188805,55.07836151123047,38687300
2018-06-21 00:00:00-04:00,54.931629586567645,54.931629586567645,54.63002914131851,54.68708801269531,23793400
2018-06-22 00:00:00-04:00,55.38810319685846,55.53482690438322,55.15172087485549,55.265838623046875,26146100
2018-06-25 00:00:00-04:00,54.87457392353939,54.93163279825225,54.3528910064644,54.49961471557617,39388300
2018-06-26 00:00:00-04:00,54.678942970493274,54.70339588488778,54.377342515409225,54.59743118286133,23117500
2018-06-27 00:00:00-04:00,54.64633855977353,54.85827418878131,54.05944372187563,54.08389663696289,29616800
2018-06-28 00:00:00-04:00,54.06759151682811,54.35288586339683,53.953473778200625,54.28767395019531,21384800
2018-06-29 00:00:00-04:00,54.711557614532424,54.91534022543718,54.540380967646634,54.58928680419922,32031400
2018-07-02 00:00:00-04:00,53.814901101789715,54.149107518779964,53.79860123169423,54.09204864501953,39167900
2018-07-03 00:00:00-04:00,54.52406805264215,54.605579843012755,54.2306206321472,54.25507354736328,14919900
2018-07-05 00:00:00-04:00,54.75229748789154,54.833809269232404,54.58927392520981,54.79305648803711,18593200
2018-07-06 00:00:00-04:00,54.866421030837174,55.200627454331624,54.809362155966284,55.086509704589844,16641600
2018-07-09 00:00:00-04:00,55.526679619217305,55.632644321960655,55.38810273845963,55.6163444519043,20682100
2018-07-10 00:00:00-04:00,55.51852967995148,55.64894730454923,55.48592371906425,55.591888427734375,18981400
2018-07-11 00:00:00-04:00,54.96424392384641,55.110967646748264,54.4996198378158,54.66264343261719,30172400
2018-07-12 00:00:00-04:00,54.95608586548442,55.143568579460734,54.858274205106284,55.086509704589844,18810600
2018-07-13 00:00:00-04:00,55.11095910014502,55.28213571382587,54.99684135769112,55.25768280029297,17206900
2018-07-16 00:00:00-04:00,55.24137360087484,55.314738556292305,55.14356195225181,55.23322677612305,15422200
2018-07-17 00:00:00-04:00,55.086507881604376,55.39625516080285,55.05390192290706,55.3310432434082,16965000
2018-07-18 00:00:00-04:00,55.29030085778822,55.46147750892959,55.200636009244846,55.33920669555664,13712400
2018-07-19 00:00:00-04:00,55.05390576656213,55.33104710641224,54.996846889595865,55.22508239746094,26316500
2018-07-20 00:00:00-04:00,55.241370776045,55.575577142284175,55.23322395170981,55.48591232299805,28610200
2018-07-23 00:00:00-04:00,55.48591232299805,55.54297118809378,55.379947636091664,55.48591232299805,10192900
2018-07-24 00:00:00-04:00,55.95053276004714,56.0809565685871,55.7222973140517,55.81196212768555,17645500
2018-07-25 00:00:00-04:00,55.80382040559631,56.31735026326365,55.624490741948776,56.227691650390625,29698900
2018-07-26 00:00:00-04:00,56.015757478351134,56.121722182817976,55.91793959956958,55.974998474121094,23009400
2018-07-27 00:00:00-04:00,56.219529959228595,56.333647687825234,56.02390045577004,56.08095932006836,28911800
2018-07-30 00:00:00-04:00,56.27660134808574,56.317354135111486,56.056512666132285,56.072818756103516,17630300
2018-07-31 00:00:00-04:00,56.27659922356298,56.32550505372808,56.04021067951347,56.146175384521484,25087500
2018-08-01 00:00:00-04:00,56.05650369170247,56.08096282274351,55.7875154397528,55.86087417602539,25402700
2018-08-02 00:00:00-04:00,55.25767963024425,55.49406814575195,55.200620762290676,55.49406814575195,24343200
2018-08-03 00:00:00-04:00,55.28214220542722,55.55113672377737,55.24953624390436,55.52668380737305,14176200
2018-08-06 00:00:00-04:00,55.18431610391421,55.37179880001668,55.08650445286106,55.290287017822266,12077900
2018-08-07 00:00:00-04:00,55.84457608113915,55.8690289940066,55.67339947211668,55.72230529785156,17495500
2018-08-08 00:00:00-04:00,55.65709479061567,55.77936557699288,55.53482400423847,55.67340087890625,13812800
2018-08-09 00:00:00-04:00,55.689705649839574,55.74676452597764,55.47777001606203,55.5103759765625,11964700
2018-08-10 00:00:00-04:00,54.49961995144396,54.60558466639064,54.295837348041594,54.40180206298828,28624600
2018-08-13 00:00:00-04:00,54.32843228002933,54.43439697346097,54.08389071801754,54.20616149902344,24817700
2018-08-14 00:00:00-04:00,54.27952127354501,54.32843331825224,54.100197839453095,54.1980094909668,22596700
2018-08-15 00:00:00-04:00,53.48070111531891,53.545913033860465,53.1057419121312,53.415489196777344,41602700
2018-08-16 00:00:00-04:00,53.76599050795846,53.99422598277459,53.74153759550678,53.790443420410156,23297100
2018-08-17 00:00:00-04:00,53.7741524374855,54.24692955284149,53.725246604500846,54.10835266113281,25722900
2018-08-20 00:00:00-04:00,54.32029026541764,54.467013988625396,54.30399039348411,54.40180206298828,16229300
2018-08-21 00:00:00-04:00,54.752311377950114,54.90718815505349,54.60558764673425,54.73601150512695,15670100
2018-08-22 00:00:00-04:00,54.98053675134096,55.045748668486816,54.8827250945729,54.94793701171875,13217500
2018-08-23 00:00:00-04:00,54.67078124153075,54.7930520130312,54.507757692163324,54.556663513183594,22030700
2018-08-24 00:00:00-04:00,54.801210200791836,54.98868667826924,54.727845243424326,54.874568939208984,21816600
2018-08-27 00:00:00-04:00,55.35549643535824,55.648937594237744,55.3228904801605,55.608184814453125,24820300
2018-08-28 00:00:00-04:00,55.746768351654254,55.79567418628564,55.52668587686152,55.55929183959961,19866800
2018-08-29 00:00:00-04:00,55.559279968304516,55.869027219705735,55.494068056762096,55.86087417602539,18107700
2018-08-30 00:00:00-04:00,55.38810211639084,55.46962012260951,55.19247258315763,55.3310432434082,20743000
2018-08-31 00:00:00-04:00,54.98868318989559,55.17616587442982,54.67893594908899,54.890865325927734,30945900
2018-09-04 00:00:00-04:00,54.20616800071575,54.4344035025287,54.140956080497475,54.42625045776367,25303400
2018-09-05 00:00:00-04:00,54.07573740170587,54.14094931377373,53.76599014780886,53.929019927978516,26850800
2018-09-06 00:00:00-04:00,53.84749917267844,53.977922990139504,53.513299023596815,53.765987396240234,25557900
2018-09-07 00:00:00-04:00,53.25246876678357,53.497004147341066,53.17910379935048,53.333980560302734,22989400
2018-09-10 00:00:00-04:00,53.757842023091904,53.7904479821094,53.59481844695525,53.660030364990234,15646700
2018-09-11 00:00:00-04:00,53.39103446554985,53.72524087249158,53.30952267962159,53.70893478393555,17652700
2018-09-12 00:00:00-04:00,53.76599531461993,54.06759577270437,53.725242529873924,53.937171936035156,19372500
2018-09-13 00:00:00-04:00,54.45885438538984,54.507766433203585,54.198012933202726,54.33658981323242,26009600
2018-09-14 00:00:00-04:00,54.49961023274199,54.56482214675013,54.28767462169076,54.41809844970703,21047500
2018-09-17 00:00:00-04:00,54.68709295927853,54.78491084146544,54.45885745312685,54.467010498046875,13679100
2018-09-18 00:00:00-04:00,54.86641722880196,55.1191118448202,54.858270403635615,55.037593841552734,20734400
2018-09-19 00:00:00-04:00,55.09464990899011,55.314738556292305,55.09464990899011,55.23322677612305,15330300
2018-09-20 00:00:00-04:00,55.81197733801419,55.9831539691612,55.66525362289516,55.91794204711914,24625300
2018-09-21 00:00:00-04:00,55.90164147004361,56.032059093529355,55.85272941965424,55.9423942565918,19003300
2018-09-24 00:00:00-04:00,55.95053869140743,55.966844778678286,55.689697265625,55.689697265625,20382700
2018-09-25 00:00:00-04:00,56.12172463661251,56.15433059763198,55.95054800547366,55.966854095458984,19623000
2018-09-26 00:00:00-04:00,55.94239044317918,56.34995559458528,55.934243617795545,55.991302490234375,26899900
2018-09-27 00:00:00-04:00,55.885332647073746,56.12987423020747,55.82012694799545,55.8771858215332,21555300
2018-09-28 00:00:00-04:00,55.37180568572577,55.64894702344049,55.306593764280734,55.420711517333984,37330500
2018-10-01 00:00:00-04:00,55.600030053189506,55.689694872475634,55.469612455377785,55.48591232299805,27922300
2018-10-02 00:00:00-04:00,55.06206712653203,55.249543656753175,54.9968551947368,55.20063781738281,18689200
2018-10-03 00:00:00-04:00,55.29844710336911,55.33105306785587,55.053911698146166,55.10281753540039,19372300
2018-10-04 00:00:00-04:00,54.75229825268197,54.77675116553076,54.20616246922434,54.4588508605957,38671500
2018-10-05 00:00:00-04:00,54.32844588191514,54.37735171898165,53.929033701651036,54.132816314697266,28116900
2018-10-08 00:00:00-04:00,53.5459201177332,53.888273406941856,53.423649309029635,53.87196731567383,24471300
2018-10-09 00:00:00-04:00,53.309529549979004,53.806759592858654,53.24431762525184,53.733394622802734,23011200
2018-10-10 00:00:00-04:00,53.53775531230772,53.53775531230772,52.47808349490704,52.592201232910156,64586200
2018-10-11 00:00:00-04:00,52.437334052548856,52.60851067045323,51.50808289219222,51.85858917236328,119275100
2018-10-12 00:00:00-04:00,52.258009555286456,52.28246247183954,51.499938047384326,52.04607391357422,66647600
2018-10-15 00:00:00-04:00,51.91565219180286,52.20094968724054,51.768928476315054,51.923805236816406,32702300
2018-10-16 00:00:00-04:00,52.60035838253458,52.9182587087788,52.51884659459134,52.812294006347656,35959100
2018-10-17 00:00:00-04:00,52.64926708008137,52.71447900156932,52.266161033979664,52.51069641113281,26566600
2018-10-18 00:00:00-04:00,52.30691063585966,52.372122553377025,51.499933368172194,51.662960052490234,48286500
2018-10-19 00:00:00-04:00,51.9401102878416,52.249857602240475,51.92380730664023,51.95641326904297,31924100
2018-10-22 00:00:00-04:00,52.00531675118384,52.04607264760619,51.57329865205095,51.728172302246094,28641300
2018-10-23 00:00:00-04:00,50.880438228074546,51.45918317701211,50.57884084982306,51.239097595214844,54694300
2018-10-24 00:00:00-04:00,50.94564581173982,50.97825177133345,49.755556271851695,49.78816223144531,62942300
2018-10-25 00:00:00-04:00,50.19572717874041,50.676651088006665,50.00009453150844,50.415809631347656,47758100
2018-10-26 00:00:00-04:00,49.79631137734467,50.39950918236431,49.38059628227907,50.073455810546875,72008800
2018-10-29 00:00:00-04:00,50.619588858695494,50.72555666515086,49.5354672093375,49.934879302978516,60675300
2018-10-30 00:00:00-04:00,50.04084833046129,50.546228242889256,49.96748647950599,50.53807830810547,50851500
2018-10-31 00:00:00-04:00,50.95379223838353,51.190180764947144,50.864130519888064,50.91303634643555,49348900
2018-11-01 00:00:00-04:00,51.353211066433445,51.573296629855214,51.15757841801116,51.56514358520508,42760200
2018-11-02 00:00:00-04:00,52.0297770016735,52.10313575550544,51.33691426832772,51.638511657714844,39087900
2018-11-05 00:00:00-05:00,51.671117621290705,51.768932402542454,51.48363799494326,51.638511657714844,23002700
2018-11-06 00:00:00-05:00,51.654808330917135,51.89119687375831,51.60590250100203,51.850440979003906,18973700
2018-11-07 00:00:00-05:00,52.32321437591173,52.575902771259834,52.15203465485064,52.543296813964844,34148400
2018-11-08 00:00:00-05:00,52.34768173924432,52.45364646549079,51.915660459518236,52.029781341552734,31336600
2018-11-09 00:00:00-05:00,51.68741226196289,51.777077092588826,51.442873793558284,51.68741226196289,27581700
2018-11-12 00:00:00-05:00,51.32875209725448,51.34505507515637,50.77446328649057,50.83967208862305,31068900
2018-11-13 00:00:00-05:00,50.97009621763241,51.41842036628678,50.83967549515349,51.05976104736328,37193900
2018-11-14 00:00:00-05:00,51.41842453962433,51.459180435680295,50.81522670577918,51.100521087646484,51506100
2018-11-15 00:00:00-05:00,50.7663122131496,51.369509981030546,50.51362381955065,51.26354217529297,54666300
2018-11-16 00:00:00-05:00,50.92934025012974,51.377661288650756,50.8478284647533,51.32060241699219,30723600
2018-11-19 00:00:00-05:00,51.28799519115298,51.31245121374157,50.74185940178628,50.87228012084961,30409700
2018-11-20 00:00:00-05:00,50.18756906266583,50.39950466820724,49.86966876382883,49.991939544677734,41209700
2018-11-21 00:00:00-05:00,50.61144322641067,50.89673760326326,50.5299314357315,50.692955017089844,32720600
2018-11-23 00:00:00-05:00,50.260934623426145,50.5217760730025,50.260934623426145,50.35874938964844,13336500
2018-11-26 00:00:00-05:00,50.99455741311432,51.16573404570331,50.94564847117078,51.116825103759766,31007400
2018-11-27 00:00:00-05:00,50.81522816352086,50.95379883598144,50.66850444592987,50.92119598388672,38111400
2018-11-28 00:00:00-05:00,50.994544888606356,51.68740429385439,50.76630632506859,51.64664840698242,40600800
2018-11-29 00:00:00-05:00,51.34505877379502,51.55699128283595,51.214638050660135,51.38581466674805,31259700
2018-11-30 00:00:00-05:00,51.09236386178496,51.22278457623946,50.937490235081206,51.16572570800781,32068600
2018-12-03 00:00:00-05:00,51.96455976713072,51.96455976713072,51.64665942842436,51.842288970947266,43673900
2018-12-04 00:00:00-05:00,51.581447647782305,51.63035658828339,50.448416956715704,50.4973258972168,50079600
2018-12-06 00:00:00-05:00,49.64144222099924,50.065307289392145,49.095303240283215,50.02455139160156,78905500
2018-12-07 00:00:00-05:00,50.09791065705222,50.29354330958198,49.405051102065535,49.519168853759766,54090300
2018-12-10 00:00:00-05:00,49.307230896128765,49.39689261295248,48.63067128640087,49.136051177978516,61630500
2018-12-11 00:00:00-05:00,49.64143798984022,49.6577378599866,48.99748428741867,49.290931701660156,71163600
2018-12-12 00:00:00-05:00,50.06529757822255,50.358744960555846,50.01639175415039,50.01639175415039,45925600
2018-12-13 00:00:00-05:00,50.11421453538494,50.23648533409186,49.877825982938525,49.926734924316406,44498200
2018-12-14 00:00:00-05:00,49.38875133153577,49.60068386853002,49.24202760997216,49.28278350830078,50416200
2018-12-17 00:00:00-05:00,49.27462989570915,49.33168877100681,48.687735053246946,48.891517639160156,58508500
2018-12-18 00:00:00-05:00,49.12056367977179,49.28534312270997,48.77452967821745,48.931068420410156,48896500
2018-12-19 00:00:00-05:00,49.137037683668645,49.51602816957581,48.26371205465702,48.46144485473633,68491500
2018-12-20 00:00:00-05:00,48.52734816850783,48.667408611949305,48.074204044654685,48.263702392578125,97602600
2018-12-21 00:00:00-05:00,47.92590868935122,48.20603275296159,47.357423005659264,47.423336029052734,93622500
2018-12-24 00:00:00-05:00,47.42333702892126,47.612832260813875,46.830132377496724,46.8713264465332,47120300
2018-12-26 00:00:00-05:00,47.167932432738844,48.033020521264596,46.772463682067254,47.95886993408203,69827600
2018-12-27 00:00:00-05:00,47.41510062261721,48.098934173583984,47.052588382203744,48.098934173583984,76591200
2018-12-28 00:00:00-05:00,48.57678753311922,48.60150648930183,48.214275319136924,48.35433578491211,68541800
2018-12-31 00:00:00-05:00,48.62622563353432,48.65918214876465,48.26371339471948,48.428489685058594,62878800
2019-01-02 00:00:00-05:00,47.785850464517104,48.33785791818471,47.76937220789785,48.329620361328125,38723200
2019-01-03 00:00:00-05:00,48.214270074599824,48.238985885187894,47.810560691862264,47.89295196533203,35012600
2019-01-04 00:00:00-05:00,48.6756590548602,49.532506426713844,48.60150846910394,49.35948944091797,47001700
2019-01-07 00:00:00-05:00,49.425402313654715,49.77967384125477,49.2853386997097,49.54898452758789,30335900
2019-01-08 00:00:00-05:00,50.03507971321921,50.05979552623967,49.72199912903395,49.87030029296875,26444600
2019-01-09 00:00:00-05:00,50.323445667371594,50.53765671869857,50.18338205684903,50.43054962158203,34615300
2019-01-10 00:00:00-05:00,50.232815730821244,50.63652201106441,50.19161851850963,50.6282844543457,33699300
2019-01-11 00:00:00-05:00,50.24105156799065,50.389352727099826,50.133944476877154,50.28224563598633,40655600
2019-01-14 00:00:00-05:00,49.91149897978032,50.21633887336084,49.88678002312354,50.05155944824219,28319800
2019-01-15 00:00:00-05:00,50.18338931995894,50.38936284419829,50.01860987198615,50.31521224975586,35202700
2019-01-16 00:00:00-05:00,50.36464382678885,50.51294500625047,50.339924868274345,50.45527267456055,38473900
2019-01-17 00:00:00-05:00,50.158671096140665,50.72715686431866,50.14219283784336,50.63652801513672,28896000
2019-01-18 00:00:00-05:00,51.139101981590926,51.20501501231647,50.94960673261441,51.147342681884766,39380800
2019-01-22 00:00:00-05:00,50.611807803197564,50.677717687755674,50.25753313784257,50.35639953613281,36637900
2019-01-23 00:00:00-05:00,50.78481849596719,50.82601256157717,50.38111225292127,50.58708572387695,21725600
2019-01-24 00:00:00-05:00,50.61180362082722,50.7930612884693,50.471740020493094,50.64476013183594,21843800
2019-01-25 00:00:00-05:00,51.13086325182648,51.31211779635318,51.09790673721936,51.22148895263672,31128800
2019-01-28 00:00:00-05:00,50.809538239525295,50.99079591372588,50.735390801431585,50.94136428833008,28738200
2019-01-29 00:00:00-05:00,51.25444207830697,51.361549172245084,51.05670928955078,51.05670928955078,23933700
2019-01-30 00:00:00-05:00,51.303874237138785,51.82292828130521,51.17205133703844,51.6169548034668,30465700
2019-01-31 00:00:00-05:00,51.54280383844485,51.765255569987566,51.41921849550806,51.64167022705078,33012500
2019-02-01 00:00:00-05:00,51.6499218117904,51.76526962988358,51.49338305873824,51.625205993652344,22056000
2019-02-04 00:00:00-05:00,51.55104382557819,51.839405448821005,51.45217743231008,51.81468963623047,20260600
2019-02-05 00:00:00-05:00,52.144248467179416,52.259593116468096,52.07009788650727,52.21839904785156,29367100
2019-02-06 00:00:00-05:00,52.086576782668985,52.15248666468426,51.87236259458081,51.95475387573242,19675600
2019-02-07 00:00:00-05:00,51.55104933717858,51.63343748322624,51.15558057891846,51.26268768310547,33930700
2019-02-08 00:00:00-05:00,50.93313238814914,51.106149392737244,50.760115383561036,51.0979118347168,21440400
2019-02-11 00:00:00-05:00,51.04846954345703,51.15557663939565,50.933124890710545,51.04846954345703,22453000
2019-02-12 00:00:00-05:00,51.52632558319289,51.66638603847581,51.49336907268897,51.64167022705078,28176300
2019-02-13 00:00:00-05:00,51.822933916649106,51.946516131047254,51.6499137878418,51.6499137878418,22923500
2019-02-14 00:00:00-05:00,51.658151908612595,51.839406442594495,51.51808830113391,51.66638946533203,23166900
2019-02-15 00:00:00-05:00,52.18544457303214,52.416133880615234,51.666390488064074,52.416133880615234,29544700
2019-02-19 00:00:00-05:00,52.243127166775785,52.70450901551909,52.243127166775785,52.6138801574707,19126800
2019-02-20 00:00:00-05:00,52.67977760420212,52.97638306956694,52.67154004764759,52.762168884277344,27833100
2019-02-21 00:00:00-05:00,52.720980474983214,52.76217454798978,52.523244524482855,52.655067443847656,19709600
2019-02-22 00:00:00-05:00,52.81160163905652,52.95166210382133,52.745688613586466,52.82808303833008,19653800
2019-02-25 00:00:00-05:00,53.15763994698999,53.207077863046905,52.9599071402001,52.984622955322266,21208900
2019-02-26 00:00:00-05:00,53.075253428521464,53.36361509014175,53.05053761264155,53.24003601074219,23246200
2019-02-27 00:00:00-05:00,53.14116252720254,53.20707555521108,52.976386242993506,53.02581787109375,19933400
2019-02-28 00:00:00-05:00,52.98462430191586,53.10820966648016,52.89399545362289,52.95166778564453,27730700
2019-03-01 00:00:00-05:00,53.256511126057866,53.34713997482607,53.05053761264155,53.24003601074219,26191800
2019-03-04 00:00:00-05:00,53.2894680958085,53.31418391189866,52.82808943329133,53.04229736328125,22255100
2019-03-05 00:00:00-05:00,53.02581137581728,53.23178484875448,52.95165765693788,53.09172439575195,22315100
2019-03-06 00:00:00-05:00,53.182354779666206,53.198829892225184,52.935184090599414,52.95989990234375,14060100
2019-03-07 00:00:00-05:00,52.729216722296165,52.78688905165368,52.27607564467018,52.2843132019043,29445800
2019-03-08 00:00:00-05:00,51.962990301677586,52.29254913330078,51.954752745194675,52.29254913330078,21427600
2019-03-11 00:00:00-04:00,52.32550863299613,52.76217460749589,52.32550863299613,52.74569320678711,16204800
2019-03-12 00:00:00-04:00,52.72097873718284,52.81984513772101,52.64682815105267,52.712738037109375,31559400
2019-03-13 00:00:00-04:00,52.910469373476886,53.215306105712486,52.910469373476886,53.16587448120117,17856300
2019-03-14 00:00:00-04:00,53.13291892240854,53.26474497121853,53.05053078480828,53.15763473510742,20861400
2019-03-15 00:00:00-04:00,53.5283938718134,53.75084248475141,53.495437357709186,53.73436737060547,44272000
2019-03-18 00:00:00-04:00,53.82499538759378,53.94858074213645,53.73436654664997,53.923858642578125,27734300
2019-03-19 00:00:00-04:00,54.24517944725558,54.27813596246708,53.91562686676561,54.03097152709961,32094800
2019-03-20 00:00:00-04:00,53.824993833268245,54.31108825173676,53.64373615661488,54.05568313598633,33136000
2019-03-21 00:00:00-04:00,53.69317290888259,54.072163411789916,53.68493849429369,54.02273178100586,34686500
2019-03-22 00:00:00-04:00,53.42952648495895,53.520155330948604,52.9599071402001,52.984622955322266,36194200
2019-03-25 00:00:00-04:00,52.943432193989615,53.09996778553266,52.81160613183482,53.05877685546875,26707900
2019-03-26 00:00:00-04:00,53.4460035643218,53.50367589021474,53.23178937422856,53.322418212890625,36734400
2019-03-27 00:00:00-04:00,53.46248211036346,53.528395140133654,52.98462207324831,53.347137451171875,21772300
2019-03-28 00:00:00-04:00,53.24826565655896,53.31417868354405,53.02581704774954,53.215309143066406,16531200
2019-03-29 00:00:00-04:00,53.44600772909605,53.47072354414585,53.19883700697295,53.437767028808594,23423900
2019-04-01 00:00:00-04:00,53.948576506889694,54.13806858794172,53.874422785660656,54.1215934753418,33228100
2019-04-02 00:00:00-04:00,54.04744412636877,54.16278878133449,53.90738365759785,54.1380729675293,18209100
2019-04-03 00:00:00-04:00,54.51706846868956,54.69008546707797,54.45115543526173,54.558265686035156,25471600
2019-04-04 00:00:00-04:00,54.36876314171061,54.48410779850986,54.344047327512534,54.44291687011719,23580500
2019-04-05 00:00:00-04:00,54.40171200581387,54.582969665527344,54.40171200581387,54.582969665527344,27828800
2019-04-08 00:00:00-04:00,54.57474287508323,54.61594009399414,54.44292308903185,54.61594009399414,21464100
2019-04-09 00:00:00-04:00,54.41819480019285,54.42642921343737,54.24517154907176,54.269893646240234,17074900
2019-04-10 00:00:00-04:00,54.34404598624233,54.4923471535829,54.27813295946603,54.47587203979492,25289300
2019-04-11 00:00:00-04:00,54.418199365182005,54.484106105725076,54.25341679929393,54.36052703857422,16309400
2019-04-12 00:00:00-04:00,54.723039626058046,54.76423684162867,54.615935665712016,54.73952102661133,31507700
2019-04-15 00:00:00-04:00,54.78070393312853,54.79718533126792,54.648884177071615,54.76422882080078,11608000
2019-04-16 00:00:00-04:00,54.97844700058074,54.98668141443859,54.76423280984672,54.805423736572266,19958100
2019-04-17 00:00:00-04:00,55.07730065620214,55.09378205267018,54.871327201028755,54.96195602416992,23540000
2019-04-18 00:00:00-04:00,54.96196499639174,54.994921508896766,54.797188719678665,54.92900848388672,21794000
2019-04-22 00:00:00-04:00,54.75599457797091,54.92901156396498,54.72303806361789,54.838382720947266,21336700
2019-04-23 00:00:00-04:00,54.739522095219804,54.97021142096859,54.70656557928245,54.94549560546875,17741400
2019-04-24 00:00:00-04:00,54.657127994240845,54.706565911353316,54.467635883716696,54.566505432128906,26417500
2019-04-25 00:00:00-04:00,54.393480640770576,54.54178181636508,54.344049010843264,54.525306701660156,16020300
2019-04-26 00:00:00-04:00,54.62417407341042,54.75599384324132,54.54177964572727,54.74775314331055,17705700
2019-04-29 00:00:00-04:00,54.7724744196756,54.98668232815704,54.73127720645337,54.97020721435547,16992700
2019-04-30 00:00:00-04:00,54.95372447221186,55.093791222258275,54.77247308157378,55.0031623840332,36645900
2019-05-01 00:00:00-04:00,55.08555444370949,55.184423988577784,54.64889162071309,54.69008255004883,25870800
2019-05-02 00:00:00-04:00,54.7395187742576,54.76423458825796,54.467632248628874,54.60769271850586,21120700
2019-05-03 00:00:00-04:00,54.863098612521206,55.192657470703125,54.83014838393417,55.192657470703125,22117400
2019-05-06 00:00:00-04:00,53.98153512795594,54.64065287907851,53.9650600127936,54.566505432128906,24641100
2019-05-07 00:00:00-04:00,54.07215355931377,54.121591466902416,53.43775803186501,53.610774993896484,30661400
2019-05-08 00:00:00-04:00,53.6272588616833,53.874429582547904,53.52839560198749,53.67669677734375,31028300
2019-05-09 00:00:00-04:00,53.09172641348758,53.48719197650209,52.91870944394226,53.42951965332031,28991500
2019-05-10 00:00:00-04:00,53.42127678713921,53.841464430883406,53.11644007089139,53.824989318847656,34968000
2019-05-13 00:00:00-04:00,52.83632413350265,52.91047786798649,52.490290134745706,52.57268142700195,42253200
2019-05-14 00:00:00-04:00,52.951662975004204,53.24003089472703,52.90223134799443,53.0999641418457,32214000
2019-05-15 00:00:00-04:00,52.71273662684184,53.38009188415913,52.688020813095086,53.28946304321289,39054900
2019-05-16 00:00:00-04:00,53.48719855730798,53.89091115506302,53.47896414284874,53.71788787841797,27414300
2019-05-17 00:00:00-04:00,53.3883352294461,53.64374036523434,53.32242219898057,53.36361312866211,35566300
2019-05-20 00:00:00-04:00,53.1494026184082,53.330660300449495,53.017576563900995,53.1494026184082,27914500
2019-05-21 00:00:00-04:00,53.437768150802896,53.577828629567534,53.30594208668603,53.50368118286133,20838900
2019-05-22 00:00:00-04:00,53.2400314157194,53.41304839775888,53.2317907158664,53.28946304321289,22818000
2019-05-23 00:00:00-04:00,52.729220166077724,52.8610462336831,52.58091898292812,52.803367614746094,29106800
2019-05-24 00:00:00-04:00,53.363619802858395,53.38010120544239,53.17412767383587,53.37186050415039,23320000
2019-05-28 00:00:00-04:00,53.33066231351935,53.42128487214847,52.83632087626968,52.85280227661133,32637000
2019-05-29 00:00:00-04:00,52.46557224564235,52.523244576489915,52.2678362949462,52.51500701904297,32910400
2019-05-30 00:00:00-04:00,52.58091512208975,52.72097873718284,52.51500523603303,52.712738037109375,28874300
2019-05-31 00:00:00-04:00,52.0124305912099,52.2925546849573,51.96299581834637,52.23488235473633,34278600
2019-06-03 00:00:00-04:00,52.39141746250723,52.622106767428356,52.24311629708477,52.53971862792969,36735900
2019-06-04 00:00:00-04:00,52.902232858591056,53.19059450073572,52.76217238752256,53.14116287231445,34241600
2019-06-05 00:00:00-04:00,53.38008465396847,53.38832535270529,53.042285149684304,53.12467956542969,19015300
2019-06-06 00:00:00-04:00,53.330659476460575,53.4542385433864,53.19059272425771,53.33889389038086,28586900
2019-06-07 00:00:00-04:00,53.8497157388456,54.15455880096269,53.824999923016904,54.01449203491211,31020100
2019-06-10 00:00:00-04:00,54.154553977112386,54.31108955868823,54.10511606404593,54.16278839111328,21435800
2019-06-11 00:00:00-04:00,54.657125741516644,54.67360714181242,54.360529680129865,54.43467712402344,22255000
2019-06-12 00:00:00-04:00,54.22046363230008,54.29461736297911,54.00625571214412,54.03097152709961,17110500
2019-06-13 00:00:00-04:00,54.16278287718017,54.18749868829115,53.94033429136979,54.08039474487305,24194500
2019-06-14 00:00:00-04:00,53.759083966891524,53.759083966891524,53.627257908556686,53.6849365234375,37202100
2019-06-17 00:00:00-04:00,53.6983996712099,53.83306637742323,53.66473219197968,53.72365188598633,22615800
2019-06-18 00:00:00-04:00,54.16131215938725,54.46431302803004,54.144481631758026,54.439064025878906,34024300
2019-06-19 00:00:00-04:00,54.56532082859549,54.87673378099616,54.52323487325827,54.77573776245117,25092700
2019-06-20 00:00:00-04:00,55.406985976826455,55.43223498028372,55.078736089052214,55.25548553466797,32817400
2019-06-21 00:00:00-04:00,55.01982498168945,55.179737493011174,54.977739024206315,55.01982498168945,25032400
2019-06-24 00:00:00-04:00,55.17973288338241,55.24706784116415,55.120816400677136,55.13765335083008,23238800
2019-06-25 00:00:00-04:00,55.19656883393129,55.21339936236442,54.80940246582031,54.80940246582031,24373000
2019-06-26 00:00:00-04:00,55.019824087523766,55.053491568680016,54.87673568725586,54.87673568725586,13170700
2019-06-27 00:00:00-04:00,55.019816789956025,55.10398227097561,54.98614931326527,55.01139831542969,14439800
2019-06-28 00:00:00-04:00,55.247072945640696,55.38174287364683,55.21340546363916,55.32282638549805,27667900
2019-07-01 00:00:00-04:00,55.878322669236844,55.878322669236844,55.44907030905788,55.583740234375,25538600
2019-07-02 00:00:00-04:00,55.693151728469886,55.794154167009516,55.65948424895667,55.743656158447266,26045900
2019-07-03 00:00:00-04:00,56.04665637853002,56.156077303522274,56.01299531698017,56.12240982055664,14359300
2019-07-05 00:00:00-04:00,55.634233085142995,55.726817044856745,55.34806915251132,55.69314956665039,21696200
2019-07-08 00:00:00-04:00,55.3817400086219,55.482736027986135,55.33965405294329,55.373321533203125,15839500
2019-07-09 00:00:00-04:00,54.98615290652866,55.16290235464448,54.96090390271426,55.13765335083008,11661800
2019-07-10 00:00:00-04:00,55.39856511750542,55.491149073807165,55.23023415409205,55.33123016357422,15051500
2019-07-11 00:00:00-04:00,55.44065115269607,55.4659001551047,55.17131775797962,55.31439971923828,14023800
2019-07-12 00:00:00-04:00,55.28915660376904,55.38174057006836,55.204984691558494,55.38174057006836,14459500
2019-07-15 00:00:00-04:00,55.440658008119435,55.4827375435322,55.34807404022971,55.4322395324707,12363200
2019-07-16 00:00:00-04:00,55.27231771641171,55.38173862988595,55.15448474914339,55.20498275756836,23641400
2019-07-17 00:00:00-04:00,55.34806971381799,55.34806971381799,55.103985310407744,55.129234313964844,13318800
2019-07-18 00:00:00-04:00,54.9188137742512,55.29756164550781,54.859897296024286,55.29756164550781,18639700
2019-07-19 00:00:00-04:00,55.272316844978555,55.3396518027603,55.112404347015676,55.13765335083008,16908600
2019-07-22 00:00:00-04:00,55.2134095110189,55.263913948431195,55.103995002555074,55.19657897949219,15203900
2019-07-23 00:00:00-04:00,55.53323299717563,55.59214947436002,55.415393621392454,55.54164505004883,22078400
2019-07-24 00:00:00-04:00,55.390153822085516,55.583740234375,55.3817417678148,55.583740234375,11192500
2019-07-25 00:00:00-04:00,55.41540344351944,55.43224039507891,54.96090849406239,55.01982498168945,24288100
2019-07-26 00:00:00-04:00,55.17132026750332,55.21339979962684,55.103985310407744,55.129234313964844,16616500
2019-07-29 00:00:00-04:00,55.31440145394719,55.322819928818966,55.15448253845782,55.247066497802734,11655500
2019-07-30 00:00:00-04:00,54.6242435688401,54.657911052682465,54.481161578572,54.60740661621094,24945300
2019-07-31 00:00:00-04:00,54.58214794111742,54.74206685568991,53.86673169507517,54.245479583740234,32619000
2019-08-01 00:00:00-04:00,54.31282193654178,54.767323317688806,53.87515750733485,54.09398651123047,38568600
2019-08-02 00:00:00-04:00,53.88356896361563,53.88356896361563,53.40382179200868,53.61423873901367,37778000
2019-08-05 00:00:00-04:00,52.83989387093972,52.83989387093972,52.04031217455734,52.275978088378906,54766700
2019-08-06 00:00:00-04:00,52.68839493471936,52.76414515355836,52.2507305711022,52.629478454589844,33907400
2019-08-07 00:00:00-04:00,52.410648083439945,52.93248115863257,52.25914764052797,52.83148193359375,41814700
2019-08-08 00:00:00-04:00,53.04190113971983,53.47956874798644,52.97456617965992,53.34490203857422,29156400
2019-08-09 00:00:00-04:00,53.18498052250669,53.22706647584743,52.84831537073296,52.97456359863281,23227400
2019-08-12 00:00:00-04:00,52.764139275960176,52.91563969676197,52.4611416450636,52.5537223815918,21906000
2019-08-13 00:00:00-04:00,52.45273254075273,53.19340104023057,52.402231321228925,53.050315856933594,30781900
2019-08-14 00:00:00-04:00,52.065558032347745,52.132889770498956,51.59422302246094,51.59422302246094,39692900
2019-08-15 00:00:00-04:00,51.8299005301115,51.930899759055514,51.560563901748154,51.77098083496094,40936100
2019-08-16 00:00:00-04:00,52.06557178071487,52.4443229412876,52.06557178071487,52.393821716308594,22856400
2019-08-19 00:00:00-04:00,52.873569285597156,52.89881829138101,52.70523508872,52.713653564453125,22998600
2019-08-20 00:00:00-04:00,52.696822320777336,52.713656062333506,52.46957162583087,52.536903381347656,21710200
2019-08-21 00:00:00-04:00,53.10922882048711,53.10922882048711,52.907230377197266,52.907230377197266,25971800
2019-08-22 00:00:00-04:00,52.932480679872356,52.99981563642753,52.61264605765019,52.80623245239258,20505100
2019-08-23 00:00:00-04:00,52.67998224010831,53.0334811381268,52.14131541796154,52.14973068237305,34410500
2019-08-26 00:00:00-04:00,52.67997871189878,52.69681245030188,52.402226844308636,52.5789794921875,27774800
2019-08-27 00:00:00-04:00,52.831489042518804,52.873571791055284,52.536903381347656,52.536903381347656,24511400
2019-08-28 00:00:00-04:00,52.410655135738224,52.713656062333506,52.25915467244059,52.536903381347656,25028400
2019-08-29 00:00:00-04:00,53.041899075745846,53.10081555815189,52.856731153493975,52.991397857666016,19046700
2019-08-30 00:00:00-04:00,53.36173165657592,53.37856218458318,52.966146823550545,53.201812744140625,33527300
2019-09-03 00:00:00-04:00,52.89881696072038,53.10923389884689,52.839900474901576,53.1008186340332,33998200
2019-09-04 00:00:00-04:00,53.647904641508624,53.84990310668945,53.580569679309875,53.84990310668945,25619300
2019-09-05 00:00:00-04:00,54.22865039787348,54.34648336266009,54.12764796173568,54.13606643676758,22265900
2019-09-06 00:00:00-04:00,54.29598227748102,54.447482712392286,54.25389632612222,54.31281280517578,21338300
2019-09-09 00:00:00-04:00,54.481158649201774,54.481158649201774,54.3464887210733,54.472740173339844,15965600
2019-09-10 00:00:00-04:00,54.37173266297944,54.615817068916215,54.26231817262779,54.5653190612793,19028800
2019-09-11 00:00:00-04:00,54.725228268332394,54.88514717811914,54.67473026373221,54.868316650390625,18413200
2019-09-12 00:00:00-04:00,54.9103928326416,55.26389810753425,54.83464583035947,55.18814468383789,30292200
2019-09-13 00:00:00-04:00,55.45747536298458,55.617394255241386,55.38172836438752,55.49956130981445,22132200
2019-09-16 00:00:00-04:00,55.1544873618256,55.18815484284212,54.96931942694246,55.002986907958984,31083600
2019-09-17 00:00:00-04:00,54.918811306699915,55.23023063271523,54.86831330517849,55.18814468383789,23554300
2019-09-18 00:00:00-04:00,55.05348674210529,55.19656870841367,54.80098386627825,55.12081527709961,17807600
2019-09-19 00:00:00-04:00,55.406990755723086,55.499574723995096,55.289157781816066,55.30598831176758,18972500
2019-09-20 00:00:00-04:00,55.37331967601465,55.46590363827017,55.11240473952094,55.17973327636719,35368700
2019-09-23 00:00:00-04:00,54.87673268992448,55.07873756582859,54.81781620647289,55.036651611328125,15457000
2019-09-24 00:00:00-04:00,55.171323584655326,55.221821594805704,54.79256924428149,54.826236724853516,32233100
2019-09-25 00:00:00-04:00,54.53165729251023,54.750492717543274,54.33807087393953,54.66632080078125,21342600
2019-09-26 00:00:00-04:00,54.960900606434045,55.00298013646266,54.7757326943472,54.868316650390625,25098000
2019-09-27 00:00:00-04:00,54.8683191656926,54.9609031259803,54.565318281371916,54.68315124511719,20607400
2019-09-30 00:00:00-04:00,54.68315245587583,54.91039991344044,54.66631550558804,54.88515090942383,25423400
2019-10-01 00:00:00-04:00,54.72523304835214,54.76731900347141,54.25390117380921,54.34648513793945,42550500
2019-10-02 00:00:00-04:00,53.63947367983992,53.68155641606439,53.10922221343213,53.2354736328125,43464100
2019-10-03 00:00:00-04:00,53.24390178540338,53.60581918382164,53.00823583692925,53.588985443115234,39571700
2019-10-04 00:00:00-04:00,53.631063528540956,54.035060403367,53.5973960520697,54.00981140136719,18837500
2019-10-07 00:00:00-04:00,53.96774123712323,54.211825667836116,53.93407375480948,53.94248580932617,19228000
2019-10-08 00:00:00-04:00,53.66473219927696,53.70681815367423,53.39539878681367,53.43748474121094,27797800
2019-10-09 00:00:00-04:00,53.79940140953308,53.93407133274031,53.673153172587845,53.82465362548828,22989500
2019-10-10 00:00:00-04:00,53.799400134270606,54.228652477549396,53.76573586497447,54.20340347290039,25532400
2019-10-11 00:00:00-04:00,55.01982142174149,55.39856932892141,55.01982142174149,55.171321868896484,37665600
2019-10-14 00:00:00-04:00,54.91040524096167,55.05349364663034,54.876737758534674,54.94407272338867,12662000
2019-10-15 00:00:00-04:00,55.179736879839126,55.7604896952921,55.13765734423914,55.583740234375,24932600
2019-10-16 00:00:00-04:00,55.56689384392128,55.794147698936705,55.524814315469285,55.66789627075195,28518700
2019-10-17 00:00:00-04:00,55.95406695882328,55.99614648754307,55.659478150712644,55.80256652832031,26853900
2019-10-18 00:00:00-04:00,55.726826661197535,55.869908652203904,55.5584956625331,55.77732467651367,21446100
2019-10-21 00:00:00-04:00,56.1476534103626,56.18132089008003,56.0466509712103,56.080318450927734,29016200
2019-10-22 00:00:00-04:00,56.12240527795539,56.31599168398477,55.93723734733995,55.945655822753906,21293000
2019-10-23 00:00:00-04:00,56.05506321566471,56.24864959716797,55.987728263714494,56.24864959716797,14206200
2019-10-24 00:00:00-04:00,56.45065759640601,56.4590760721798,56.24024065197012,56.34965515136719,23429100
2019-10-25 00:00:00-04:00,56.189736546178885,56.45065147412926,56.18131807131811,56.408565521240234,17184200
2019-10-28 00:00:00-04:00,56.49274079857116,56.67790230665492,56.48432232320796,56.66107177734375,16490600
2019-10-29 00:00:00-04:00,56.44222504919955,56.66947888852709,56.41697604958848,56.644229888916016,15251900
2019-10-30 00:00:00-04:00,56.59373154304416,56.87990188598633,56.32439814925927,56.87990188598633,22592900
2019-10-31 00:00:00-04:00,56.703155910482,56.745235443115234,56.48432050797814,56.745235443115234,22047900
2019-11-01 00:00:00-04:00,57.10715073225181,57.2502326965332,57.07348325452416,57.2502326965332,32338600
2019-11-04 00:00:00-05:00,57.63740665315337,57.679486185108544,57.426989729132735,57.544822692871094,20429900
2019-11-05 00:00:00-05:00,57.47748023498708,57.52797823530904,57.32597981260708,57.435394287109375,15727300
2019-11-06 00:00:00-05:00,57.494317920123805,57.55323440164005,57.325986950481656,57.410152435302734,16600200
2019-11-07 00:00:00-05:00,57.72998076240519,57.772066713275045,57.56164980175484,57.58689880371094,21271500
2019-11-08 00:00:00-05:00,57.384910738661056,57.55324172973633,57.258659284646754,57.55324172973633,10298800
2019-11-11 00:00:00-05:00,57.2502393902543,57.49432381625707,57.2502393902543,57.47749328613281,8544000
2019-11-12 00:00:00-05:00,57.46906384800028,57.620564275881705,57.38489837060267,57.50273132324219,18570100
2019-11-13 00:00:00-05:00,57.09873061308448,57.33440295039087,57.08190008541275,57.30073547363281,21006500
2019-11-14 00:00:00-05:00,57.00616747402933,57.17449847891215,56.94725098017873,57.140830993652344,17870900
2019-11-15 00:00:00-05:00,57.27548389212721,57.50273132324219,57.27548389212721,57.50273132324219,23494600
2019-11-18 00:00:00-05:00,57.43540987084993,57.62057781749021,57.34282589752979,57.5700798034668,20587500
2019-11-19 00:00:00-05:00,57.738404325215264,57.763653329396504,57.418572903227776,57.494319915771484,18664800
2019-11-20 00:00:00-05:00,57.182904940681475,57.317568432009864,56.96406954318111,57.13240051269531,20655200
2019-11-21 00:00:00-05:00,57.123987023771406,57.14923602642258,56.913570106458664,57.0566520690918,14293400
2019-11-22 00:00:00-05:00,57.283896522912954,57.3259824727436,57.08189809083752,57.21656799316406,14969300
2019-11-25 00:00:00-05:00,57.46907164144659,57.67107009887695,57.46907164144659,57.67107009887695,19329100
2019-11-26 00:00:00-05:00,57.5784927257221,57.68790721935757,57.53640677048489,57.63740921020508,24276000
2019-11-27 00:00:00-05:00,57.71315266693703,57.8141551004322,57.687903663916934,57.78890609741211,16942100
2019-11-29 00:00:00-05:00,57.41857043203259,57.51956644441084,57.35123547617054,57.38490295410156,11587200
2019-12-02 00:00:00-05:00,57.31757186645772,57.35123934666088,56.83782151103941,57.09032440185547,38855400
2019-12-03 00:00:00-05:00,56.58531948988014,56.91356936288627,56.4085636308018,56.87990188598633,28161500
2019-12-04 00:00:00-05:00,57.23339862693266,57.41014805800493,57.182900624173264,57.401729583740234,21762200
2019-12-05 00:00:00-05:00,57.43540221974812,57.43540221974812,57.19973629047803,57.292320251464844,21039700
2019-12-06 00:00:00-05:00,57.7552314756545,57.83097847534539,57.696315002090245,57.81414794921875,23179600
2019-12-09 00:00:00-05:00,57.71314879212094,57.80573274458847,57.51115036010742,57.51115036010742,21946200
2019-12-10 00:00:00-05:00,57.452234362385525,57.65423279608379,57.35123193482917,57.536399841308594,23419000
2019-12-11 00:00:00-05:00,57.56165697554989,57.89832536022344,57.544826445953106,57.83940887451172,16546800
2019-12-12 00:00:00-05:00,57.77207259833974,58.285490428462516,57.738405118497155,58.2265739440918,30690900
2019-12-13 00:00:00-05:00,58.546405177365926,58.899910503839436,58.41174167985496,58.630577087402344,46988400
2019-12-16 00:00:00-05:00,59.24000004696808,59.33362700537693,59.16339971395442,59.25702667236328,34004700
2019-12-17 00:00:00-05:00,58.984654635614795,59.069768274869844,58.916561126708984,58.916561126708984,28111100
2019-12-18 00:00:00-05:00,58.84846768828273,58.90804788520807,58.7378206064941,58.8399543762207,18590900
2019-12-19 00:00:00-05:00,58.72079398237004,58.85698100034476,58.66972709750674,58.8399543762207,25939200
2019-12-20 00:00:00-05:00,58.9761342643188,59.00166770366361,58.86548719590676,58.88250732421875,38587700
2019-12-23 00:00:00-05:00,58.93358281567046,59.01018963865412,58.88251592951776,58.97614288330078,21313800
2019-12-24 00:00:00-05:00,58.96762801151113,58.96762801151113,58.865494241906845,58.916561126708984,5947000
2019-12-26 00:00:00-05:00,59.02720786760714,59.188928326886234,58.95911435909442,59.17190170288086,8372000
2019-12-27 00:00:00-05:00,59.44427514599346,59.45278845884152,59.23148778107724,59.2740478515625,16281600
2019-12-30 00:00:00-05:00,59.37617883609179,59.38468565385406,58.8144171635885,58.831443786621094,24069000
2019-12-31 00:00:00-05:00,58.89102583306088,59.13785992476936,58.70377193633347,59.10381317138672,20142100
2020-01-02 00:00:00-05:00,59.546404529346255,59.71663828640073,59.444264275113575,59.69961166381836,24749300
2020-01-03 00:00:00-05:00,58.891027060277125,59.325108564004516,58.891027060277125,58.95911407470703,29921500
2020-01-06 00:00:00-05:00,58.865499868585324,59.214467771013574,58.85698655571974,59.188934326171875,22636400
2020-01-07 00:00:00-05:00,59.17191172477062,59.18893835165977,58.98466428527832,59.027217864990234,15107500
2020-01-08 00:00:00-05:00,58.95911002410555,59.35915124001159,58.95060320648272,59.19743728637695,14249500
2020-01-09 00:00:00-05:00,59.30808853658502,59.36766873291088,59.18892814393329,59.333621978759766,13749100
2020-01-10 00:00:00-05:00,59.291067024856076,59.39320079117526,59.04423293332768,59.11231994628906,33832300
2020-01-13 00:00:00-05:00,59.16338699252599,59.45277462447054,59.04422661540135,59.41872787475586,16443000
2020-01-14 00:00:00-05:00,59.308078568260456,59.58044606193632,59.29956525771498,59.47830581665039,28826600
2020-01-15 00:00:00-05:00,59.42723894088407,59.57193275139084,59.401705503000905,59.47830581665039,12217900
2020-01-16 00:00:00-05:00,59.571943912255946,59.750684504678595,59.50385689639577,59.72515106201172,12883400
2020-01-17 00:00:00-05:00,59.88686094547806,59.937927821791355,59.75918726094148,59.90388107299805,18473700
2020-01-21 00:00:00-05:00,59.63152777077535,59.69962128457059,59.4187404104814,59.42725372314453,20026600
2020-01-22 00:00:00-05:00,59.69961292995772,59.716639552901206,59.5038522223856,59.54640579223633,14047000
2020-01-23 00:00:00-05:00,59.32510750617127,59.46129452011144,59.03571984217978,59.40171432495117,18720200
2020-01-24 00:00:00-05:00,59.648539915121034,59.648539915121034,59.04422473784746,59.146358489990234,24107500
2020-01-27 00:00:00-05:00,58.005828967497216,58.23563643263075,57.92071533203125,57.92071533203125,32766700
2020-01-28 00:00:00-05:00,58.184569445951595,58.50800385764498,58.09945581063798,58.465450286865234,18001700
2020-01-29 00:00:00-05:00,58.57608967759999,58.669716612286365,58.388835808227235,58.47394943237305,14916600
2020-01-30 00:00:00-05:00,58.005824567003756,58.448419334102724,57.861130748313094,58.42288589477539,26285300
2020-01-31 00:00:00-05:00,57.87815694731071,57.90369038931618,57.24830823407648,57.43556213378906,40101600
2020-02-03 00:00:00-05:00,57.597280270026964,57.86964782740591,57.53770006978016,57.571746826171875,35288000
2020-02-04 00:00:00-05:00,58.43991455411604,58.61865512939214,58.380327868603466,58.53353500366211,32540000
2020-02-05 00:00:00-05:00,59.095294952392585,59.1378550140253,58.899527760137246,59.09529495239258,28162100
2020-02-06 00:00:00-05:00,59.27404680400356,59.30809356103905,59.15488640125682,59.25702667236328,23422500
2020-02-07 00:00:00-05:00,58.90804643426688,58.94209318792197,58.67823896428787,58.69525909423828,22188200
2020-02-10 00:00:00-05:00,58.601631455201186,58.83995223422675,58.601631455201186,58.81441879272461,13957600
2020-02-11 00:00:00-05:00,59.222975592349606,59.33362267432207,59.095301886224796,59.21446228027344,16040600
2020-02-12 00:00:00-05:00,59.410221057642325,59.461287935337594,59.30808080849827,59.41872787475586,13218100
2020-02-13 00:00:00-05:00,58.88250283764242,59.16338363654076,58.814409342075585,59.00166320800781,20113100
2020-02-14 00:00:00-05:00,58.9931516244274,59.01017824569407,58.746317566087335,58.8995246887207,15005100
2020-02-18 00:00:00-05:00,58.47395485453374,58.64418861236404,58.40586784515549,58.525028228759766,29201900
2020-02-19 00:00:00-05:00,58.729315620397855,58.822942585090225,58.678248728294875,58.720802307128906,16232700
2020-02-20 00:00:00-05:00,58.490982743361506,58.61865644105954,58.039874639415245,58.371822357177734,24607700
2020-02-21 00:00:00-05:00,58.184578064424805,58.23564495442633,57.929230626907014,58.099464416503906,24361900
2020-02-24 00:00:00-05:00,55.758793927200685,56.20138871758523,55.7502806157258,55.775814056396484,51653500
2020-02-25 00:00:00-05:00,56.031169210458714,56.08223609887243,54.77146518162982,54.8565788269043,55520000
2020-02-26 00:00:00-05:00,55.32470859803104,55.690703083891265,54.88211378649868,54.92466735839844,64966000
2020-02-27 00:00:00-05:00,54.05650324742397,54.64379523279891,53.27344726692405,53.298980712890625,80201400
2020-02-28 00:00:00-05:00,52.14140713604341,53.06916004645212,51.63922889560426,52.97553634643555,122342000
2020-03-02 00:00:00-05:00,52.967020083147915,53.767099249229766,52.52442206141853,53.65645217895508,78735900
2020-03-03 00:00:00-05:00,54.107558533441406,54.703360421628744,52.81381126060633,53.22236251831055,77691700
2020-03-04 00:00:00-05:00,54.15863664369237,54.873602261812565,53.707525258708806,54.814022064208984,41681700
2020-03-05 00:00:00-05:00,53.58837323049644,53.93734440532267,53.120241641858,53.35856246948242,46294000
2020-03-06 00:00:00-05:00,52.396754474164204,52.85637264956649,52.05629343983646,52.5584716796875,64277200
2020-03-09 00:00:00-04:00,49.051736117563,50.05609257280086,48.31123387296895,48.48146438598633,68431000
2020-03-10 00:00:00-04:00,50.388046967007476,50.532740811783306,48.677234792363556,50.26888656616211,110061600
2020-03-11 00:00:00-04:00,48.97513850547726,49.102808970610035,47.40051012715412,47.70692443847656,77459000
2020-03-12 00:00:00-04:00,44.08953561066445,44.225719376573274,41.88505866778737,42.46384048461914,91385100
2020-03-13 00:00:00-04:00,45.21304996117122,45.36625709510536,42.36170110149777,45.03430938720703,73588700
2020-03-16 00:00:00-04:00,39.65505019003797,41.76590028655144,38.95710795033905,40.38703918457031,54122400
2020-03-17 00:00:00-04:00,40.95731430132846,42.47236266620053,40.310442089889314,42.35319900512695,55045400
2020-03-18 00:00:00-04:00,39.7316499890579,40.95730382468527,38.92305749643396,39.92741394042969,74919600
2020-03-19 00:00:00-04:00,39.884856420990786,41.45097125122315,39.54439540477106,40.54875183105469,65863000
2020-03-20 00:00:00-04:00,41.59566905672048,42.03826712144785,40.0040206342289,40.04657745361328,62803000
2020-03-23 00:00:00-04:00,40.29341491396816,40.54024903262278,39.31459175206324,39.57844924926758,61708000
2020-03-24 00:00:00-04:00,42.58300139630998,43.24690010427722,42.07231307960638,42.93197250366211,51118500
2020-03-25 00:00:00-04:00,43.40861888626665,45.03431409115174,42.79579028651864,44.32786178588867,60405600
2020-03-26 00:00:00-04:00,44.58320671873923,46.38764254723063,44.58320671873923,46.311038970947266,60511800
2020-03-27 00:00:00-04:00,44.63426822928546,45.74076491941876,44.29381045660184,44.99175262451172,53372400
2020-03-30 00:00:00-04:00,45.15347255359661,45.936531647189184,44.85557157862379,45.90248489379883,45987700
2020-03-31 00:00:00-04:00,45.187517070171,45.91099268607932,44.94068299062507,45.50244140625,64906600
2020-04-01 00:00:00-04:00,44.02996467031634,44.489586194441706,43.451182731835004,43.4852294921875,40960200
2020-04-02 00:00:00-04:00,43.55331323911892,44.515112970236174,43.417129464995206,44.33637237548828,38008700
2020-04-03 00:00:00-04:00,43.62991261403129,43.808656438445894,43.0596441294464,43.32350158691406,33029800
2020-04-06 00:00:00-04:00,44.89812925390355,45.791835442757474,44.76194548461988,45.621604919433594,42257500
2020-04-07 00:00:00-04:00,47.17069340996305,47.230276849052906,45.79183243080077,45.876949310302734,36678000
2020-04-08 00:00:00-04:00,46.004619321765176,46.455730661643415,45.62160148484097,46.2514533996582,35282900
2020-04-09 00:00:00-04:00,46.966418837689766,47.46859705674542,46.81321170327435,47.29836654663086,42218200
2020-04-13 00:00:00-04:00,47.153681476589085,47.230285058016634,46.489782688591184,46.847267150878906,33424700
2020-04-14 00:00:00-04:00,47.59627196850113,48.03035997235271,47.502648263689686,47.68138885498047,36915600
2020-04-15 00:00:00-04:00,46.34508259999522,46.55786993677493,46.06420175694501,46.19187545776367,30158700
2020-04-16 00:00:00-04:00,46.370614363249466,46.43870786705566,45.77480919245314,46.2174072265625,37284200
2020-04-17 00:00:00-04:00,47.32390200832607,47.502645837364255,46.91535071472475,47.44306564331055,36205100
2020-04-20 00:00:00-04:00,46.86428793823991,47.46860324337454,46.72810416177468,46.73661422729492,25077400
2020-04-21 00:00:00-04:00,46.047175531242914,46.40465992328982,45.68118107487729,45.82587814331055,35535300
2020-04-22 00:00:00-04:00,46.60893196947729,46.70255890741788,46.39614465484023,46.60042190551758,28732700
2020-04-23 00:00:00-04:00,46.69405503793851,47.36646382064449,46.34508392551394,46.45573425292969,34733400
2020-04-24 00:00:00-04:00,46.80470415446588,47.034511621563496,46.44721973932397,46.9919548034668,30445100
2020-04-27 00:00:00-04:00,47.30688166046265,47.723943016913935,47.2302780903361,47.6132926940918,30786900
2020-04-28 00:00:00-04:00,48.583611872965974,48.60063200461166,47.93673647659629,47.97078323364258,35115400
2020-04-29 00:00:00-04:00,48.97514207525324,49.34113661302362,48.864491733237685,49.17090606689453,34921800
2020-04-30 00:00:00-04:00,48.507005307249976,48.59211894774916,47.885663393472356,48.14952087402344,52183100
2020-05-01 00:00:00-04:00,47.43454778898782,47.502641288172114,46.90683615781652,47.10260009765625,32088300
2020-05-04 00:00:00-04:00,46.745117900413376,47.09409222969042,46.55786726267858,47.08557891845703,23432000
2020-05-05 00:00:00-04:00,47.43454989458418,47.613290467562045,47.09409212418019,47.170692443847656,23459100
2020-05-06 00:00:00-04:00,47.536686166768206,47.57073291734579,46.864280700683594,46.864280700683594,22596000
2020-05-07 00:00:00-04:00,47.553716368361265,47.80055047516634,47.34092901702116,47.57073974609375,30628700
2020-05-08 00:00:00-04:00,48.15803227674664,48.387839746358075,48.08142870458378,48.379329681396484,20445800
2020-05-11 00:00:00-04:00,48.08993502990967,48.472952860939195,48.013331463703764,48.336769104003906,30772300
2020-05-12 00:00:00-04:00,48.48146804861076,48.53253818043726,47.72394561767578,47.72394561767578,59246700
2020-05-13 00:00:00-04:00,48.01333367835288,48.02184374304523,47.12813759400476,47.357948303222656,31920300
2020-05-14 00:00:00-04:00,46.259973476901,46.97493917828572,45.97058252046248,46.9068489074707,41217500
2020-05-15 00:00:00-04:00,46.847264834241955,47.13665576678233,46.642987544911016,46.94940185546875,34086000
2020-05-18 00:00:00-04:00,48.14100941351413,48.95811202738336,48.11547272460267,48.84746170043945,39999500
2020-05-19 00:00:00-04:00,48.4899840844907,48.711281507748566,48.16654639184236,48.17505645751953,31462400
2020-05-20 00:00:00-04:00,49.094295389772064,49.41773305599558,48.98364506374454,49.17940902709961,32827600
2020-05-21 00:00:00-04:00,49.017682081781686,49.15386582258392,48.4644338084046,48.609130859375,27554400
2020-05-22 00:00:00-04:00,48.37082059509274,48.50700436537346,48.15803325109929,48.472957611083984,27513100
2020-05-26 00:00:00-04:00,49.95395237204626,50.141206261259924,49.82628192229993,49.860328674316406,46679700
2020-05-27 00:00:00-04:00,50.4816649462636,50.50719838565319,49.93692667989653,50.46464157104492,33723400
2020-05-28 00:00:00-04:00,51.120035656034574,51.51156361244989,50.91575836532198,50.94129180908203,40630200
2020-05-29 00:00:00-04:00,50.864683551828556,50.89873030496156,50.22632154153169,50.76254653930664,47437100
2020-06-01 00:00:00-04:00,51.17961144086822,51.9116004030311,51.137054622646986,51.89457702636719,30195300
2020-06-02 00:00:00-04:00,52.20949590798342,52.48186341231862,52.13289234445935,52.37972640991211,31663000
2020-06-03 00:00:00-04:00,53.04362851334786,53.78412755660664,53.02660513631147,53.63092041015625,29773100
2020-06-04 00:00:00-04:00,53.2904688918365,53.72455369336357,53.25642213375034,53.401119232177734,26190300
2020-06-05 00:00:00-04:00,54.45653441156758,54.74592531719142,54.21821363524573,54.320350646972656,31208000
2020-06-08 00:00:00-04:00,54.61824755273074,55.03531537401026,54.29481316518569,55.02680206298828,29644000
2020-06-09 00:00:00-04:00,54.08203314660642,54.49909453043266,54.005429571451785,54.31184387207031,30176500
2020-06-10 00:00:00-04:00,54.507604135561074,54.660811275450776,53.988402522254546,54.19267654418945,27492200
2020-06-11 00:00:00-04:00,52.754238290532484,52.92446881625565,51.17961323306699,51.290260314941406,54699700
2020-06-12 00:00:00-04:00,52.65210182840204,52.77977228888117,51.44346800522729,52.17545700073242,57668900
2020-06-15 00:00:00-04:00,51.206911143500754,52.51902390107341,51.04289828366719,52.3895378112793,30698700
2020-06-16 00:00:00-04:00,53.43405357568494,53.537640477095195,52.44996648689879,53.036964416503906,37029400
2020-06-17 00:00:00-04:00,53.451312102924334,53.537637259718636,53.08012545409694,53.235504150390625,26238300
2020-06-18 00:00:00-04:00,52.803879093356876,53.1319080463852,52.70029221612542,52.95063018798828,20035700
2020-06-19 00:00:00-04:00,53.55489350320311,53.57215853172894,52.613970852834335,52.6916618347168,32270800
2020-06-22 00:00:00-04:00,53.04559303129882,53.39088376420942,52.83841595717816,53.32182693481445,20743000
2020-06-23 00:00:00-04:00,53.9433587614183,54.04694565947847,53.55490377748253,53.61532974243164,20897800
2020-06-24 00:00:00-04:00,52.99379711516069,53.11464903444783,52.087404427539276,52.2427864074707,34030900
2020-06-25 00:00:00-04:00,52.29457991519533,53.036956438764555,52.05287279097101,52.985164642333984,26357100
2020-06-26 00:00:00-04:00,52.85568192072385,52.90747701341022,52.13920124988605,52.21689224243164,32279300
2020-06-29 00:00:00-04:00,52.475860652046094,52.74346039611988,52.17372755352137,52.63987350463867,23749700
2020-06-30 00:00:00-04:00,52.26868415133428,52.74346097656332,52.18236228964461,52.544918060302734,32612900
2020-07-01 00:00:00-04:00,52.48448893177788,52.90747393165872,52.441328003537244,52.74345779418945,25243100
2020-07-02 00:00:00-04:00,53.477208917162976,53.744808658899316,53.24413594364019,53.32182693481445,20854100
2020-07-06 00:00:00-04:00,54.12463061229219,54.28864345698652,53.908822677867555,54.193687438964844,21537100
2020-07-07 00:00:00-04:00,53.701643021059944,53.934715974149995,53.38224821555176,53.399513244628906,17394200
2020-07-08 00:00:00-04:00,53.40814249089271,53.87428838291783,53.313186480335645,53.848392486572266,17363400
2020-07-09 00:00:00-04:00,53.770710243611205,53.77934111280662,52.87294837075865,53.235504150390625,26098200
2020-07-10 00:00:00-04:00,53.4513086359582,53.831132715280866,53.287295788139296,53.80523681640625,22008800
2020-07-13 00:00:00-04:00,54.10736566831582,54.40949545980306,53.38225087577871,53.45994186401367,20515500
2020-07-14 00:00:00-04:00,53.56352952440932,54.30590935760782,53.503103565239,54.2454833984375,35121300
2020-07-15 00:00:00-04:00,55.06555644164381,55.2382034575076,54.71163154095861,54.85837936401367,28888600
2020-07-16 00:00:00-04:00,54.51308591320498,54.737524717584435,54.4094957330596,54.504451751708984,24677200
2020-07-17 00:00:00-04:00,54.63393997258798,54.83248288619978,54.495823019946386,54.823848724365234,19641800
2020-07-20 00:00:00-04:00,54.823854303295256,55.10872239940145,54.66847559710888,55.09145736694336,17996600
2020-07-21 00:00:00-04:00,55.37632133514938,55.52306916065185,55.16914425406403,55.20367431640625,21179700
2020-07-22 00:00:00-04:00,55.20367460098787,55.42811342143335,55.10871857554124,55.350425720214844,18023400
2020-07-23 00:00:00-04:00,55.22093929835335,55.43674724834789,54.772058367208544,54.91017532348633,16080700
2020-07-24 00:00:00-04:00,54.5735054635361,54.780679213564035,54.45265356052524,54.6080322265625,16017900
2020-07-27 00:00:00-04:00,55.13461136387812,55.41947613117083,55.08281956598916,55.324520111083984,16368200
2020-07-28 00:00:00-04:00,55.031026089462074,55.28999825837506,54.944704228469696,54.97060012817383,20470300
2020-07-29 00:00:00-04:00,55.220935946261775,55.643917658512635,55.108714897045765,55.5489616394043,20055900
2020-07-30 00:00:00-04:00,54.23685145484179,54.83248016612989,53.787970557782224,54.7288932800293,24664100
2020-07-31 00:00:00-04:00,54.392235540009914,54.40086970227373,53.22687389996755,53.563533782958984,36002300
2020-08-03 00:00:00-04:00,54.11599045403693,54.61666638704464,53.98650768351132,54.6080322265625,23609700
2020-08-04 00:00:00-04:00,54.35770749837518,54.91017532348633,54.3318083051576,54.91017532348633,16236800
2020-08-05 00:00:00-04:00,55.324527072707035,55.47128149508495,55.01376636736605,55.09145736694336,17901300
2020-08-06 00:00:00-04:00,54.87563685728711,55.23819587009748,54.72888905438904,55.15187072753906,17210500
2020-08-07 00:00:00-04:00,54.61667666681032,54.93607151244977,54.556250703931724,54.92744064331055,14988900
2020-08-10 00:00:00-04:00,54.97059810907759,55.1173459259681,54.78932023187126,55.10871505737305,10049000
2020-08-11 00:00:00-04:00,56.04963844651503,56.08416850723118,55.26409438357793,55.30725860595703,31465500
2020-08-12 00:00:00-04:00,56.41219860813813,56.7661268186512,56.33451090491497,56.533050537109375,28638500
2020-08-13 00:00:00-04:00,56.46399933063798,56.61074716675067,56.11870526818612,56.28271484375,17783100
2020-08-14 00:00:00-04:00,55.88562150805365,56.05827180917359,55.78203791331727,55.93741989135742,10874100
2020-08-17 00:00:00-04:00,56.20502298094573,56.38630086849172,56.196388818890405,56.36040496826172,11429900
2020-08-18 00:00:00-04:00,56.56758200726382,56.64527629835529,56.161861984512385,56.32587814331055,23832500
2020-08-19 00:00:00-04:00,56.576210826278256,56.64527094829553,56.04100475954801,56.07553482055664,15591900
2020-08-20 00:00:00-04:00,55.54895877866407,55.989208791317765,55.49716698397607,55.89425277709961,19825800
2020-08-21 00:00:00-04:00,55.25546106919858,55.618016790160766,55.229561879867354,55.60938262939453,15926400
2020-08-24 00:00:00-04:00,56.44672601910623,56.45536018103737,56.110066149086585,56.343135833740234,14627700
2020-08-25 00:00:00-04:00,56.65390038459346,56.6625345466131,56.07553666206092,56.37766647338867,18507500
2020-08-26 00:00:00-04:00,56.403559722891885,56.774749641061184,56.33450618778773,56.70569610595703,19549800
2020-08-27 00:00:00-04:00,56.740227319596414,56.7661232190287,55.92015318393796,56.12732696533203,24413900
2020-08-28 00:00:00-04:00,56.463991918146036,56.550313775942705,56.1618555369543,56.524417877197266,15197300
2020-08-31 00:00:00-04:00,56.37766160306086,56.55893947419736,56.06689765655961,56.09280014038086,24929800
2020-09-01 00:00:00-04:00,56.12732627471629,56.26544651790335,55.90289075844084,56.153228759765625,23945500
2020-09-02 00:00:00-04:00,56.55894561141226,56.94740387965815,56.3431376576988,56.904239654541016,20748400
2020-09-03 00:00:00-04:00,56.72295852487289,56.77475032330727,55.38495323981071,55.61802291870117,43834300
2020-09-04 00:00:00-04:00,55.84246745506446,55.98058111888617,54.68573341411963,55.69571304321289,33992800
2020-09-08 00:00:00-04:00,55.013755798339844,55.47989841328195,54.8152129026674,55.013755798339844,26869600
2020-09-09 00:00:00-04:00,55.894260167296686,56.24818837362079,55.790669978289024,56.04100799560547,23374000
2020-09-10 00:00:00-04:00,56.343133733863155,56.429462178085345,55.384952545166016,55.384952545166016,30361000
2020-09-11 00:00:00-04:00,56.066899384777905,56.230915524357954,55.70434363132941,55.93741989135742,29958900
2020-09-14 00:00:00-04:00,56.41219909148598,56.49852095778561,56.19639113276879,56.23955535888672,14663300
2020-09-15 00:00:00-04:00,56.80928178649604,56.83517768635244,56.481256078421886,56.602108001708984,17678700
2020-09-16 00:00:00-04:00,56.766124148714,56.99055967142669,56.49851781634752,56.602108001708984,18052600
2020-09-17 00:00:00-04:00,56.265447787939564,56.69706367873814,56.2136559885432,56.67980194091797,18149700
2020-09-18 00:00:00-04:00,56.515784634069036,56.54168053323531,56.03237695380339,56.22228240966797,27897500
2020-09-21 00:00:00-04:00,54.82385045971369,54.86701468431689,54.21095666877707,54.79795455932617,39928700
2020-09-22 00:00:00-04:00,54.79794663885963,54.85837259300857,54.288639816056026,54.78068161010742,15810800
2020-09-23 00:00:00-04:00,55.10871814248474,55.143248204733624,54.262751375194924,54.323177337646484,18325800
2020-09-24 00:00:00-04:00,54.18505570826741,54.62530243858238,53.908821820036906,54.27137756347656,25234900
2020-09-25 00:00:00-04:00,53.80523957285543,54.469925159786385,53.64122342366614,54.45266342163086,24180700
2020-09-28 00:00:00-04:00,55.15187604803573,55.28999628945363,55.05692002854482,55.272727966308594,18102700
2020-09-29 00:00:00-04:00,55.2727253031488,55.445375596602524,55.00512558071465,55.21229934692383,16168300
2020-09-30 00:00:00-04:00,55.00512810743821,55.359049699889376,54.75479010988222,54.9447021484375,37083000
2020-10-01 00:00:00-04:00,55.24682975521226,55.307255711819614,54.936065810964365,55.26409149169922,33266700
2020-10-02 00:00:00-04:00,54.590772119263065,55.289990955632526,54.556242062239704,55.15187072753906,25285500
2020-10-05 00:00:00-04:00,55.60076416982091,56.00647758925748,55.58349584545744,55.98921585083008,14564100
2020-10-06 00:00:00-04:00,56.032377645400075,56.06690112075743,55.281363630630025,55.39358139038086,22901400
2020-10-07 00:00:00-04:00,55.7820367562589,55.9460463065014,55.66981241637486,55.86835861206055,17055500
2020-10-08 00:00:00-04:00,56.11869558503147,56.27407755702718,56.058269628473994,56.25680923461914,13385000
2020-10-09 00:00:00-04:00,56.550311819576514,56.73158969045887,56.47261754009244,56.697059631347656,22181600
2020-10-12 00:00:00-04:00,56.826538238445806,57.06824203452448,56.77473986361859,57.02507781982422,9676100
2020-10-13 00:00:00-04:00,56.55894285347864,56.55894285347864,56.27408137377875,56.38629913330078,16260500
2020-10-14 00:00:00-04:00,56.567577595645005,56.6625336184978,56.23955188956726,56.291343688964844,13144000
2020-10-15 00:00:00-04:00,55.19504019961466,55.678451193898375,55.177775168429385,55.62665939331055,20631800
2020-10-16 00:00:00-04:00,55.80794004185744,56.127331609195835,55.76477581527513,55.88562774658203,15792600
2020-10-19 00:00:00-04:00,56.187747443661586,56.256807559366564,55.60938379298643,55.678443908691406,14736400
2020-10-20 00:00:00-04:00,56.084171298828466,56.265449187159625,55.94605104908892,55.95468521118164,23268000
2020-10-21 00:00:00-04:00,55.868362082221886,56.14459598950619,55.66981587420386,55.68708419799805,21699100
2020-10-22 00:00:00-04:00,55.62664865758509,55.82518824547841,55.33314647704818,55.73023223876953,20533700
2020-10-23 00:00:00-04:00,56.06689765655961,56.09280014038086,55.74750613471998,56.09280014038086,19334200
2020-10-26 00:00:00-04:00,55.3849539901552,55.45400752702468,54.74615773311013,55.082820892333984,17745700
2020-10-27 00:00:00-04:00,54.98787068678119,55.01376658908858,54.57351978502168,54.65121078491211,19616900
2020-10-28 00:00:00-04:00,53.4426764654172,53.55489751275309,52.97653053922296,53.019691467285156,36132600
2020-10-29 00:00:00-04:00,53.054223035924956,53.44267798546884,52.777989136908815,53.2700309753418,30898400
2020-10-30 00:00:00-04:00,53.03696204952406,53.11465304535654,52.63124533170383,52.99380111694336,35889900
2020-11-02 00:00:00-05:00,53.58942685435923,53.72754379808829,53.32182383521081,53.68437957763672,24388600
2020-11-03 00:00:00-05:00,54.73753243397302,55.29000359372732,54.66847559710888,55.09145736694336,26474500
2020-11-04 00:00:00-05:00,55.3331572665029,56.170493169335025,55.10871844658262,55.69571304321289,26490200
2020-11-05 00:00:00-05:00,56.98193012590547,57.13731210560909,56.68842790382722,57.033721923828125,28528300
2020-11-06 00:00:00-05:00,57.24952372847943,57.396271530825885,57.05961170853229,57.15456771850586,21980100
2020-11-09 00:00:00-05:00,59.87376158552227,59.891023324693734,58.803355936609776,58.82061767578125,43606500
2020-11-10 00:00:00-05:00,59.32992911740545,59.6665890186644,59.174547117906194,59.347190856933594,37172600
2020-11-11 00:00:00-05:00,59.77017938624096,59.891031334412816,59.60616979140044,59.84787368774414,16643200
2020-11-12 00:00:00-05:00,59.34719171109609,59.53710377832145,58.83788806347951,58.97600173950195,24076600
2020-11-13 00:00:00-05:00,59.34719057208359,59.91692676282509,59.32129466994743,59.88239669799805,21594600
2020-11-16 00:00:00-05:00,60.48664451393753,60.54707046905894,60.175880577331654,60.50390625,20294600
2020-11-17 00:00:00-05:00,60.28810327894298,60.6161355644927,60.132727883811896,60.443485260009766,18574500
2020-11-18 00:00:00-05:00,60.53843196780095,60.728343980548395,60.12408447265625,60.12408447265625,15018000
2020-11-19 00:00:00-05:00,60.115453709266596,60.590233767963966,60.011863536659426,60.54706954956055,24048000
2020-11-20 00:00:00-05:00,60.52981578316338,60.806049693883274,60.469389821003894,60.728355407714844,18571900
2020-11-23 00:00:00-05:00,60.94415325395062,61.02184752724017,60.43484974102128,60.650657653808594,14340300
2020-11-24 00:00:00-05:00,61.21176518875292,61.61747857001979,61.14270506966839,61.55705261230469,23399300
2020-11-25 00:00:00-05:00,61.194509635366984,61.6347597539778,61.08229185788992,61.47937774658203,19214900
2020-11-27 00:00:00-05:00,61.617487102870875,61.954146997609655,61.608859526242135,61.9023551940918,11839100
2020-11-30 00:00:00-05:00,61.68654134738202,61.74696730770108,60.5039114543539,60.55570983886719,46146500
2020-12-01 00:00:00-05:00,61.58294910828321,62.031833300754684,61.548425634341264,61.98004150390625,29860500
2020-12-02 00:00:00-05:00,61.677910185367445,62.04910012707625,61.6347525464324,61.98867416381836,20864700
2020-12-03 00:00:00-05:00,62.20448002865463,62.38575791234444,61.988672083414016,62.092262268066406,16572700
2020-12-04 00:00:00-05:00,62.44618513796898,62.636097187375746,62.42028923776551,62.61883544921875,18956100
2020-12-07 00:00:00-05:00,62.1699420973798,62.34259238327902,61.96276834023575,62.10951614379883,19537700
2020-12-08 00:00:00-05:00,61.96276928519206,62.35985506991347,61.96276928519206,62.32532501220703,12428100
2020-12-09 00:00:00-05:00,62.70514721428635,62.70514721428635,62.01455925236656,62.411651611328125,18355000
2020-12-10 00:00:00-05:00,62.075004086998405,62.63609950802467,62.075004086998405,62.49798583984375,20871300
2020-12-11 00:00:00-05:00,62.11815148195887,62.31669766802244,61.93687361778002,62.30806350708008,21812000
2020-12-14 00:00:00-05:00,62.721213804205135,62.81709167925005,62.302843667530425,62.34642028808594,26176400
2020-12-15 00:00:00-05:00,62.59918126343787,63.026269333935545,62.50330339967087,62.98269271850586,24075700
2020-12-16 00:00:00-05:00,63.07857694299292,63.29647999173217,62.886821196122646,63.226749420166016,15642300
2020-12-17 00:00:00-05:00,63.77585002040744,63.871727874767046,63.61024825822703,63.671260833740234,18633100
2020-12-18 00:00:00-05:00,63.627687164790096,63.64511648190483,63.244175689536114,63.34005355834961,27367900
2020-12-21 00:00:00-05:00,61.788584286003804,62.677632395803045,61.59682855056189,62.52945327758789,31488000
2020-12-22 00:00:00-05:00,62.398713524879355,62.468444096087744,62.18081047725811,62.37256622314453,20355000
2020-12-23 00:00:00-05:00,62.90425527697223,63.13959431135874,62.8519606692747,63.04371643066406,13577300
2020-12-24 00:00:00-05:00,63.017567759160066,63.13959294105523,62.921689880546204,63.069862365722656,7252900
2020-12-28 00:00:00-05:00,63.73230086550321,63.75844817343443,63.49696179437256,63.58412170410156,11142200
2020-12-29 00:00:00-05:00,64.324976011103,64.37727060944552,63.90659927474504,63.99375915527344,17541500
2020-12-30 00:00:00-05:00,64.33368566022507,64.49929408380484,64.03734074421124,64.08091735839844,15147100
2020-12-31 00:00:00-05:00,64.01119979547276,64.01991112925087,63.4446505558592,63.59282302856445,34218500
2021-01-04 00:00:00-05:00,64.83922182939844,64.86536912771004,63.67126483899736,63.92402648925781,26703400
2021-01-05 00:00:00-05:00,64.13322850147789,64.74335439322536,64.08092724656133,64.58646392822266,19748500
2021-01-06 00:00:00-05:00,64.7607964977195,65.64983811705787,64.69106591780594,65.32733917236328,25426900
2021-01-07 00:00:00-05:00,65.24018135350583,65.49294972634992,65.17916875660376,65.3970718383789,18783700
2021-01-08 00:00:00-05:00,65.8764437454054,66.00718688964844,65.32732386955915,66.00718688964844,25272200
2021-01-11 00:00:00-05:00,64.80438168789466,65.33606579272798,64.78695236554972,65.1443099975586,23190200
2021-01-12 00:00:00-05:00,65.09199711262032,65.48421992911699,64.90895935493033,65.44064331054688,20914000
2021-01-13 00:00:00-05:00,65.33604151228703,65.5103679203276,65.21401635159489,65.35347747802734,15580700
2021-01-14 00:00:00-05:00,65.5539506872235,66.02462205829713,65.54523270353516,65.87644958496094,22607500
2021-01-15 00:00:00-05:00,65.03099157391189,65.16173474353668,64.47316025672836,64.84795379638672,27355900
2021-01-19 00:00:00-05:00,65.34477370823382,65.38835033231788,65.04842207504197,65.3186264038086,20162300
2021-01-20 00:00:00-05:00,65.41449825734865,65.77185580134568,65.29247308136203,65.76313781738281,14419000
2021-01-21 00:00:00-05:00,65.80671170478013,65.86772428407443,65.40577094800722,65.8154296875,20536300
2021-01-22 00:00:00-05:00,65.24889485254285,65.61497040878568,65.22274754850748,65.50166320800781,18854700
2021-01-25 00:00:00-05:00,65.00484000851883,65.43192812807946,64.62132850939385,65.42321014404297,21748100
2021-01-26 00:00:00-05:00,65.51908111572266,65.60624099728422,65.28374877051915,65.51908111572266,14175200
2021-01-27 00:00:00-05:00,64.31626432237258,64.69977581407686,63.784580354281935,64.01991271972656,31245200
2021-01-28 00:00:00-05:00,64.18551510341842,64.79564091909111,64.12450252185116,64.4295654296875,26658600
2021-01-29 00:00:00-05:00,63.662549877893866,63.85430560777684,62.75607247745698,63.09600067138672,42149500
2021-02-01 00:00:00-05:00,63.871732167809014,63.9153154317644,63.56666926973866,63.845584869384766,23243900
2021-02-02 00:00:00-05:00,64.1942479630752,64.54289421705873,64.03735748127632,64.49059295654297,20388500
2021-02-03 00:00:00-05:00,64.51672542049248,64.68233384925993,64.33368767547866,64.64746856689453,11345800
2021-02-04 00:00:00-05:00,64.40342033130621,64.71720123291016,64.34240774765394,64.71720123291016,10500300
2021-02-05 00:00:00-05:00,65.03098891082165,65.15301409084137,64.77822056653122,65.11814880371094,10955600
2021-02-08 00:00:00-05:00,65.58882519397758,65.74571567306113,65.39706942511168,65.57139587402344,16405600
2021-02-09 00:00:00-05:00,65.6672627533844,65.97233235627857,65.59753882831802,65.92874908447266,16337600
2021-02-10 00:00:00-05:00,66.12922031722263,66.18151492150773,65.43192789401225,65.7021255493164,15402800
2021-02-11 00:00:00-05:00,66.05947708915589,66.15535494522572,65.80670880041467,66.14663696289062,12314100
2021-02-12 00:00:00-05:00,65.96360496356654,66.54758348318077,65.95488698047407,66.5127182006836,11946800
2021-02-16 00:00:00-05:00,67.1054183929959,67.26230884792305,66.87008603554169,66.99211120605469,20225600
2021-02-17 00:00:00-05:00,66.50401378822103,66.70448087110061,66.25124545121658,66.59989166259766,19198800
2021-02-18 00:00:00-05:00,66.11177867914499,66.31225239483322,65.79799778059902,66.26866912841797,19191700
2021-02-19 00:00:00-05:00,66.53888350879987,66.75678659597808,66.36456369900709,66.46044158935547,14962300
2021-02-22 00:00:00-05:00,66.25995740641885,66.6957635122618,66.21638078575862,66.2948226928711,19515800
2021-02-23 00:00:00-05:00,66.216395692397,66.56504198553333,65.63241697507173,66.35585021972656,25014500
2021-02-24 00:00:00-05:00,65.94617391434564,66.6347416134848,65.780565489304,66.56501770019531,21877600
2021-02-25 00:00:00-05:00,66.6783363102573,66.8352267793352,65.31862334483122,65.43193054199219,36921800
2021-02-26 00:00:00-05:00,65.24887979035617,65.24887979035617,64.46442760101048,64.50801086425781,48798100
2021-03-01 00:00:00-05:00,65.28376021116152,65.7718609533416,65.2488949224524,65.71956634521484,24268100
2021-03-02 00:00:00-05:00,65.6672553666423,65.87644706793091,65.4667882985818,65.64982604980469,22204900
2021-03-03 00:00:00-05:00,65.44936083188844,65.72828313649737,65.15301585805209,65.24889373779297,20856100
2021-03-04 00:00:00-05:00,65.3098917413325,65.58008935122677,64.25524194963135,64.63003540039062,34648600
2021-03-05 00:00:00-05:00,65.03097156492679,65.15299671239839,64.11577630901796,65.04840087890625,29694200
2021-03-08 00:00:00-05:00,64.77822458724152,65.28376130720048,64.62133411035337,64.82180786132812,25080900
2021-03-09 00:00:00-05:00,65.52779672748245,65.82414164404202,65.42320088347013,65.69340515136719,19060200
2021-03-10 00:00:00-05:00,65.98103951994676,66.05948807426381,65.65854726851343,65.97232818603516,19467400
2021-03-11 00:00:00-05:00,66.18150652151716,66.43427482660185,66.02461607870158,66.32096099853516,15485300
2021-03-12 00:00:00-05:00,65.96359874779735,66.51271193317132,65.9374514508565,66.48656463623047,16342500
2021-03-15 00:00:00-04:00,66.39069167557189,66.57372941752448,65.99846889279813,66.53886413574219,17320100
2021-03-16 00:00:00-04:00,66.69576015117906,66.74806140315847,66.53886969498704,66.65218353271484,16662600
2021-03-17 00:00:00-04:00,66.42556682422088,67.12285926369745,66.33840693175469,67.0444107055664,16305000
2021-03-18 00:00:00-04:00,66.71320368422221,67.16643913691428,66.42557004027157,66.43428802490234,23176300
2021-03-19 00:00:00-04:00,66.42555385440373,66.68704013061974,66.04204242258618,66.6173095703125,31465200
2021-03-22 00:00:00-04:00,66.50400969774152,66.84393790421484,66.45170844683356,66.67832946777344,27978200
2021-03-23 00:00:00-04:00,66.22511179246608,66.32098303672026,65.66727374940925,65.75444030761719,22514200
2021-03-24 00:00:00-04:00,65.57138927316979,65.88516354987618,65.41449880987987,65.42321014404297,20717000
2021-03-25 00:00:00-04:00,65.37091396854112,65.94618120340343,65.22274149284867,65.91131591796875,25183000
2021-03-26 00:00:00-04:00,66.1379258747957,66.78292363738618,66.12921454142463,66.76548767089844,27419100
2021-03-29 00:00:00-04:00,66.364559531941,66.6173278951812,66.17280376328469,66.50402069091797,18381600
2021-03-30 00:00:00-04:00,66.14664957395058,66.47785981723767,66.0769190017196,66.4168472290039,15377400
2021-03-31 00:00:00-04:00,66.1379227587419,66.442992309049,66.0856281614881,66.12921142578125,32191600
2021-04-01 00:00:00-04:00,66.46914523958851,67.0531237913112,66.42556197160256,66.99211120605469,26312600
2021-04-05 00:00:00-04:00,67.54123556648521,68.02934297857813,67.42792836093417,67.96833038330078,20340500
2021-04-06 00:00:00-04:00,67.15772078868578,67.34946988142077,67.07927223494919,67.24488067626953,18995900
2021-04-07 00:00:00-04:00,67.26231320049693,67.4802162547812,67.21001859542822,67.38433837890625,14349400
2021-04-08 00:00:00-04:00,67.68941087224236,67.87244864769124,67.56737903873601,67.76785278320312,15502500
2021-04-09 00:00:00-04:00,67.71554064495693,68.0293215073125,67.71554064495693,67.97702026367188,16330500
2021-04-12 00:00:00-04:00,67.69812703232087,67.75913962848608,67.49765992343846,67.60224914550781,13729500
2021-04-13 00:00:00-04:00,67.69810949078946,68.01189037544094,67.65453287617662,67.99446105957031,12712500
2021-04-14 00:00:00-04:00,68.02933886939617,68.29081855484456,67.98575559688457,68.04676818847656,13079200
2021-04-15 00:00:00-04:00,68.47385062705445,68.63945906895802,68.41283804054363,68.61331176757812,20480100
2021-04-16 00:00:00-04:00,68.8747912983473,69.12755962765382,68.77020209302955,69.1101303100586,17058700
2021-04-19 00:00:00-04:00,69.17986151860885,69.22343813793566,68.80506801305738,68.98810577392578,15206800
2021-04-20 00:00:00-04:00,68.19492937386305,68.2733779214086,67.59352154208625,67.75041198730469,29570100
2021-04-21 00:00:00-04:00,67.61967916199362,68.47385543309792,67.60224319326777,68.44770812988281,15615600
2021-04-22 00:00:00-04:00,68.60459609420893,68.66560868277445,68.10777740164015,68.22108459472656,22677800
2021-04-23 00:00:00-04:00,68.46513013220516,69.05782660037872,68.44769416703612,68.91836547851562,18607900
2021-04-26 00:00:00-04:00,68.94451767828704,69.05783151032539,68.85735779586177,68.97066497802734,14052100
2021-04-27 00:00:00-04:00,68.63074285958675,68.79635130577196,68.54358296944261,68.74405670166016,13612200
2021-04-28 00:00:00-04:00,68.69174448042425,69.08397389825997,68.63073190207722,68.91836547851562,14288600
2021-04-29 00:00:00-04:00,69.15371174744747,69.18857703494045,68.51743853785324,68.94452667236328,16411000
2021-04-30 00:00:00-04:00,68.52614327998744,68.63945045503854,67.8375689472792,68.08161926269531,28951400
2021-05-03 00:00:00-04:00,68.63945916124388,68.9096568090303,68.48256870288039,68.83121490478516,21382200
2021-05-04 00:00:00-04:00,68.08162187927023,68.25594163987496,67.47149606728102,67.8114242553711,29144900
2021-05-05 00:00:00-04:00,68.55229093679655,68.88350113089834,68.39540049751204,68.7353286743164,17680000
2021-05-06 00:00:00-04:00,68.82250572144818,69.3280424463601,68.6046026486283,69.30189514160156,21533100
2021-05-07 00:00:00-04:00,69.42391470821845,70.1212004948492,69.35418413459332,70.08634185791016,23316000
2021-05-10 00:00:00-04:00,70.31295575773902,70.31295575773902,69.65924659677111,69.7115478515625,16927500
2021-05-11 00:00:00-04:00,68.44770237518277,68.95323902775125,68.35182450487244,68.79634857177734,34624600
2021-05-12 00:00:00-04:00,68.32567428487818,68.63073720016327,67.5586580050367,67.69811248779297,32608200
2021-05-13 00:00:00-04:00,67.71555074723884,68.35182389925374,67.68940344645371,68.20365142822266,36208800
2021-05-14 00:00:00-04:00,68.86607630245626,69.41518955079428,68.82249303597601,69.345458984375,18601700
2021-05-17 00:00:00-04:00,68.94452500003403,69.22344064333875,68.88351241086967,69.21472930908203,16699500
2021-05-18 00:00:00-04:00,69.7638405902904,69.78998789204992,69.36289978027344,69.36289978027344,16526900
2021-05-19 00:00:00-04:00,68.50000112861176,69.02297378013456,68.17750886336266,68.75276947021484,30391700
2021-05-20 00:00:00-04:00,69.19729493063953,69.77256219872619,69.1711476275217,69.65924835205078,21650300
2021-05-21 00:00:00-04:00,69.88585483255414,69.91200213022333,69.51977936544098,69.75511169433594,26751600
2021-05-24 00:00:00-04:00,69.94686524917715,70.26936409350112,69.89457065545459,70.18219757080078,12267900
2021-05-25 00:00:00-04:00,70.4001130741956,70.46112566099266,70.08633880629154,70.19964599609375,14338900
2021-05-26 00:00:00-04:00,70.12120160716563,70.27809207537413,70.03404171368838,70.15606689453125,12732000
2021-05-27 00:00:00-04:00,70.26936725442334,70.4175397098839,70.07761153565212,70.28679656982422,16211200
2021-05-28 00:00:00-04:00,70.46112680036818,70.73133110330151,70.41755018045032,70.4524154663086,21449500
2021-06-01 00:00:00-04:00,71.03639518268459,71.05382450095688,70.61801839554164,70.70518493652344,27524200
2021-06-02 00:00:00-04:00,70.83590252074492,71.04509418335665,70.74003132105412,70.94049835205078,13561200
2021-06-03 00:00:00-04:00,70.56571061269409,70.6790177849875,70.38267288058682,70.59185791015625,16987600
2021-06-04 00:00:00-04:00,71.06253992416698,71.24557768386049,70.94923273479668,71.19328308105469,13335200
2021-06-07 00:00:00-04:00,71.35888021657404,71.46346940561389,71.27171369254462,71.42860412597656,16738700
2021-06-08 00:00:00-04:00,71.4983575330089,71.56808811456642,71.27173646788407,71.39376831054688,13218700
2021-06-09 00:00:00-04:00,71.36759762965595,71.41989887850413,71.1322652843936,71.20199584960938,20203600
2021-06-10 00:00:00-04:00,71.27445376558872,71.52184140042691,71.19493920045109,71.39814758300781,16555200
2021-06-11 00:00:00-04:00,71.48650258963202,71.61902685837683,71.29212467439679,71.5660171508789,12864700
2021-06-14 00:00:00-04:00,71.50417180332113,71.70738692116994,71.45999255223873,71.68971252441406,17044400
2021-06-15 00:00:00-04:00,71.75156368658212,71.80457339837882,71.62786986518466,71.77806854248047,17729200
2021-06-16 00:00:00-04:00,71.83991620066942,71.9194375099996,71.0977532645625,71.3363037109375,21706700
2021-06-17 00:00:00-04:00,70.87686426887016,71.02706293457629,70.50578283331133,70.84152221679688,27756300
2021-06-18 00:00:00-04:00,69.56039484401111,69.73709833815747,69.29533286198539,69.37484741210938,36755100
2021-06-21 00:00:00-04:00,69.68409547441817,70.32906935805295,69.57806932304496,70.28489685058594,20228000
2021-06-22 00:00:00-04:00,70.08167850791546,70.46159710677547,69.93147985601433,70.2937240600586,14010200
2021-06-23 00:00:00-04:00,70.21419810143404,70.26720779565821,69.73709063100009,69.8431167602539,17074600
2021-06-24 00:00:00-04:00,70.36441163121175,70.54995234109694,70.32023238279803,70.51461029052734,19833300
2021-06-25 00:00:00-04:00,70.67364063701274,70.7266570791367,70.53227918656373,70.66481018066406,12418800
2021-06-28 00:00:00-04:00,70.41741121642124,70.47042765505967,70.11701394096251,70.21420288085938,26952900
2021-06-29 00:00:00-04:00,70.3555739938056,70.3997532419433,70.14352843251974,70.23188018798828,9357500
2021-06-30 00:00:00-04:00,69.58689747333524,69.8519527060961,69.40135678816085,69.69291687011719,33578500
2021-07-01 00:00:00-04:00,69.70175060989682,69.904965678327,69.53387758557648,69.86078643798828,28075400
2021-07-02 00:00:00-04:00,69.8696291525431,70.11701674004509,69.69291891803725,70.0993423461914,13712600
2021-07-06 00:00:00-04:00,70.13469836930429,70.15237276668007,69.39253545890254,69.63992309570312,21289800
2021-07-07 00:00:00-04:00,69.94030662459741,70.10817290547712,69.64873982087212,70.01982116699219,21686400
2021-07-08 00:00:00-04:00,68.89774671720002,69.24232324978709,68.6945316319482,69.1186294555664,24175500
2021-07-09 00:00:00-04:00,69.84312810435523,70.33790330629142,69.77244400670533,70.2937240600586,35200100
2021-07-12 00:00:00-04:00,70.31139420761767,70.6294658870221,70.24954731111158,70.59412384033203,11995800
2021-07-13 00:00:00-04:00,70.33790959185566,70.49694545537648,70.11702682256602,70.22305297851562,15689500
2021-07-14 00:00:00-04:00,70.52344152764844,70.53227872474564,70.29372158876573,70.382080078125,14023600
2021-07-15 00:00:00-04:00,69.71060943603516,69.88731297060654,69.44554739337033,69.71060943603516,21637900
2021-07-16 00:00:00-04:00,69.66641332540891,69.71059256876596,69.07444921293869,69.1981430053711,23034100
2021-07-19 00:00:00-04:00,68.11140880458895,68.23510935929842,67.57246103876226,67.94354248046875,44844800
2021-07-20 00:00:00-04:00,67.78450523633254,68.57084735479013,67.69615347688473,68.43831634521484,30309900
2021-07-21 00:00:00-04:00,68.92425860646416,69.52505998581245,68.88891655581934,69.48088073730469,22928600
2021-07-22 00:00:00-04:00,69.73709755697367,69.77243960356827,69.33951132919496,69.50737762451172,15874000
2021-07-23 00:00:00-04:00,69.96682705581132,70.12586291682857,69.82545885010396,69.99333190917969,16550600
2021-07-26 00:00:00-04:00,69.86078758723406,70.11701235564121,69.86078758723406,70.09050750732422,14870900
2021-07-27 00:00:00-04:00,69.77245823693572,69.86081000661433,69.47205413105891,69.80780029296875,20952500
2021-07-28 00:00:00-04:00,69.81661796120063,70.24071581509578,69.70176135574057,70.10818481445312,19700600
2021-07-29 00:00:00-04:00,70.69131278352818,70.78850172672432,70.57644944658392,70.59412384033203,23670000
2021-07-30 00:00:00-04:00,70.32023194345682,70.54111470253159,70.0905187274,70.23188018798828,23997100
2021-08-02 00:00:00-04:00,70.80617174505205,70.92986554219638,70.45275800715125,70.58528900146484,25364000
2021-08-03 00:00:00-04:00,70.88569697394071,71.1065797297926,70.59413011842261,71.08890533447266,19028100
2021-08-04 00:00:00-04:00,71.1330787274679,71.2567725213,70.85034909287938,70.8768539428711,12852000
2021-08-05 00:00:00-04:00,71.23910320119239,71.3097873000753,71.14191425043006,71.221435546875,11868900
2021-08-06 00:00:00-04:00,71.0623936319543,71.14190818080861,70.8415108973953,70.95636749267578,10892500
2021-08-09 00:00:00-04:00,70.97405221435878,71.01822472321484,70.84152120617638,70.92103576660156,7897000
2021-08-10 00:00:00-04:00,70.92103463648223,71.08007049560547,70.87686212833005,71.08007049560547,10438200
2021-08-11 00:00:00-04:00,71.50417024519561,71.6101964009986,71.35397158008008,71.5660171508789,14996100
2021-08-12 00:00:00-04:00,71.41581389566045,71.53067050145948,71.27444569700927,71.50416564941406,12443200
2021-08-13 00:00:00-04:00,71.73389488563245,71.96360812696005,71.67204797592001,71.93710327148438,14590400
2021-08-16 00:00:00-04:00,71.38047643382905,71.57485434906428,71.15075646665947,71.5660171508789,19192300
2021-08-17 00:00:00-04:00,70.89451599121094,71.05355181939444,70.58528153107792,70.89451599121094,23555000
2021-08-18 00:00:00-04:00,70.87685313862299,71.15074557317098,70.61179116010123,70.6206283569336,16384700
2021-08-19 00:00:00-04:00,69.7017628101033,70.10818627729608,69.66642075980738,69.92264556884766,30515300
2021-08-20 00:00:00-04:00,69.71943998651192,70.21421522877588,69.63991868497257,70.19654083251953,15774200
2021-08-23 00:00:00-04:00,70.57645784641879,70.92987161457572,70.54995299344824,70.85035705566406,22524800
2021-08-24 00:00:00-04:00,70.82384581865925,71.11540591586116,70.75316172323791,71.00054931640625,13722900
2021-08-25 00:00:00-04:00,70.929872506417,71.09774556508387,70.81501589516479,71.02706146240234,12891400
2021-08-26 00:00:00-04:00,70.79733679696412,70.8945257464945,70.54994919481649,70.65597534179688,16927900
2021-08-27 00:00:00-04:00,70.67363533248718,71.36278836111578,70.64713048381775,71.30094146728516,24935800
2021-08-30 00:00:00-04:00,71.27444222175883,71.389305562764,71.17725327512663,71.28327941894531,8142000
2021-08-31 00:00:00-04:00,71.40696826838692,71.41580546496105,71.11540144869363,71.24793243408203,18738400
2021-09-01 00:00:00-04:00,71.79573249639257,72.08729260966987,71.75155324911678,71.8929214477539,30472100
2021-09-02 00:00:00-04:00,72.19331595703919,72.34351460665732,72.10496420672301,72.18447875976562,13827400
2021-09-03 00:00:00-04:00,72.27283267182041,72.60857199807265,72.17564373038839,72.51138305664062,16303200
2021-09-07 00:00:00-04:00,72.62625425645422,72.7057755612574,72.52023483779317,72.56440734863281,13967800
2021-09-08 00:00:00-04:00,72.25515991545336,72.37885370902278,71.87524133783123,71.99010467529297,22764200
2021-09-09 00:00:00-04:00,71.96359825237111,72.2374974499207,71.80456240053178,71.86640930175781,18963300
2021-09-10 00:00:00-04:00,72.37886863775893,72.43188508937104,71.68971543406974,71.70738983154297,26709900
2021-09-13 00:00:00-04:00,72.40537431513688,72.41421151397383,72.02545565484043,72.2728500366211,22335000
2021-09-14 00:00:00-04:00,72.48487691552654,72.4937141120827,71.90174327732664,71.97242736816406,19177500
2021-09-15 00:00:00-04:00,71.90174911427,72.19331595703919,71.76038766192542,72.18447875976562,26233800
2021-09-16 00:00:00-04:00,71.87524794934416,72.08729350913892,71.68087004419613,72.06962585449219,25765500
2021-09-17 00:00:00-04:00,71.62785708457332,71.75155088390001,70.88569428861324,71.1242446899414,37070600
2021-09-20 00:00:00-04:00,69.56924309994777,69.97566663311574,69.20699882202307,69.80780029296875,45028000
2021-09-21 00:00:00-04:00,70.75316541646518,70.86802202191548,70.39975166171708,70.49694061279297,37472300
2021-09-22 00:00:00-04:00,70.84151985773823,71.38931153542183,70.78851015179713,70.85035705566406,28718400
2021-09-23 00:00:00-04:00,71.40698061527962,71.76039439048837,71.36280136557586,71.61902618408203,31257800
2021-09-24 00:00:00-04:00,70.8768561871163,71.12424378261376,70.83267694186044,70.94754028320312,20066300
2021-09-27 00:00:00-04:00,70.74433023174586,70.97405018998931,70.65597847574666,70.90336608886719,15526500
2021-09-28 00:00:00-04:00,69.83429292548718,69.86963497533368,69.12746541017064,69.35718536376953,48064900
2021-09-29 00:00:00-04:00,69.5427195329765,69.58689877633357,69.12745891232225,69.1981430053711,31733200
2021-09-30 00:00:00-04:00,69.26883192269744,69.37485132884838,68.75638232361266,68.92425537109375,39506300
2021-10-01 00:00:00-04:00,68.95958544549947,69.25114550259278,68.47364078233493,69.09210968017578,44524800
2021-10-04 00:00:00-04:00,68.88007194346609,68.96842369016423,68.12023478841104,68.36762237548828,32751400
2021-10-05 00:00:00-04:00,68.51784286095582,69.08330225341739,68.43832155283684,68.8359146118164,25903300
2021-10-06 00:00:00-04:00,67.72266133525491,68.41181452665309,67.52828341136158,68.37647247314453,36917200
2021-10-07 00:00:00-04:00,68.74754983243922,69.18931536379444,68.7387193751932,68.90658569335938,19908700
2021-10-08 00:00:00-04:00,69.08329155696488,69.13630126029804,68.77405031203709,68.89775085449219,23628700
2021-10-11 00:00:00-04:00,69.05677553561492,69.27765825151829,68.66801979856722,68.6768569946289,23542500
2021-10-12 00:00:00-04:00,68.80055483431507,68.95075347219515,68.58850256116042,68.71219635009766,18697400
2021-10-13 00:00:00-04:00,69.07445302377663,69.48087647002063,68.91541717604579,69.39252471923828,23073600
2021-10-14 00:00:00-04:00,70.05517544575754,70.15236439730678,69.89613959238665,70.08168029785156,19304400
2021-10-15 00:00:00-04:00,70.47043228809108,70.6824778341678,70.39091099530833,70.66481018066406,24447200
2021-10-18 00:00:00-04:00,70.13469044611,70.39975245034202,70.01099664168355,70.36441040039062,19044700
2021-10-19 00:00:00-04:00,70.63829254923762,70.90335451477405,70.59412004885208,70.78849792480469,14649000
2021-10-20 00:00:00-04:00,70.85917844001892,71.12424041739999,70.78850108808258,71.035888671875,11235500
2021-10-21 00:00:00-04:00,70.57644811605803,70.8150052415171,70.54110607003425,70.70014190673828,16278800
2021-10-22 00:00:00-04:00,71.00938808793991,71.26561288391846,70.8150101916247,71.1242446899414,22173500
2021-10-25 00:00:00-04:00,70.93870713170323,71.09774298656535,70.73549202906564,70.98287963867188,13658000
2021-10-26 00:00:00-04:00,71.41581153441423,71.41581153441423,71.0270557417838,71.1242446899414,10552900
2021-10-27 00:00:00-04:00,71.13308909079619,71.2391085062089,70.82385456116381,70.84152221679688,18449000
2021-10-28 00:00:00-04:00,71.18610879471233,71.58369513995486,71.16844113659832,71.53068542480469,15260200
2021-10-29 00:00:00-04:00,70.921039556854,71.16843393105934,70.85036219074564,71.11541748046875,25406900
2021-11-01 00:00:00-04:00,71.5218205647611,71.83106175902849,71.38045913209518,71.80455017089844,20337400
2021-11-02 00:00:00-04:00,71.59251101396751,71.75154685285372,71.54833851143619,71.65435791015625,10184500
2021-11-03 00:00:00-04:00,71.62785688395606,72.26400027345812,71.51300028227627,72.23749542236328,14911000
2021-11-04 00:00:00-04:00,72.0342853695241,72.19332122802734,71.87524951102087,72.19332122802734,14083300
2021-11-05 00:00:00-04:00,72.18449119130416,72.29935455322266,71.99012000345677,72.29935455322266,15593600
2021-11-08 00:00:00-05:00,72.33468370085328,72.44954030147018,72.21098990301772,72.2905044555664,9065900
2021-11-09 00:00:00-05:00,72.33469247178851,72.3788649816251,71.91059458435235,72.13147735595703,16011200
2021-11-10 00:00:00-05:00,71.83107907852742,71.9547728897365,71.1595935742444,71.25678253173828,21546800
2021-11-11 00:00:00-05:00,71.61901989296601,71.70737838461199,71.46882124245826,71.51300048828125,9264600
2021-11-12 00:00:00-05:00,71.75155000856317,71.95476509972444,71.65436106159122,71.90174865722656,14817900
2021-11-15 00:00:00-05:00,72.07845291369621,72.09612056585782,71.72503920321142,71.76921844482422,14064500
2021-11-16 00:00:00-05:00,71.76038999972613,71.83990455535917,71.58367975253049,71.61019134521484,12167900
2021-11-17 00:00:00-05:00,71.45998842369062,71.59251942847364,71.38931106317234,71.52183532714844,10415400
2021-11-18 00:00:00-05:00,71.51300710660806,71.63670091739212,71.25678228689615,71.59252166748047,13236800
2021-11-19 00:00:00-05:00,71.20376239593557,71.27444649605359,70.93870713170323,70.98287963867188,20761900
2021-11-22 00:00:00-05:00,70.88569866841955,71.09774423168028,70.54995255738257,70.567626953125,17802300
2021-11-23 00:00:00-05:00,70.41741931609147,70.67364411976368,70.12585920367047,70.49694061279297,26736800
2021-11-24 00:00:00-05:00,69.49854642362838,70.03749409120331,69.46320437741254,70.0286636352539,20238700
2021-11-26 00:00:00-05:00,68.6768600796456,68.75637462535602,67.90818576708247,68.14673614501953,37776000
2021-11-29 00:00:00-05:00,68.68569564072706,68.74754253892308,68.18208325804329,68.49131774902344,31913600
2021-11-30 00:00:00-05:00,68.3411208818143,68.55316643246469,67.29855404164073,67.89051818847656,52770800
2021-12-01 00:00:00-05:00,68.8182371055853,69.13630884207862,67.49294045046558,67.50177764892578,43883900
2021-12-02 00:00:00-05:00,67.92586481552941,68.55317105322435,67.85518745441969,68.34112548828125,42264500
2021-12-03 00:00:00-05:00,68.56200781226251,68.6503595686893,67.65197191353342,68.05839538574219,46147500
2021-12-06 00:00:00-05:00,68.51782521091481,68.84472733561782,68.27926808881732,68.71219635009766,30884300
2021-12-07 00:00:00-05:00,69.59574299107109,70.17887676279726,69.59574299107109,70.16120910644531,28244900
2021-12-08 00:00:00-05:00,70.21420950580737,70.39975020653344,70.0463364590905,70.2937240600586,21619400
2021-12-09 00:00:00-05:00,69.83430325839667,69.91381782671147,69.65759298301754,69.71060943603516,32026500
2021-12-10 00:00:00-05:00,69.83428159010731,69.92263332997909,69.60456167379617,69.86078643798828,23412200
2021-12-13 00:00:00-05:00,69.56596751293797,69.65585626674228,69.12550781864626,69.20640563964844,27594700
2021-12-14 00:00:00-05:00,68.91875029055214,69.17943244991804,68.53222251743327,68.83785247802734,30040400
2021-12-15 00:00:00-05:00,69.02660797963907,69.79067245101459,68.70300307396255,69.77269744873047,31109400
2021-12-16 00:00:00-05:00,70.11428072733105,70.18619445606527,69.61089834233282,69.78168487548828,44621100
2021-12-17 00:00:00-05:00,69.2693103168578,69.44010370501904,68.85581667116206,68.90076446533203,44476200
2021-12-20 00:00:00-05:00,68.4962724704076,68.79291152868747,68.31649496373196,68.74797058105469,26303400
2021-12-21 00:00:00-05:00,69.08055596092125,69.54798842620299,69.02662408341641,69.51203155517578,22744100
2021-12-22 00:00:00-05:00,69.41315108795636,70.20418166737717,69.37719421733652,70.15924072265625,21609700
2021-12-23 00:00:00-05:00,70.23114419281396,70.73453349895665,70.22216011914946,70.5727310180664,28320000
2021-12-27 00:00:00-05:00,70.60868226402296,71.12105560302734,70.59969133300297,71.12105560302734,15219700
2021-12-28 00:00:00-05:00,71.192966454164,71.36375986273046,71.11206864467756,71.14802551269531,15631300
2021-12-29 00:00:00-05:00,71.05813280202929,71.21094433901442,70.95026220400223,71.12105560302734,15046900
2021-12-30 00:00:00-05:00,71.18681164458394,71.27688595373183,70.88055761903524,70.93460083007812,20617500
2021-12-31 00:00:00-05:00,70.92560236251002,71.23186330789467,70.82651854537649,70.8715591430664,23252200
2022-01-03 00:00:00-05:00,71.2858920286583,71.35795422141345,70.96161903348906,71.3309326171875,24096900
2022-01-04 00:00:00-05:00,71.7723058177727,71.95245443821551,71.54711660610452,71.73627471923828,24314300
2022-01-05 00:00:00-05:00,72.0065002008189,72.09657450563469,71.10574340820312,71.10574340820312,24704100
2022-01-06 00:00:00-05:00,70.87154302023747,71.08772272106278,70.55627952481957,70.74543762207031,32472900
2022-01-07 00:00:00-05:00,70.70940490235837,71.060699485216,70.43917512836236,70.95260620117188,22833900
2022-01-10 00:00:00-05:00,70.1599595435223,70.34010818785988,69.6825594510205,70.29507446289062,45587600
2022-01-11 00:00:00-05:00,70.34010641800039,71.08773633042739,70.14194566310718,71.06071472167969,30847000
2022-01-12 00:00:00-05:00,71.50207765359961,71.80833856204666,71.4300223271087,71.7542953491211,30780700
2022-01-13 00:00:00-05:00,71.96146048213488,72.00650107120168,71.14177536450559,71.23184967041016,24991200
2022-01-14 00:00:00-05:00,70.96162243559957,71.30391443148255,70.71842111367732,71.1597900390625,26136500
2022-01-18 00:00:00-05:00,70.32209105163362,70.49323706209644,69.95278429543937,70.11491394042969,37504600
2022-01-19 00:00:00-05:00,70.46620351744963,70.60131153205393,69.99780615939265,70.05184936523438,34437700
2022-01-20 00:00:00-05:00,70.304074656059,70.66437189706944,69.61949752812629,69.7095718383789,38225400
2022-01-21 00:00:00-05:00,69.49338874083145,69.57445355444894,68.64667514671619,68.7637710571289,60761300
2022-01-24 00:00:00-05:00,67.47569533662269,68.10622234913232,66.25066553612196,68.0792007446289,85455900
2022-01-25 00:00:00-05:00,67.26852833500298,68.12424467632398,66.7460876621693,67.66486358642578,54516800
2022-01-26 00:00:00-05:00,68.49355577578052,68.61065169924814,67.07035821872893,67.40364074707031,55217000
2022-01-27 00:00:00-05:00,67.52974019640152,67.83599421789862,66.82715097322192,67.08837127685547,46252100
2022-01-28 00:00:00-05:00,66.63800042061922,67.32257073649033,66.23265568051215,67.31356811523438,44588300
2022-01-31 00:00:00-05:00,67.29554656829224,68.33141836840949,67.27753445423555,68.2953872680664,38299200
2022-02-01 00:00:00-05:00,68.71874236233441,68.95294107250433,68.23233282839514,68.94393157958984,53240700
2022-02-02 00:00:00-05:00,69.50239990409902,69.54743362200401,69.11507419452434,69.45735931396484,35225900
2022-02-03 00:00:00-05:00,68.80882268773493,69.04302141837059,68.34043209869374,68.35844421386719,46207200
2022-02-04 00:00:00-05:00,68.23233454659461,68.83584001470132,68.02515743772157,68.52057647705078,32188300
2022-02-07 00:00:00-05:00,68.57461209437709,68.98895939398984,68.5115593938323,68.63766479492188,17045500
2022-02-08 00:00:00-05:00,68.62867063212607,69.08805170460673,68.45752462145889,68.98896789550781,27066900
2022-02-09 00:00:00-05:00,69.9527842310464,70.1239233691219,69.8266719424537,70.10591125488281,26858900
2022-02-10 00:00:00-05:00,69.10605543943514,70.16894862518268,69.07002434660306,69.21414184570312,27349500
2022-02-11 00:00:00-05:00,69.1871260637307,69.45735584658726,67.97110578533389,68.16927337646484,51519400
2022-02-14 00:00:00-05:00,67.89004177060859,67.962097090951,67.2595078939526,67.7279052734375,45356000
2022-02-15 00:00:00-05:00,68.52958594248722,69.0069859953407,68.45752374184488,68.97095489501953,30223600
2022-02-16 00:00:00-05:00,68.70072000478105,69.37628762339153,68.66469577935018,69.23217010498047,22557600
2022-02-17 00:00:00-05:00,68.71873980545429,68.75477090354207,68.08820589726221,68.115234375,34691300
2022-02-18 00:00:00-05:00,68.15126887636329,68.33141750356897,67.62882823634536,67.82699584960938,34752000
2022-02-22 00:00:00-05:00,67.21447249351564,67.60179817859496,66.5929481245624,67.03431701660156,32967600
2022-02-23 00:00:00-05:00,67.70989319091584,67.71890268396284,66.34975524669318,66.48486328125,39771800
2022-02-24 00:00:00-05:00,64.05281584561432,65.62914022710375,63.9357199369918,65.59310913085938,72044600
2022-02-25 00:00:00-05:00,66.16958967595946,67.26851400463072,66.11554647036205,67.23248291015625,47641800
2022-02-28 00:00:00-05:00,65.85433873576223,66.80013624727603,65.64716162112106,65.95342254638672,50821600
2022-03-01 00:00:00-05:00,65.67418417368978,65.86334228447356,64.16091241519023,64.51220703125,49003900
2022-03-02 00:00:00-05:00,64.97158898494666,65.50303909892989,64.737397152426,65.32288360595703,43906000
2022-03-03 00:00:00-05:00,65.05265725155986,65.09769096826123,63.84563956496167,64.03479766845703,44389700
2022-03-04 00:00:00-05:00,62.25130337419061,62.40443038178156,61.638788471597785,62.17924118041992,54455500
2022-03-07 00:00:00-05:00,61.7829055131671,61.88198931078479,59.936358199498144,60.206581115722656,55499400
2022-03-08 00:00:00-05:00,60.792071863407195,61.91801781443015,59.94536518135346,60.72901916503906,56682500
2022-03-09 00:00:00-05:00,62.63863038159887,63.69251421661259,62.28733576992764,63.26915740966797,55565000
2022-03-10 00:00:00-05:00,62.37741636881064,62.92687863678361,62.143217646667274,62.51253128051758,33804200
2022-03-11 00:00:00-05:00,63.01694523934852,63.10701954538301,61.746881718135434,61.83695602416992,32380700
2022-03-14 00:00:00-04:00,62.77374781562535,63.20610726027378,62.278328793393314,62.40443420410156,32048200
2022-03-15 00:00:00-04:00,62.737719189616065,63.14305704398084,62.43145827137379,62.998939514160156,36961200
2022-03-16 00:00:00-04:00,64.31404367320104,65.3048748831897,63.7555719243352,65.25983428955078,44821400
2022-03-17 00:00:00-04:00,64.98060097150582,65.94441056115467,64.92655775765455,65.80929565429688,35025600
2022-03-18 00:00:00-04:00,65.25983088644924,66.502879734873,65.14273497021587,66.4488296508789,36684100
2022-03-21 00:00:00-04:00,66.25965877310358,66.40378313968434,65.69218454220497,66.03446960449219,29985700
2022-03-22 00:00:00-04:00,66.43983374762497,66.78211891045638,66.38578365816628,66.65601348876953,21840800
2022-03-23 00:00:00-04:00,65.91738806591522,66.22364210325145,65.78227316087825,65.7912826538086,22375800
2022-03-24 00:00:00-04:00,66.00746572209877,66.40380096435547,65.89937929037778,66.40380096435547,22098200
2022-03-25 00:00:00-04:00,66.3497602741204,66.52990891533274,65.98044662573591,66.43983459472656,18372100
2022-03-28 00:00:00-04:00,66.01647021530074,66.26868103318677,65.71921880612248,66.22364044189453,24829900
2022-03-29 00:00:00-04:00,67.71890851109201,67.89905715415577,67.09738400973067,67.69188690185547,25591200
2022-03-30 00:00:00-04:00,67.4486821669363,67.68288091283078,67.16044019977022,67.41265106201172,22487000
2022-03-31 00:00:00-04:00,66.9262339657832,67.17844477390797,66.22363787885537,66.29570007324219,31677200
2022-04-01 00:00:00-04:00,66.71004398907024,66.93523318090182,66.42180209841499,66.91722106933594,23182800
2022-04-04 00:00:00-04:00,66.77310687213388,67.21448270344715,66.70105154265175,67.18745422363281,20875700
2022-04-05 00:00:00-04:00,66.75509476211859,66.99829610262478,66.10654869112902,66.27769470214844,27759400
2022-04-06 00:00:00-04:00,65.44899927030781,65.83631813770447,65.11571674525219,65.48502349853516,30692700
2022-04-07 00:00:00-04:00,65.54807869346293,65.84533012934052,65.07067862069405,65.629150390625,27838500
2022-04-08 00:00:00-04:00,65.38594387146156,65.92640354064781,65.29586955067391,65.65617370605469,21937200
2022-04-11 00:00:00-04:00,65.37693276887458,65.53005978157209,64.91754485855277,64.96258544921875,22149900
2022-04-12 00:00:00-04:00,65.06166669539321,65.22380319430134,64.31403690197078,64.4761734008789,28916200
2022-04-13 00:00:00-04:00,64.46716481392869,65.20578512549797,64.46716481392869,65.16975402832031,20164900
2022-04-14 00:00:00-04:00,65.29586968541155,65.41297248768429,64.83648858677755,64.87251281738281,19861900
2022-04-18 00:00:00-04:00,64.58426070817251,64.97158641244155,64.37709048974318,64.49418640136719,18508900
2022-04-19 00:00:00-04:00,64.1158684732322,64.88151036892678,64.1158684732322,64.80044555664062,24863500
2022-04-20 00:00:00-04:00,65.30488081098717,65.44900522593026,65.03465096908405,65.23281860351562,30249800
2022-04-21 00:00:00-04:00,65.83630692844642,65.95340970305148,64.41311649996724,64.53021240234375,32960800
2022-04-22 00:00:00-04:00,64.43114138357886,64.44015087700262,63.413288538052164,63.476341247558594,34878400
2022-04-25 00:00:00-04:00,62.79175824093669,63.22412454619067,62.29634610425299,63.170074462890625,37193600
2022-04-26 00:00:00-04:00,62.66565541881944,62.70168651842947,61.36856332177669,61.40459442138672,41284200
2022-04-27 00:00:00-04:00,61.63879348310179,62.10718403623543,61.31452045699788,61.683834075927734,43593100
2022-04-28 00:00:00-04:00,62.07115353458241,62.710690029135634,61.521691344346884,62.55755615234375,32154000
2022-04-29 00:00:00-04:00,62.782741836894935,63.161064889430364,61.76488919781344,61.82794189453125,54305300
2022-05-02 00:00:00-04:00,61.602757752076926,61.918021261468645,60.945209128521206,61.67481994628906,45813900
2022-05-03 00:00:00-04:00,62.089168089154015,62.3684005051926,61.88199099606691,62.13420867919922,39643500
2022-05-04 00:00:00-04:00,62.15221831785063,63.33220750998933,61.43161013918689,63.22412109375,47419100
2022-05-05 00:00:00-04:00,62.31436163459486,62.35039273469446,60.72902759136099,61.18841552734375,38827000
2022-05-06 00:00:00-04:00,60.74704792886965,60.972237155329296,60.21559778086536,60.59391403198242,48268900
2022-05-09 00:00:00-04:00,59.4859775760632,59.58506136997617,58.64827350985367,58.7653694152832,50145000
2022-05-10 00:00:00-04:00,59.81025823767966,59.84628933756603,58.7653769576638,59.20675277709961,57682400
2022-05-11 00:00:00-04:00,59.368879985858904,60.14352445920568,58.78338673086892,58.85544204711914,49751100
2022-05-12 00:00:00-04:00,58.48614500653945,59.2698059730192,58.21591519127618,58.711334228515625,39410900
2022-05-13 00:00:00-04:00,59.57605576720451,60.368719298024274,59.55804365451212,60.341697692871094,34682200
2022-05-16 00:00:00-04:00,60.071478924397724,60.66597489557795,59.87331130992776,60.395751953125,21254300
2022-05-17 00:00:00-04:00,61.39558877703975,61.56672790147214,61.0532967837165,61.52169418334961,31487000
2022-05-18 00:00:00-04:00,60.99023939312563,61.08031369467722,59.96337723653435,60.05345153808594,23553000
2022-05-19 00:00:00-04:00,59.9813864679668,60.98122697330846,59.9633743574128,60.62993240356445,35999600
2022-05-20 00:00:00-04:00,61.32353176371753,61.386584472200944,60.269647833824905,61.04429244995117,36357000
2022-05-23 00:00:00-04:00,61.692832527098155,62.215273130758845,61.58474610718845,62.08015823364258,23838500
2022-05-24 00:00:00-04:00,61.88199148576503,62.188252381591816,61.55771847711513,61.981075286865234,19504600
2022-05-25 00:00:00-04:00,61.557716322695754,62.27832451052637,61.557716322695754,61.99909210205078,18826400
2022-05-26 00:00:00-04:00,62.08917027861672,62.83680011746424,62.080160785844136,62.68366622924805,20930500
2022-05-27 00:00:00-04:00,63.08900539504632,63.45831209952639,63.05297429935066,63.44029998779297,13697600
2022-05-31 00:00:00-04:00,63.22412916254377,63.476339995595076,62.908858748999855,63.06199264526367,25025200
2022-06-01 00:00:00-04:00,63.43128788361336,63.4673189778252,62.206258169324855,62.395416259765625,28336400
2022-06-02 00:00:00-04:00,62.899849002099025,63.71053149665779,62.67465980206765,63.69251251220703,21642000
2022-06-03 00:00:00-04:00,62.8818406199182,63.05298663991161,62.602608163912244,62.78275680541992,21327200
2022-06-06 00:00:00-04:00,63.512369375493144,63.602443688823804,62.89985442372319,63.034969329833984,15192300
2022-06-07 00:00:00-04:00,62.40442911871427,63.25114269780983,62.39541962661802,63.22412109375,19039600
2022-06-08 00:00:00-04:00,62.530531535224725,62.80076130738564,62.26931125473013,62.341373443603516,21219400
2022-06-09 00:00:00-04:00,62.00809255225008,62.15540542698741,61.00454993409389,61.032169342041016,25675700
2022-06-10 00:00:00-04:00,59.899723124706476,59.96417074991594,59.37493331249678,59.55907440185547,34102000
2022-06-13 00:00:00-04:00,58.030738068708146,58.34377091307224,57.48753411855081,57.588809967041016,54218000
2022-06-14 00:00:00-04:00,57.570398383777835,57.754535978920345,56.548438067262786,57.04560852050781,38601700
2022-06-15 00:00:00-04:00,57.67166978293903,58.43583951452001,56.95353708068778,58.11359786987305,37790700
2022-06-16 00:00:00-04:00,56.70495559912061,57.24815956686025,56.47478448587725,56.8338508605957,38025300
2022-06-17 00:00:00-04:00,56.787817249709626,57.082435993220166,56.27223269249995,56.60367965698242,43097500
2022-06-21 00:00:00-04:00,57.60722452951243,57.79136211802004,57.43229575210301,57.45991516113281,31891400
2022-06-22 00:00:00-04:00,56.815432911047495,57.60722204904448,56.73257117539357,57.07322692871094,30368200
2022-06-23 00:00:00-04:00,56.94432617957383,57.08243023822884,56.41033107784748,57.00877380371094,26482500
2022-06-24 00:00:00-04:00,57.809773484683184,58.73045787139717,57.76373996777393,58.71204376220703,31235000
2022-06-27 00:00:00-04:00,58.61076837743694,58.86855888385651,58.39901138828768,58.46345901489258,20987600
2022-06-28 00:00:00-04:00,58.9422133046953,59.12635440271355,58.049151808166926,58.06756591796875,19187400
2022-06-29 00:00:00-04:00,58.095188925645594,58.270121223533955,57.809778986366766,57.84660720825195,18226800
2022-06-30 00:00:00-04:00,56.81543312024851,57.62563637049987,56.59447083244593,57.5335693359375,37316200
2022-07-01 00:00:00-04:00,56.815436009962944,57.68088163224888,56.62209312026893,57.67167282104492,26046600
2022-07-05 00:00:00-04:00,55.84871648519153,56.45636805873437,55.61854538139299,56.43795394897461,30911300
2022-07-06 00:00:00-04:00,56.34588915507953,56.61288848902514,56.03285630096838,56.48398971557617,18030000
2022-07-07 00:00:00-04:00,56.953543233630775,57.34943784613754,56.94433442191706,57.34022903442383,17215100
2022-07-08 00:00:00-04:00,57.19291372559877,57.59801710781219,56.94432851709478,57.40467071533203,13135200
2022-07-11 00:00:00-04:00,56.686541855171555,56.85226533874903,56.428751330554356,56.47478485107422,15757900
2022-07-12 00:00:00-04:00,56.38271062594695,56.9259145279861,56.33667359916048,56.465572357177734,16350500
2022-07-13 00:00:00-04:00,55.775063558284806,56.66812505277315,55.71061241805948,56.43795394897461,17907500
2022-07-14 00:00:00-04:00,55.23185876962328,55.69220097019242,54.817550086684605,55.64616394042969,25329100
2022-07-15 00:00:00-04:00,56.05126915648392,56.566850190206196,55.8026839385968,56.530025482177734,28570100
2022-07-18 00:00:00-04:00,57.32180738715427,57.469116746013654,56.668122326724045,56.76019287109375,23785600
2022-07-19 00:00:00-04:00,57.83739478142709,58.32535639844049,57.78215245205239,58.30694580078125,25474500
2022-07-20 00:00:00-04:00,58.12280543956494,58.29773420603329,57.62563503533007,57.92025375366211,18738200
2022-07-21 00:00:00-04:00,57.79135815296659,58.58314727073216,57.71770171776415,58.518699645996094,19165500
2022-07-22 00:00:00-04:00,58.7672858621106,59.09873280198475,58.14122020059992,58.37139129638672,18771500
2022-07-25 00:00:00-04:00,58.81332353996674,58.89618528079786,58.50949598620848,58.82252883911133,17451300
2022-07-26 00:00:00-04:00,58.38980236589365,58.44504469369713,58.003116607666016,58.003116607666016,11610000
2022-07-27 00:00:00-04:00,58.59235481287814,59.439382777350595,58.39901193126582,59.374935150146484,20945500
2022-07-28 00:00:00-04:00,59.28286596885121,59.78924518159988,58.93300843730213,59.67876052856445,19385400
2022-07-29 00:00:00-04:00,59.78924494330436,60.54420584204341,59.62352147654388,60.50737762451172,23958000
2022-08-01 00:00:00-04:00,60.4889608203049,60.83882537944754,60.29561794385128,60.59023666381836,19450500
2022-08-02 00:00:00-04:00,60.10227650949276,60.26799998246714,59.60510609056964,59.6235237121582,17857700
2022-08-03 00:00:00-04:00,59.8905266278467,60.08386952055073,59.522251440868324,59.973384857177734,16011100
2022-08-04 00:00:00-04:00,60.08386354741526,60.38768404902354,60.01020711248903,60.27720642089844,15153600
2022-08-05 00:00:00-04:00,59.531456780059216,59.95497076189027,59.44859153129632,59.853694915771484,15130400
2022-08-08 00:00:00-04:00,60.332447130653755,60.544207631654295,59.88131374501804,59.991798400878906,12069100
2022-08-09 00:00:00-04:00,59.964174400709325,60.06545024995649,59.568279814815334,59.6695556640625,10867800
2022-08-10 00:00:00-04:00,60.92168113972597,61.21629984778632,60.70992767494788,61.01374816894531,16870800
2022-08-11 00:00:00-04:00,61.25314042758513,61.44648333524908,60.89407402417131,60.9953498840332,11539400
2022-08-12 00:00:00-04:00,61.03217811901925,61.474102758255,60.884865223097,61.464900970458984,13680300
2022-08-15 00:00:00-04:00,60.94010398682055,61.14265568303395,60.8204105167319,61.09661865234375,15733100
2022-08-16 00:00:00-04:00,60.71913493065916,61.18868595351979,60.71913493065916,61.07820129394531,13497100
2022-08-17 00:00:00-04:00,60.4889608203049,60.92168360181436,60.277207346969,60.59023666381836,14822100
2022-08-18 00:00:00-04:00,60.5165861412757,60.54420554822437,60.17593039895893,60.3876838684082,14303900
2022-08-19 00:00:00-04:00,59.81686490269331,59.88131252790277,59.420970340902535,59.55907440185547,20257600
2022-08-22 00:00:00-04:00,58.91459319966356,58.93300730814998,58.3990086984399,58.54631805419922,20062200
2022-08-23 00:00:00-04:00,58.399015309570935,59.006663397752085,58.325358867286866,58.573944091796875,19101400
2022-08-24 00:00:00-04:00,58.325356612266255,58.840941151923346,58.26090898382566,58.64759826660156,12086600
2022-08-25 00:00:00-04:00,58.79490569741207,59.31048670796038,58.666010444775,59.292076110839844,13980500
2022-08-26 00:00:00-04:00,59.31969662047925,59.38414424799486,57.69929009746081,57.73611831665039,19338300
2022-08-29 00:00:00-04:00,57.478332060868,57.8466072557572,57.42308972799485,57.60722732543945,16199700
2022-08-30 00:00:00-04:00,57.99391099970197,58.05835862572941,57.07322661401592,57.19291305541992,24907400
2022-08-31 00:00:00-04:00,57.192914402970885,57.40467139521213,56.787814528091864,56.80622863769531,32178200
2022-09-01 00:00:00-04:00,55.97760941194242,56.09729936433396,55.452819598090784,56.042057037353516,33526300
2022-09-02 00:00:00-04:00,56.520810243209176,56.93511889257021,55.49885007882928,55.67378234863281,28234000
2022-09-06 00:00:00-04:00,55.940782549499026,56.06047250479087,55.34233979730431,55.535682678222656,21862300
2022-09-07 00:00:00-04:00,55.09375380895781,56.03285230430809,55.084548510434274,56.023643493652344,21289000
2022-09-08 00:00:00-04:00,55.39758425168221,56.13413465570449,55.29631190765514,56.06047821044922,17589900
2022-09-09 00:00:00-04:00,57.13767602060793,57.5427758985662,57.10084780112109,57.48753356933594,22655100
2022-09-12 00:00:00-04:00,58.20566670900507,58.54631894083261,58.14121908439262,58.28852844238281,22338600
2022-09-13 00:00:00-04:00,57.202121871408096,57.52436000157539,56.216989859602684,56.263023376464844,26513900
2022-09-14 00:00:00-04:00,56.43795381724928,56.68653903022738,56.11571567753636,56.44716262817383,19052800
2022-09-15 00:00:00-04:00,56.032854872583584,56.530025306815546,55.857922583428426,55.94999313354492,23181900
2022-09-16 00:00:00-04:00,55.46203890941302,55.81189651013203,55.29631540922703,55.60934829711914,31914300
2022-09-19 00:00:00-04:00,54.974067378426,55.83951300465429,54.96486207931253,55.80268478393555,19597500
2022-09-20 00:00:00-04:00,55.02931034351007,55.14900030615875,54.53213989447632,54.8543815612793,23429600
2022-09-21 00:00:00-04:00,54.808341102085684,55.27789211197136,54.0902083953573,54.1362419128418,22678800
2022-09-22 00:00:00-04:00,54.34800420133856,54.45848886863115,53.7219384685443,53.979732513427734,25400900
2022-09-23 00:00:00-04:00,52.74601031863079,52.801249135075295,51.843740024670275,52.2580451965332,33958900
2022-09-26 00:00:00-04:00,51.724056301630014,52.19360385865076,51.20847170918162,51.484676361083984,41892400
2022-09-27 00:00:00-04:00,51.73325414217926,52.00946226638874,50.84019268020046,51.13481140136719,38742700
2022-09-28 00:00:00-04:00,51.11639518923112,52.506627003031,50.95987702447646,52.368526458740234,35116000
2022-09-29 00:00:00-04:00,51.567529448314176,51.78849524000968,51.04273964418598,51.75166702270508,30971600
2022-09-30 00:00:00-04:00,51.52149806822066,52.202806068066316,51.45705044133242,51.56753158569336,38527600
2022-10-03 00:00:00-04:00,52.10153118181685,52.81045860277486,51.889774187837034,52.58949279785156,37451600
2022-10-04 00:00:00-04:00,53.97972800106594,54.780722455249865,53.96131389138982,54.69786071777344,32480200
2022-10-05 00:00:00-04:00,53.78638142037591,54.42165590955238,53.482557392096446,54.117828369140625,28550700
2022-10-06 00:00:00-04:00,53.48255798913079,53.74955731329762,53.11428281702948,53.169525146484375,28668800
2022-10-07 00:00:00-04:00,52.920941099230205,52.98538872894938,52.14756603046766,52.3224983215332,22200000
2022-10-10 00:00:00-04:00,52.29487331231539,52.35011564078308,51.724049966678265,52.02787399291992,26510200
2022-10-11 00:00:00-04:00,51.68722525421564,52.28567156075197,51.29133065366992,51.457054138183594,26577200
2022-10-12 00:00:00-04:00,51.3189475344006,51.5951521386968,51.14401525904507,51.291324615478516,24455800
2022-10-13 00:00:00-04:00,50.39826674099611,52.58949313381116,50.278576782892515,52.35011672973633,48010100
2022-10-14 00:00:00-04:00,52.68156237647339,52.84728584908092,51.51229276957902,51.56753158569336,28145900
2022-10-17 00:00:00-04:00,52.690775788685166,53.07746512169104,52.68157048862605,52.83808517456055,32731000
2022-10-18 00:00:00-04:00,53.62066816567432,53.675906989290205,52.82887891394103,53.2155647277832,26876700
2022-10-19 00:00:00-04:00,52.71838905734315,52.939354866471895,52.21201332191642,52.56187438964844,22958200
2022-10-20 00:00:00-04:00,52.607907927113196,53.21555951226276,52.322498000716095,52.44218444824219,25989700
2022-10-21 00:00:00-04:00,51.96342781354459,53.40890208346561,51.76087962778431,53.3904914855957,37761800
2022-10-24 00:00:00-04:00,53.19714465385287,53.62986745505498,52.93014884132296,53.399696350097656,20327600
2022-10-25 00:00:00-04:00,53.78638162073144,54.62420780663667,53.77717632195692,54.57817077636719,21583300
2022-10-26 00:00:00-04:00,54.55975896256214,55.47123811341546,54.541348364238395,55.09375762939453,27095500
2022-10-27 00:00:00-04:00,54.90041242759204,55.314721115091245,54.55055136791134,54.57817077636719,20349600
2022-10-28 00:00:00-04:00,54.495310341990745,55.121376037597656,54.3940380045202,55.121376037597656,19235500
2022-10-31 00:00:00-04:00,54.504517153380384,54.72547944246857,54.42165541693925,54.60579299926758,27032700
2022-11-01 00:00:00-04:00,55.70140708602047,55.71982119576925,54.78992797018373,55.03851318359375,42687000
2022-11-02 00:00:00-04:00,55.12137837578166,55.83951465245937,54.23752212524414,54.23752212524414,30497700
2022-11-03 00:00:00-04:00,53.500971284515096,54.034966412587536,53.45493776673628,53.77717590332031,23604200
2022-11-04 00:00:00-04:00,55.397577151881315,55.99602340041888,55.04771961815465,55.931575775146484,33756400
2022-11-07 00:00:00-05:00,56.13412926804208,56.35509155833507,55.894749356070356,56.10650634765625,19904600
2022-11-08 00:00:00-05:00,56.49319792130169,57.0916407013036,56.36430266136689,56.741783142089844,19882900
2022-11-09 00:00:00-05:00,56.34588771871492,56.75098760283039,55.94078432246709,55.94999313354492,22418600
2022-11-10 00:00:00-05:00,58.25170819805326,59.08953094482422,57.92946651875206,59.08953094482422,29640900
2022-11-11 00:00:00-05:00,59.62351772144718,60.36006095290066,59.393346644568496,60.26799392700195,24071300
2022-11-14 00:00:00-05:00,59.780033811672425,60.16671954434429,59.632720947265625,59.632720947265625,21599900
2022-11-15 00:00:00-05:00,60.59944854556529,60.7007243942114,59.476212423682725,60.028621673583984,34956600
2022-11-16 00:00:00-05:00,60.12069309922866,60.22196894343394,59.71558972240754,59.89052200317383,22730400
2022-11-17 00:00:00-05:00,59.12636020343151,59.89973181818746,59.10794257969046,59.8629035949707,21271100
2022-11-18 00:00:00-05:00,60.13911203226293,60.14832084417561,59.78004563458749,59.98259735107422,18431100
2022-11-21 00:00:00-05:00,59.47621015378537,59.64193362485741,59.26445667779936,59.531455993652344,21877400
2022-11-22 00:00:00-05:00,59.90893965500113,60.37849071304091,59.81687261059035,60.36007308959961,14698700
2022-11-23 00:00:00-05:00,60.470551429915055,61.115027697618835,60.470551429915055,61.0229606628418,13400800
2022-11-25 00:00:00-05:00,61.096618619372805,61.46489379190164,61.096618619372805,61.33599853515625,10934400
2022-11-28 00:00:00-05:00,61.03216629263815,61.289956786283774,60.50737649506981,60.54420471191406,18618500
2022-11-29 00:00:00-05:00,60.691519688397534,61.059794887997064,60.571833233840394,60.719139099121094,17666900
2022-11-30 00:00:00-05:00,61.19789088538755,62.00809059811661,60.608653453536554,61.79633712768555,41966500
2022-12-01 00:00:00-05:00,62.486857085810016,62.661782357428926,62.07254486254785,62.39478302001953,24209700
2022-12-02 00:00:00-05:00,61.814744845889,62.54208630351896,61.814744845889,62.3487434387207,36230700
2022-12-05 00:00:00-05:00,62.136990727572744,62.31192301848358,61.354410360456356,61.52934265136719,26304900
2022-12-06 00:00:00-05:00,61.658235249282825,61.787130503043564,60.9953413589336,61.25313186645508,25663000
2022-12-07 00:00:00-05:00,61.28075127450887,61.51092237397655,61.0229607669874,61.25313186645508,23274300
2022-12-08 00:00:00-05:00,61.24392077739351,61.63061354855516,61.05978671437501,61.566165924072266,20080400
2022-12-09 00:00:00-05:00,61.7134706375534,62.07253697083769,61.56616479469364,61.60299301147461,25772900
2022-12-12 00:00:00-05:00,61.5937931797951,61.78713607788086,61.39124147010569,61.78713607788086,18725400
2022-12-13 00:00:00-05:00,63.458404512055615,63.57857083557338,62.43234673820743,62.6634407043457,29377300
2022-12-14 00:00:00-05:00,62.7558752881143,63.162602914975444,62.20125119393963,62.60797882080078,23707700
2022-12-15 00:00:00-05:00,61.83150597188487,61.94243362339682,60.796202381726204,61.008811950683594,25617500
2022-12-16 00:00:00-05:00,60.50964739219537,60.78696299152836,60.204601643414804,60.47267150878906,23998700
2022-12-19 00:00:00-05:00,60.66679027934745,60.749987781040375,60.16762642647609,60.32477569580078,21180700
2022-12-20 00:00:00-05:00,60.454181036857165,60.87014734175551,60.370983544420724,60.565101623535156,21440600
2022-12-21 00:00:00-05:00,60.93485569420427,61.36931348175222,60.85166525102014,61.19367980957031,17112200
2022-12-22 00:00:00-05:00,60.9625856531592,60.97183138651599,60.18611330946545,60.694522857666016,21251200
2022-12-23 00:00:00-05:00,60.59284296008595,60.999563559723875,60.463430898506374,60.907127380371094,12536600
2022-12-27 00:00:00-05:00,60.95334674805686,61.230655275886946,60.842419105467926,60.99956130981445,16247400
2022-12-28 00:00:00-05:00,61.128977118722595,61.3138565343854,60.35250473022461,60.35250473022461,14526900
2022-12-29 00:00:00-05:00,61.04578327625125,61.47099532998684,61.00880739517491,61.30460739135742,17455400
2022-12-30 00:00:00-05:00,60.96257962449406,61.17518915610586,60.611319368382716,60.676025390625,25629000
2023-01-03 00:00:00-05:00,61.43401787556502,61.77603947744072,60.916369658609824,61.2121696472168,25179300
2023-01-04 00:00:00-05:00,62.09957890755767,62.22899098116573,61.66512106654671,62.02562713623047,26751400
2023-01-05 00:00:00-05:00,61.443267844348256,61.646631672864864,61.286125632286705,61.40629196166992,17376900
2023-01-06 00:00:00-05:00,61.77603783170351,63.01469804711307,61.41553182558116,62.97772216796875,17951400
2023-01-09 00:00:00-05:00,63.45839810466719,63.83738850360469,63.2088126970787,63.24578857421875,23392800
2023-01-10 00:00:00-05:00,63.162609453329,63.439918002908264,63.01470591827709,63.43067932128906,18811500
2023-01-11 00:00:00-05:00,63.73570515683343,63.920584538334204,63.5415870955781,63.911338806152344,17732700
2023-01-12 00:00:00-05:00,64.43825171688476,64.96514576789635,63.78194558684786,64.8542251586914,19767100
2023-01-13 00:00:00-05:00,64.53067628230805,65.21471949383258,64.53067628230805,65.19622802734375,18092100
2023-01-17 00:00:00-05:00,65.42731205227228,65.68613612437258,65.22394826635718,65.39958190917969,25184100
2023-01-18 00:00:00-05:00,66.13910035125528,66.25926668280637,65.16850280761719,65.16850280761719,35935300
2023-01-19 00:00:00-05:00,64.96512870788797,65.20546838543382,64.72478903034214,65.06681060791016,23519000
2023-01-20 00:00:00-05:00,65.03908501538982,65.65841513892848,64.87269708120037,65.63993072509766,28289500
2023-01-23 00:00:00-05:00,65.35337357652925,65.91724344203153,65.3256434278043,65.90800476074219,24252900
2023-01-24 00:00:00-05:00,65.54750527537236,65.96347165268857,65.32564995853649,65.82481384277344,12996500
2023-01-25 00:00:00-05:00,65.61220935727766,66.31473001569672,65.56598773787397,66.25926971435547,14250500
2023-01-26 00:00:00-05:00,66.31472778320312,66.38867955078784,65.77859509928575,66.31472778320312,13272300
2023-01-27 00:00:00-05:00,65.90800183639574,66.33321388697807,65.8248043414839,66.18531036376953,13986800
2023-01-30 00:00:00-05:00,65.94497367839038,66.25001941962718,65.76010131835938,65.76010131835938,14111500
2023-01-31 00:00:00-05:00,65.57522925231422,66.1760679513229,65.44581718922664,66.13909912109375,23544400
2023-02-01 00:00:00-05:00,66.08363027858171,66.96179160390638,65.57522777148377,66.73069763183594,27861400
2023-02-02 00:00:00-05:00,66.90632210357406,66.95254371747322,66.2222859429208,66.63825225830078,15588000
2023-02-03 00:00:00-05:00,65.99119075158472,66.55506057901786,65.87102443108002,66.0189208984375,18589800
2023-02-06 00:00:00-05:00,65.37186161699783,65.51975808658727,65.01135559761519,65.34413146972656,18409500
2023-02-07 00:00:00-05:00,65.03908807620583,65.98194837936606,64.90967601601577,65.89875793457031,19440100
2023-02-08 00:00:00-05:00,65.79707300449667,65.89875491175728,65.37186096160141,65.49202728271484,18281400
2023-02-09 00:00:00-05:00,66.43489177991265,66.49035207154905,65.49202450752739,65.61219787597656,10875300
2023-02-10 00:00:00-05:00,65.37186706436644,65.41808162952687,65.0390911645252,65.32564544677734,16681200
2023-02-13 00:00:00-05:00,65.41807899234084,65.98194885253906,65.34413428057935,65.98194885253906,11806300
2023-02-14 00:00:00-05:00,65.67690739827708,66.39791943766197,65.50127372883735,66.10211944580078,14082900
2023-02-15 00:00:00-05:00,65.28866490955805,65.80632019042969,65.23320461434716,65.80632019042969,14031200
2023-02-16 00:00:00-05:00,65.2332020853416,65.88026234581025,65.15925032630865,65.48278045654297,13151000
2023-02-17 00:00:00-05:00,65.17775088959687,65.72312932062447,65.06682323556447,65.64917755126953,13768200
2023-02-21 00:00:00-05:00,65.18697808641139,65.41807203560836,64.88193943331642,64.92815399169922,14419700
2023-02-22 00:00:00-05:00,64.81723526293712,64.92815584816948,64.42899205734028,64.5676498413086,12991700
2023-02-23 00:00:00-05:00,64.84496847673293,64.97438053391109,64.30882878132161,64.90042877197266,25783700
2023-02-24 00:00:00-05:00,63.80041722528961,64.03151118475193,63.560084585196925,63.81890869140625,25120200
2023-02-27 00:00:00-05:00,64.55841282855332,64.74329224962607,64.37354045990938,64.576904296875,19736300
2023-02-28 00:00:00-05:00,64.39203008133639,64.5399265615238,64.07773860074164,64.10546875,28408000
2023-03-01 00:00:00-05:00,64.61386716728595,64.76176362192768,64.20713957527325,64.44747924804688,20961000
2023-03-02 00:00:00-05:00,63.99454998846066,64.63236459698241,63.976058520138984,64.576904296875,20540100
2023-03-03 00:00:00-05:00,64.93740586367645,65.55673601349456,64.7617721889051,65.51976013183594,23663300
2023-03-06 00:00:00-05:00,65.37186213311614,65.63068624626219,65.27942595733943,65.3533706665039,22289600
2023-03-07 00:00:00-05:00,65.26093133571798,65.31639868044499,64.18865905417597,64.26260375976562,26319800
2023-03-08 00:00:00-05:00,64.46597281470129,64.80799443404685,64.30883060544592,64.61387634277344,21016200
2023-03-09 00:00:00-05:00,64.73404078611345,64.95588901933704,64.03151315307255,64.14244079589844,25914100
2023-03-10 00:00:00-05:00,64.16093603000503,64.30883251002892,63.393702323372075,63.45840835571289,31703800
2023-03-13 00:00:00-04:00,62.792847094754734,63.54158922069915,62.68191946214435,63.02394104003906,27005100
2023-03-14 00:00:00-04:00,63.68025520439687,63.87437329715908,63.37520946472978,63.86512756347656,18054000
2023-03-15 00:00:00-04:00,61.49871912865213,61.97939848059172,61.07350711881478,61.88695526123047,37928500
2023-03-16 00:00:00-04:00,61.572676237489176,62.84831237792969,61.51721594299162,62.84831237792969,33179100
2023-03-17 00:00:00-04:00,62.284439755000335,62.42309753746691,61.84998904683246,62.09956741333008,23846200
2023-03-20 00:00:00-04:00,62.79285956053292,63.28277769340693,62.681931905900925,63.07017517089844,24003200
2023-03-21 00:00:00-04:00,63.99454005688656,64.08697622686299,63.65251847030331,64.02227020263672,16669400
2023-03-22 00:00:00-04:00,64.12396371529131,64.90968188099053,63.76345765041251,63.8004264831543,16277900
2023-03-23 00:00:00-04:00,64.36429749151932,64.74329503168258,63.523119009886024,63.80967330932617,23067200
2023-03-24 00:00:00-04:00,63.35672686377963,63.652526878233346,62.98697508260532,63.61555099487305,27879000
2023-03-27 00:00:00-04:00,64.00378296491533,64.27185281225356,63.85588649366939,64.21639251708984,23269300
2023-03-28 00:00:00-04:00,64.17941933498959,64.39202889610458,64.0869831550203,64.24412536621094,20324500
2023-03-29 00:00:00-04:00,64.87270288407441,65.07606671654443,64.75253655235515,65.02059936523438,29119300
2023-03-30 00:00:00-04:00,65.76934160834378,65.87102351367314,65.6214380906182,65.7785873413086,21615800
2023-03-31 00:00:00-04:00,65.9542164383941,66.25926216587708,65.9542164383941,66.11135864257812,28532600
2023-04-03 00:00:00-04:00,66.26850755681997,66.65674372483168,66.17606432902164,66.63825225830078,20737100
2023-04-04 00:00:00-04:00,66.64749908447266,66.8508629050788,66.45338099728359,66.64749908447266,15364600
2023-04-05 00:00:00-04:00,66.29623800617594,66.48111035775845,65.96346213138487,66.18531036376953,16313900
2023-04-06 00:00:00-04:00,66.19455753754971,66.67522989358118,66.11136004082739,66.49960327148438,13659900
2023-04-10 00:00:00-04:00,66.08362503356811,66.46262250284846,65.98194312973328,66.45337677001953,12854000
2023-04-11 00:00:00-04:00,66.60127959961277,66.78615193972048,66.54581225563827,66.67522430419922,11264100
2023-04-12 00:00:00-04:00,67.27607465097852,67.4239781752578,66.89708421176219,67.1004409790039,13241500
2023-04-13 00:00:00-04:00,67.65506724101945,68.01557323979632,67.5811154842376,67.9601058959961,12233000
2023-04-14 00:00:00-04:00,67.93237866728963,68.11725806718286,67.42397618554621,67.68280029296875,14209900
2023-04-17 00:00:00-04:00,67.49792367018915,67.59036690015321,67.23909955211764,67.56262969970703,17323800
2023-04-18 00:00:00-04:00,67.90465052857247,67.98784802409185,67.74750832333702,67.93238067626953,13753400
2023-04-19 00:00:00-04:00,67.59036790729763,67.79372467993521,67.57187644005796,67.71977996826172,8840800
2023-04-20 00:00:00-04:00,67.56263070643813,67.88616791127674,67.54414629162686,67.71977996826172,12478600
2023-04-21 00:00:00-04:00,67.8029663598546,68.10801207921594,67.50716637356032,68.0617904663086,14053000
2023-04-24 00:00:00-04:00,68.06179308492082,68.2651569056526,68.04330867050349,68.2374267578125,12864900
2023-04-25 00:00:00-04:00,67.92314573857523,67.96011456925653,67.27607836279508,67.28532409667969,12582200
2023-04-26 00:00:00-04:00,67.70129320370815,67.71053893797021,67.15591477353746,67.23910522460938,16928600
2023-04-27 00:00:00-04:00,67.59036603678521,68.08952985201631,67.45170824603854,68.08028411865234,14505700
2023-04-28 00:00:00-04:00,67.5071658615585,68.06178995010028,67.48868144799253,68.05255126953125,16936800
2023-05-01 00:00:00-04:00,68.11724697642308,68.30211929378765,67.93236760663164,67.95085906982422,24499500
2023-05-02 00:00:00-04:00,67.3222977934137,67.33153647456969,66.8601098481931,67.26683044433594,12907200
2023-05-03 00:00:00-04:00,67.51641086476565,67.98784450852295,67.43321337354831,67.44245910644531,13977300
2023-05-04 00:00:00-04:00,67.24834981985366,67.54414983936961,67.07271613399367,67.3038101196289,17411200
2023-05-05 00:00:00-04:00,67.63657882360759,68.3945667337105,67.59036426285708,68.29288482666016,11096900
2023-05-08 00:00:00-04:00,68.43153716089904,68.45002862566818,68.19119748589226,68.31137084960938,7533200
2023-05-09 00:00:00-04:00,67.74750337534236,68.1264937869026,67.71052749697078,68.0340576171875,14835400
2023-05-10 00:00:00-04:00,68.10801819543845,68.11726392933579,67.47019655266502,67.8954086303711,14009800
2023-05-11 00:00:00-04:00,67.50716331906877,67.72901153564453,67.22060907880726,67.72901153564453,14971700
2023-05-12 00:00:00-04:00,67.8122123855625,67.85843399866931,67.35927019731336,67.60884857177734,15823200
2023-05-15 00:00:00-04:00,67.81221096654801,68.13574109424161,67.7382592080958,68.12649536132812,10580600
2023-05-16 00:00:00-04:00,67.77523111639391,67.88615874757302,67.45170100765584,67.47943115234375,13335700
2023-05-17 00:00:00-04:00,67.56262248528695,67.83993804071049,67.31304412734778,67.79371643066406,21491300
2023-05-18 00:00:00-04:00,67.63657214892004,67.71976963394546,67.32228777809074,67.6920394897461,10657000
2023-05-19 00:00:00-04:00,67.98784903347325,68.25591183347673,67.91389727023105,68.08953094482422,15971200
2023-05-22 00:00:00-04:00,67.9970893202906,68.23742903028919,67.98785063898838,68.10801696777344,12122700
2023-05-23 00:00:00-04:00,67.51641545113867,67.6180973626294,67.08195765702891,67.10968780517578,19215100
2023-05-24 00:00:00-04:00,66.45338244729643,66.47187391453406,66.09287641287501,66.12985229492188,21758100
2023-05-25 00:00:00-04:00,66.10212821659259,66.15758851854156,65.76935230004072,66.03742218017578,17393700
2023-05-26 00:00:00-04:00,66.32396512455034,66.73993142282725,66.31471939166504,66.6844711303711,11189800
2023-05-30 00:00:00-04:00,66.48110061544544,66.49959207935079,65.82479469534765,66.00967407226562,13979800
2023-05-31 00:00:00-04:00,65.34413691478446,65.44581883153754,64.82648159701547,65.32564544677734,32754700
2023-06-01 00:00:00-04:00,65.67691158971141,66.35170205838351,65.63068997298437,66.2962417602539,29681600
2023-06-02 00:00:00-04:00,67.1559066772461,67.2575885845834,66.98951874273305,67.1559066772461,18693500
2023-06-05 00:00:00-04:00,67.05422392986158,67.1189299562267,66.72144806500447,66.76766967773438,18029700
2023-06-06 00:00:00-04:00,66.90632277062282,67.35927202358047,66.8785926229781,67.32229614257812,17811900
2023-06-07 00:00:00-04:00,67.06908530349794,67.30441542736986,66.67373241900242,66.73020935058594,29259200
2023-06-08 00:00:00-04:00,67.05025772975947,67.44561058876042,66.93729669217136,67.43619537353516,15781000
2023-06-09 00:00:00-04:00,67.37030345268208,67.47384927538664,67.2102807018496,67.32323455810547,15419000
2023-06-12 00:00:00-04:00,67.54915912371837,67.64328973463601,67.38912918528258,67.61505126953125,15814700
2023-06-13 00:00:00-04:00,68.23631178271201,68.42458016621005,68.13276596721421,68.25514221191406,17620600
2023-06-14 00:00:00-04:00,68.68815341304692,68.8858298429435,68.1327706209237,68.5093002319336,17305800
2023-06-15 00:00:00-04:00,68.49987968450397,69.27176209522194,68.45281797535675,69.23411560058594,14597200
2023-06-16 00:00:00-04:00,69.54475638954634,69.5730020373556,69.05527288643532,69.08351135253906,20036200
2023-06-20 00:00:00-04:00,68.3304405209774,68.45281676234139,68.0292182972961,68.17041778564453,16873000
2023-06-21 00:00:00-04:00,68.05747187438739,68.50930167173097,67.95392604964091,68.27397155761719,11322700
2023-06-22 00:00:00-04:00,67.78448017745161,67.96332615976755,67.71858804045009,67.85037231445312,11313300
2023-06-23 00:00:00-04:00,66.6737277313618,66.97494998147155,66.65489730102091,66.79609680175781,15929700
2023-06-26 00:00:00-04:00,66.88081359863281,67.01259787281755,66.77726778581561,66.88081359863281,12950900
2023-06-27 00:00:00-04:00,67.07849413078881,67.51150065566904,66.88081770736771,67.46443176269531,11034100
2023-06-28 00:00:00-04:00,67.44561298144872,67.64328941796192,67.32323672429396,67.51150512695312,9256500
2023-06-29 00:00:00-04:00,67.20085918746106,67.41736602783203,67.16320551167028,67.41736602783203,6736000
2023-06-30 00:00:00-04:00,68.04805112109874,68.29279643073679,67.9727437671017,68.2457275390625,28381100
2023-07-03 00:00:00-04:00,68.2174866756621,68.32103248833734,68.0668719729693,68.17041778564453,13375500
2023-07-05 00:00:00-04:00,67.68092746008698,67.70916591853475,67.34205159530663,67.40794372558594,15971500
2023-07-06 00:00:00-04:00,66.40074540915126,66.41956865820225,65.8359545754553,66.24072265625,17415300
2023-07-07 00:00:00-04:00,66.30660988094564,67.04083862844566,66.27837141861173,66.73961639404297,16721300
2023-07-10 00:00:00-04:00,66.62666468633671,66.95612542917607,66.59842622005128,66.92788696289062,9486000
2023-07-11 00:00:00-04:00,67.21969655391031,67.54915727395276,67.04084337087082,67.53032684326172,12811300
2023-07-12 00:00:00-04:00,68.42459337992535,68.89525365700459,68.31163232801222,68.8199462890625,16111100
2023-07-13 00:00:00-04:00,69.72360348009977,70.01541051323386,69.69536501646807,69.92127990722656,12707500
2023-07-14 00:00:00-04:00,69.87422348045934,69.93070041199472,69.49769384624402,69.52593231201172,12549100
2023-07-17 00:00:00-04:00,69.21528537933129,69.52592282379408,69.10233153167533,69.44120025634766,15876600
2023-07-18 00:00:00-04:00,69.56359038984102,69.97776655011782,69.49769823831704,69.89305114746094,11519400
2023-07-19 00:00:00-04:00,69.9401150343443,70.08130736198471,69.67653926543635,69.85539245605469,11138700
2023-07-20 00:00:00-04:00,69.70477993481434,69.89304114602741,69.38472725770627,69.49768829345703,14843900
2023-07-21 00:00:00-04:00,69.65770874586599,69.71418567102798,69.4412018965707,69.63888549804688,10318400
2023-07-24 00:00:00-04:00,69.3376600012502,69.62005179548868,69.30000632567754,69.46944427490234,9421100
2023-07-25 00:00:00-04:00,69.35648519747564,69.71418435291271,69.33766195001242,69.54474639892578,9151000
2023-07-26 00:00:00-04:00,69.22470308988021,69.95893185293554,69.18704941206907,69.73301696777344,12325300
2023-07-27 00:00:00-04:00,70.30722685028131,70.30722685028131,69.51651393620175,69.572998046875,12775700
2023-07-28 00:00:00-04:00,70.09072266386923,70.35429125139574,69.94011512029925,70.0718994140625,15891100
2023-07-31 00:00:00-04:00,70.13779002641618,70.32605124718609,69.99659051998614,70.0907211303711,13797600
2023-08-01 00:00:00-04:00,69.40355463953169,69.60123105713461,69.07408676182229,69.21528625488281,16707800
2023-08-02 00:00:00-04:00,68.35868858086562,68.46223439720175,67.85037471386217,67.9256820678711,16805400
2023-08-03 00:00:00-04:00,67.38912797440514,67.92568752857564,67.33265104521041,67.73741912841797,12745700
2023-08-04 00:00:00-04:00,68.08570480886165,68.63167235286957,67.86919796151211,67.9256820678711,14079600
2023-08-07 00:00:00-04:00,68.36810127144082,68.51871598971937,68.05747098297516,68.49988555908203,12940600
2023-08-08 00:00:00-04:00,67.74683268786879,68.1421855459783,67.57739472272115,68.08570861816406,14144400
2023-08-09 00:00:00-04:00,68.17984031159448,68.35869349479633,67.95392541503247,68.06687927246094,12188700
2023-08-10 00:00:00-04:00,68.80111057776597,69.19647063827676,68.29280383741914,68.35869598388672,16788900
2023-08-11 00:00:00-04:00,67.87861480121582,68.12336011675183,67.74683051939753,67.8974380493164,14863700
2023-08-14 00:00:00-04:00,67.21028425835657,67.66211407069915,67.03143106754722,67.59622192382812,9959400
2023-08-15 00:00:00-04:00,67.20086750793591,67.21969793901496,66.63607666455314,66.7584457397461,13863600
2023-08-16 00:00:00-04:00,66.54194654867966,66.80551513210291,66.19365538818163,66.21247863769531,10940100
2023-08-17 00:00:00-04:00,66.41957320861252,66.49488057338598,65.65710588997155,65.7418212890625,14730500
2023-08-18 00:00:00-04:00,65.25233778144614,65.8547823362227,65.24292256542306,65.7418212890625,13617500
2023-08-21 00:00:00-04:00,65.91124965304918,66.06186436062269,65.6194426342562,65.98655700683594,15838400
2023-08-22 00:00:00-04:00,66.29719566758646,66.31601891552519,65.80771222242839,65.86418914794922,10563000
2023-08-23 00:00:00-04:00,66.12776050476322,66.67372808022668,66.11834528954351,66.57959747314453,12670000
2023-08-24 00:00:00-04:00,66.25012557331802,66.45721720541036,65.6382730733964,65.66651153564453,14879000
2023-08-25 00:00:00-04:00,66.08068685149222,66.33484737218583,65.51589606796837,66.10893249511719,11617700
2023-08-28 00:00:00-04:00,66.56077375554308,66.8525808214388,66.54195050491026,66.8055191040039,12320400
2023-08-29 00:00:00-04:00,66.67372928551696,67.6809418810843,66.60783714119779,67.63387298583984,12224400
2023-08-30 00:00:00-04:00,67.69035971796276,67.91627462413405,67.50209131139887,67.59622192382812,12235800
2023-08-31 00:00:00-04:00,67.62445626620736,67.68094037558528,67.12555758721618,67.33264923095703,13375200
2023-09-01 00:00:00-04:00,67.91627312432837,67.944511589263,67.11615216379083,67.29499816894531,17069800
2023-09-05 00:00:00-04:00,67.1255561014924,67.14438653143658,66.70196478991073,66.71138000488281,12085000
2023-09-06 00:00:00-04:00,66.6925595157451,66.83375903455365,66.33486029224188,66.5701904296875,11294600
2023-09-07 00:00:00-04:00,66.36308342709079,66.49486769907634,66.1559918049123,66.35366821289062,13543000
2023-09-08 00:00:00-04:00,66.25953674316406,66.47604357669067,66.17482136159111,66.25953674316406,11813900
2023-09-11 00:00:00-04:00,66.81493201359636,67.00319324024821,66.6360788210833,66.94671630859375,11650900
2023-09-12 00:00:00-04:00,66.60783679889056,66.90905905447374,66.57018311922953,66.6737289428711,7947100
2023-09-13 00:00:00-04:00,66.53252880106302,66.7207900158564,66.33485237101848,66.46663665771484,10047900
2023-09-14 00:00:00-04:00,66.97494951348084,67.4079560461314,66.95611908327152,67.3420639038086,13519800
2023-09-15 00:00:00-04:00,67.48326625329534,67.70918115341294,67.16321356156564,67.19145202636719,13678500
2023-09-18 00:00:00-04:00,66.90905401290485,67.03142307630394,66.67372391903422,66.95611572265625,9121300
2023-09-19 00:00:00-04:00,67.06908068746212,67.1914497580395,66.8431657949712,67.01260375976562,10339900
2023-09-20 00:00:00-04:00,67.33265266428714,67.66211339535383,66.81493071024101,66.85257720947266,14523400
2023-09-21 00:00:00-04:00,66.22189676236135,66.35368105986213,65.7418212890625,65.7418212890625,17619900
2023-09-22 00:00:00-04:00,66.0995239571964,66.3254388570844,65.74181758552646,65.79830169677734,14714800
2023-09-25 00:00:00-04:00,65.25233923012513,65.54414629796878,65.10173167894011,65.5064926147461,16853100
2023-09-26 00:00:00-04:00,64.98876246750274,65.18643889331688,64.60281764921929,64.6593017578125,17756900
2023-09-27 00:00:00-04:00,64.90403298925747,64.95110187779258,64.08508890969766,64.53691864013672,16390400
2023-09-28 00:00:00-04:00,64.59341143341392,65.26174808664983,64.50868885899258,65.06407165527344,19507400
2023-09-29 00:00:00-04:00,65.65709875217551,65.66651396717504,64.71577833995795,64.87580108642578,20292800
2023-10-02 00:00:00-04:00,64.45220499522654,64.50868191762694,63.708561062902646,63.92506790161133,23671400
2023-10-03 00:00:00-04:00,63.35086867133152,63.52971467189904,62.90844691415522,63.12494659423828,19913200
2023-10-04 00:00:00-04:00,63.28497248678599,63.322618982192715,62.71076647882154,63.2379035949707,19586200
2023-10-05 00:00:00-04:00,63.605020344295305,63.887419342320875,63.388513488248385,63.79328155517578,18327200
2023-10-06 00:00:00-04:00,63.6709157823763,64.64988992938478,63.284978125580714,64.49927520751953,17758900
2023-10-09 00:00:00-04:00,63.896822261658464,64.48044345940531,63.83093012495352,64.40513610839844,11015700
2023-10-10 00:00:00-04:00,65.12996290710677,65.55355422829722,65.04524033384573,65.28998565673828,23682800
2023-10-11 00:00:00-04:00,65.66651120859687,65.76064180952335,65.19585102226002,65.5629653930664,15393600
2023-10-12 00:00:00-04:00,65.64768892474562,65.66651935629004,64.7722605822705,65.01700592041016,16764600
2023-10-13 00:00:00-04:00,64.82874170505328,64.97934924193505,64.25453565842481,64.41455841064453,19900300
2023-10-16 00:00:00-04:00,64.52751659103714,64.95110790031381,64.44279402015897,64.88521575927734,20119600
2023-10-17 00:00:00-04:00,64.34866082323448,65.22408905127634,64.33924560869299,64.92286682128906,12155100
2023-10-18 00:00:00-04:00,64.34866433617144,64.41455647815009,63.7179813798465,63.79328155517578,16945900
2023-10-19 00:00:00-04:00,63.58619910316813,63.92507503881445,63.11553887940435,63.228492736816406,27204100
2023-10-20 00:00:00-04:00,63.002576029667196,63.15318356245668,62.635461640218296,62.663700103759766,28251800
2023-10-23 00:00:00-04:00,62.42837444906132,63.10612634919204,62.19304432716623,62.71077346801758,18574700
2023-10-24 00:00:00-04:00,62.82372087402679,63.12494311182857,62.7390054860691,63.06846618652344,22138700
2023-10-25 00:00:00-04:00,62.89903338196724,63.14377871451489,62.541334189555485,62.616634368896484,17400900
2023-10-26 00:00:00-04:00,62.456613421338474,62.588397716132484,61.96712992377578,62.1648063659668,22914700
2023-10-27 00:00:00-04:00,62.597810749520846,62.626049214319984,61.82592825762203,61.97653579711914,24116300
2023-10-30 00:00:00-04:00,62.65428140205598,62.795480893610666,62.38129763350477,62.767242431640625,23954500
2023-10-31 00:00:00-04:00,62.84255271636834,63.04022914108493,62.62604586165695,62.993160247802734,18291300
2023-11-01 00:00:00-04:00,63.14377515533664,63.60502014776201,62.96492197835943,63.58619689941406,21115000
2023-11-02 00:00:00-04:00,64.64988565818925,64.8946309741982,64.46162445000067,64.88521575927734,19669400
2023-11-03 00:00:00-04:00,65.43118057484259,65.8924255427647,65.33704997469381,65.57238006591797,20752900
2023-11-06 00:00:00-05:00,65.47825004097766,65.54414218705818,65.11113562971394,65.242919921875,15938000
2023-11-07 00:00:00-05:00,64.73459604266823,64.96992612556272,64.61222698497659,64.8475570678711,15747100
2023-11-08 00:00:00-05:00,64.81932482755992,65.04523971794201,64.57457950698482,64.76284790039062,10916500
2023-11-09 00:00:00-05:00,65.33706217758507,65.49708494589561,64.72520238978535,64.7534408569336,14557600
2023-11-10 00:00:00-05:00,64.70635877999622,65.09230357030795,64.25452903422635,65.04523468017578,12518800
2023-11-13 00:00:00-05:00,64.78167696158616,65.30881414701142,64.67813113134827,65.21468353271484,11354700
2023-11-14 00:00:00-05:00,66.32543085882199,66.96552898273544,66.31601564446471,66.88081359863281,21166800
2023-11-15 00:00:00-05:00,66.90905172958865,67.1067281398896,66.7396137805158,66.77726745605469,12980000
2023-11-16 00:00:00-05:00,66.66431720317001,66.9373010086661,66.49487922671402,66.73020935058594,13769700
2023-11-17 00:00:00-05:00,67.35148115948846,67.64328820122975,67.21969687085011,67.63387298583984,14314300
2023-11-20 00:00:00-05:00,67.5303170621959,67.96332354320732,67.5303170621959,67.88802337646484,10334700
2023-11-21 00:00:00-05:00,67.85037273904497,67.91626487645883,67.5397352990778,67.62445068359375,12300200
2023-11-22 00:00:00-05:00,67.72800075501507,67.81272332656194,67.4267785105131,67.78448486328125,12162900
2023-11-24 00:00:00-05:00,68.00098569713298,68.32103837708914,67.99157766368201,68.30220794677734,8083500
2023-11-27 00:00:00-05:00,68.09511773681805,68.17984031159448,67.92568695067536,68.06687927246094,10365000
2023-11-28 00:00:00-05:00,67.87861697390528,68.29280026242284,67.79389440047899,68.08570861816406,11129900
2023-11-29 00:00:00-05:00,68.28338274866701,68.49047438595468,68.05746786330988,68.2269058227539,10462200
2023-11-30 00:00:00-05:00,68.23630992264656,68.34927094966616,67.93508769896525,68.17041778564453,19444200
2023-12-01 00:00:00-05:00,68.13277447560944,68.94231067148436,68.10453600998444,68.88583374023438,21091900
2023-12-04 00:00:00-05:00,68.20808180128168,68.49988885485492,68.08571272307152,68.34928131103516,14778700
2023-12-05 00:00:00-05:00,68.13277643030233,68.54695975589928,67.99158409812664,68.10453796386719,17529500
2023-12-06 00:00:00-05:00,68.78228282981836,68.92348232921617,68.29279937117147,68.3116226196289,16547400
2023-12-07 00:00:00-05:00,68.45282916230192,68.8387668398808,68.1798453504995,68.6410903930664,14513200
2023-12-08 00:00:00-05:00,68.47164544391529,68.95172086972177,68.45282219543684,68.84817504882812,13323600
2023-12-11 00:00:00-05:00,68.74462487584104,69.05526231885611,68.73520966134544,69.01760864257812,12372000
2023-12-12 00:00:00-05:00,68.90465401852602,69.13998413085938,68.67873912156341,69.13998413085938,13210000
2023-12-13 00:00:00-05:00,69.19646546385424,70.21308605023165,68.867004756153,70.1471939086914,16760700
2023-12-14 00:00:00-05:00,70.49548665636534,70.90966994505169,70.33546390635652,70.66492462158203,21959600
2023-12-15 00:00:00-05:00,70.32605147436658,70.45783576567227,69.93069860044952,69.9777603149414,22420700
2023-12-18 00:00:00-05:00,70.26957015848386,70.32604708503128,69.94010945078263,70.1471939086914,14409900
2023-12-19 00:00:00-05:00,70.53313511658548,70.78728845475264,70.53313511658548,70.74022674560547,15551800
2023-12-20 00:00:00-05:00,70.76024225405413,70.93180563722413,69.97867734667786,70.02633666992188,23019200
2023-12-21 00:00:00-05:00,70.77930025446521,71.16055297851562,70.6267962561287,71.16055297851562,15837400
2023-12-22 00:00:00-05:00,71.31305771794527,71.45602841450253,71.0366496437457,71.22727966308594,12184500
2023-12-26 00:00:00-05:00,71.3035228120698,71.66571620485928,71.3035228120698,71.55133819580078,8915400
2023-12-27 00:00:00-05:00,71.59900084712197,71.98977967060921,71.58946752797588,71.9325942993164,13103800
2023-12-28 00:00:00-05:00,71.91352199030575,72.11368531763047,71.73243257156102,71.74195861816406,16832000
2023-12-29 00:00:00-05:00,71.84680710140643,72.0469631675158,71.62759166929261,71.8182144165039,21346400
2024-01-02 00:00:00-05:00,71.04617843752649,71.36071249556053,70.92227438669092,71.01758575439453,18177600
2024-01-03 00:00:00-05:00,70.32180325081207,70.68399665072558,70.13118050375671,70.48383331298828,18637700
2024-01-04 00:00:00-05:00,70.47431063417123,70.99852684952391,70.47431063417123,70.6458740234375,11977100
2024-01-05 00:00:00-05:00,70.56008983584361,71.31306209694267,70.49337114292558,70.69352722167969,20636700
2024-01-08 00:00:00-05:00,70.84602685709335,71.4655616939717,70.788834215427,71.44649505615234,16250100
2024-01-09 00:00:00-05:00,70.80789947509766,70.97946285317414,70.70305478450693,70.80789947509766,10218300
2024-01-10 00:00:00-05:00,71.112899379356,71.37024080750338,71.03664737405622,71.26539611816406,12191300
2024-01-11 00:00:00-05:00,71.45602305584784,71.55133442247448,70.6267988954346,71.25586700439453,16434300
2024-01-12 00:00:00-05:00,71.73243489219551,71.96118363852098,71.4179008211283,71.55133819580078,11329300
2024-01-16 00:00:00-05:00,70.68400357976799,70.77931496263889,70.20743939362109,70.35040283203125,19802700
2024-01-17 00:00:00-05:00,69.41633751330484,69.71180496647835,69.17805543254116,69.68321228027344,16381400
2024-01-18 00:00:00-05:00,69.97868221114453,70.3218090013365,69.82618545538826,70.30274963378906,16391400
2024-01-19 00:00:00-05:00,70.1121149987283,70.47430840449351,69.86430687791102,70.46477508544922,15792200
2024-01-22 00:00:00-05:00,70.63633116001762,70.89367257325014,70.56961247719504,70.68399047851562,15424800
2024-01-23 00:00:00-05:00,70.32180325081207,70.53149263564796,70.16930650752612,70.48383331298828,13575400
2024-01-24 00:00:00-05:00,71.41789786182446,71.48461654639611,71.0080524360868,71.01758575439453,16314600
2024-01-25 00:00:00-05:00,71.18914261001208,71.22726860796263,70.84601590024776,71.21773529052734,15268800
2024-01-26 00:00:00-05:00,71.58946533780502,71.71336939574604,71.47508732692677,71.53227996826172,16478600
2024-01-29 00:00:00-05:00,71.50368106737476,72.02790453523342,71.41790301179338,71.95165252685547,13341500
2024-01-30 00:00:00-05:00,71.84681281071546,71.94213146368729,71.57993803469576,71.8563461303711,11708400
2024-01-31 00:00:00-05:00,72.1804017212696,72.40915045296427,71.38930357074467,71.49414825439453,23907300
2024-02-01 00:00:00-05:00,71.66572098572287,72.21852988690497,71.51321696347124,72.19947052001953,17189400
2024-02-02 00:00:00-05:00,71.60852735572563,71.67524604659427,71.303526587213,71.62759399414062,15579800
2024-02-05 00:00:00-05:00,71.19868619289454,71.4083755973767,70.84603335062216,71.24634552001953,15617900
2024-02-06 00:00:00-05:00,71.21774549000568,71.70384294375353,71.1796194865949,71.68477630615234,13886600
2024-02-07 00:00:00-05:00,71.64664459228516,71.76102259340121,71.48461454454737,71.64664459228516,10485100
2024-02-08 00:00:00-05:00,71.53227654349567,71.57992859190308,71.31305385108938,71.52274322509766,9578500
2024-02-09 00:00:00-05:00,71.53227915216097,71.81821326840692,71.37024182065088,71.77056121826172,11001100
2024-02-12 00:00:00-05:00,71.74195857838947,72.11368527764978,71.72289921340264,71.89446258544922,6911500
2024-02-13 00:00:00-05:00,71.1224419964117,71.21775337960155,70.55055915368776,70.7888412475586,14942500
2024-02-14 00:00:00-05:00,71.25587303817443,71.59899980451844,71.19868039592258,71.5799331665039,13248000
2024-02-15 00:00:00-05:00,71.92306011492903,72.40915758044562,71.91352679589762,72.39009094238281,14128600
2024-02-16 00:00:00-05:00,72.41868514670752,72.80946393445109,72.24712177672976,72.50446319580078,13381600
2024-02-20 00:00:00-05:00,72.9619717190954,73.03821645386404,72.60931164259804,72.79993438720703,15285800
2024-02-21 00:00:00-05:00,72.6474349542376,72.88571701206608,72.52352363022034,72.85712432861328,11433700
2024-02-22 00:00:00-05:00,73.45759614398051,73.69587821364073,73.32415876671412,73.67681884765625,15476000
2024-02-23 00:00:00-05:00,73.75306623507349,73.89603693636826,73.64822153891011,73.77213287353516,11400000
2024-02-26 00:00:00-05:00,73.82931215909949,73.82931215909949,73.53384473342837,73.66728210449219,15015200
2024-02-27 00:00:00-05:00,73.71493525977637,73.924624637965,73.66728321041897,73.86743927001953,11110900
2024-02-28 00:00:00-05:00,73.3718189082784,73.53384897222578,73.31462626610326,73.43853759765625,12196600
2024-02-29 00:00:00-05:00,73.79118807884657,73.91509940648379,73.25743858069092,73.62915802001953,17221700
2024-03-01 00:00:00-05:00,73.93416392851996,74.37260208569634,73.62916315518892,74.34400939941406,18930500
2024-03-04 00:00:00-05:00,74.11525534473847,74.30587808753585,74.03900333890292,74.15338134765625,13961000
2024-03-05 00:00:00-05:00,74.20102501156423,74.46789973003608,73.81024625145636,74.01993560791016,12874400
2024-03-06 00:00:00-05:00,74.83010138134075,75.11603549493852,74.6871306886461,74.89682006835938,24098100
2024-03-07 00:00:00-05:00,75.45916623722167,75.87854501881525,75.39244754667651,75.78323364257812,18279100
2024-03-08 00:00:00-05:00,76.04058015112962,76.11683216591568,75.4210452566295,75.5354232788086,14926900
2024-03-11 00:00:00-04:00,75.03026196677672,75.13510666295556,74.73479451670467,75.10651397705078,10496000
2024-03-12 00:00:00-04:00,75.21135434953283,75.71651116292249,74.92541296333907,75.70697784423828,15296000
2024-03-13 00:00:00-04:00,75.63072925894774,75.88807797251971,75.6021365733935,75.71651458740234,14166600
2024-03-14 00:00:00-04:00,75.69744579566891,75.74510511809805,74.88728821691514,75.1636962890625,25572000
2024-03-15 00:00:00-04:00,75.33526195960792,75.40198064996207,74.94447586482511,75.19229125976562,17529100
2024-03-18 00:00:00-04:00,75.382915153808,75.41151511164327,75.11604038834801,75.17323303222656,13472200
2024-03-19 00:00:00-04:00,75.12556682245078,75.5068195689345,75.02072213537298,75.3066635131836,13222100
2024-03-20 00:00:00-04:00,75.25900858257933,76.154951498305,75.20182321239828,76.10729217529297,18834900
2024-03-21 00:00:00-04:00,76.15495342004839,76.27885748249791,76.0501087242096,76.06916809082031,13021000
2024-03-22 00:00:00-04:00,76.04057238611887,76.08823170844144,75.82135695573494,75.90713500976562,12832800
2024-03-25 00:00:00-04:00,75.66885754646579,76.02151764645525,75.66885754646579,75.74510955810547,9418000
2024-03-26 00:00:00-04:00,76.10729492633958,76.13588761246363,75.83088684082031,75.83088684082031,12343100
2024-03-27 00:00:00-04:00,76.00244210961074,76.30744284866921,75.90713074211583,76.28838348388672,12337200
2024-03-28 00:00:00-04:00,75.99292485356021,76.22167361636667,75.9833915341706,76.11682891845703,17180400
2024-04-01 00:00:00-04:00,75.98338513974264,76.1263558313869,75.6116657045424,75.79275512695312,15419500
2024-04-02 00:00:00-04:00,75.19229162426383,75.2590103149414,75.0016688714113,75.2590103149414,17414900
2024-04-03 00:00:00-04:00,75.12557432888133,75.79276124804863,75.11604100952407,75.67839050292969,15898300
2024-04-04 00:00:00-04:00,76.17400918790932,76.20260187237054,74.96353949103757,75.03025817871094,19950400
2024-04-05 00:00:00-04:00,74.92541267531406,75.42103616811427,74.7824419827668,75.26853942871094,21091800
2024-04-08 00:00:00-04:00,75.69744415730645,75.80228884694802,75.50682141529896,75.6402587890625,12350900
2024-04-09 00:00:00-04:00,75.99292308575228,76.05964177634344,75.29713622233719,75.63072967529297,12469100
2024-04-10 00:00:00-04:00,74.54415852501562,74.95400395769754,74.34400246790929,74.62994384765625,21567300
2024-04-11 00:00:00-04:00,74.88728638126351,74.92541238391394,74.01041013567807,74.8301010131836,11967000
2024-04-12 00:00:00-04:00,74.2105710785262,74.42978651845037,73.52431752924853,73.61962890625,17934600
2024-04-15 00:00:00-04:00,74.4774458903924,74.57275726745472,73.28603549763365,73.4004135131836,21610100
2024-04-16 00:00:00-04:00,72.80947804394498,73.02870077598443,72.43775854892418,72.67604064941406,24161800
2024-04-17 00:00:00-04:00,73.08587999202341,73.12400599750289,72.39962643697658,72.72369384765625,15748000
2024-04-18 00:00:00-04:00,72.69509243807018,73.01915984227861,72.40915831037175,72.52352905273438,12884200
2024-04-19 00:00:00-04:00,72.60931702609632,72.82853974326298,72.33290893566537,72.55213165283203,16925000
2024-04-22 00:00:00-04:00,72.95244204201958,73.64822163918721,72.88572335089677,73.4004135131836,17314200
2024-04-23 00:00:00-04:00,73.64821840272177,74.29634591877229,73.59103303335577,74.20103454589844,13466000
2024-04-24 00:00:00-04:00,74.31540838366308,74.31540838366308,73.76259227152666,74.05805969238281,8530000
2024-04-25 00:00:00-04:00,73.01916331040327,73.8197876321356,72.83806659733858,73.7149429321289,11479600
2024-04-26 00:00:00-04:00,74.03900293835771,74.40118905642993,74.01041025427193,74.30587768554688,12676400
2024-04-29 00:00:00-04:00,74.49650839141479,74.72525713801824,74.3821303822173,74.5918197631836,10560000
2024-04-30 00:00:00-04:00,74.34401076705385,74.55370016603742,73.59103850333658,73.64822387695312,18994300
2024-05-01 00:00:00-04:00,73.62915385164202,74.36305937005736,73.30509375233402,73.4861831665039,17900300
2024-05-02 00:00:00-04:00,74.27728382315442,74.61087725184888,73.86743839024656,74.4774398803711,14993300
2024-05-03 00:00:00-04:00,75.27807124002283,75.50681998044321,74.76338112023346,75.22087860107422,15055600
2024-05-06 00:00:00-04:00,75.59260211752827,75.79275818518997,75.53541674727971,75.7355728149414,9411400
2024-05-07 00:00:00-04:00,75.9833893042261,76.1072933654866,75.82135923831808,75.93572998046875,9065800
2024-05-08 00:00:00-04:00,75.60212969644465,75.86900443306457,75.58307033173945,75.84994506835938,6667500
2024-05-09 00:00:00-04:00,75.84041619185483,76.44088438441726,75.84041619185483,76.43135833740234,13256000
2024-05-10 00:00:00-04:00,76.68870357750444,76.74588894959896,76.47901418410191,76.57432556152344,8022000
2024-05-13 00:00:00-04:00,76.64105152468967,76.7744889074382,76.46948813661415,76.57432556152344,6990500
2024-05-14 00:00:00-04:00,76.86980162719333,77.155735764451,76.79354961520778,77.14620971679688,15228300
2024-05-15 00:00:00-04:00,77.50839183014656,77.96589660644531,77.35589508590813,77.96589660644531,10823700
2024-05-16 00:00:00-04:00,77.813391169846,77.88010985769323,77.51792373392131,77.54651641845703,13042100
2024-05-17 00:00:00-04:00,77.56557724885177,77.85151864319158,77.45120650854923,77.81339263916016,10219600
2024-05-20 00:00:00-04:00,77.88964158833467,78.0897976477953,77.83245622042918,77.87057495117188,5836800
2024-05-21 00:00:00-04:00,77.58464352145754,77.80385895386638,77.54651751760564,77.74667358398438,6222000
2024-05-22 00:00:00-04:00,77.2224460795757,77.29869808328911,76.80307460273455,77.01276397705078,10721200
2024-05-23 00:00:00-04:00,77.67995168967506,77.68948500819256,76.47900806916869,76.62197875976562,8805800
2024-05-24 00:00:00-04:00,77.0127631717814,77.3654159596337,76.97463717032335,77.25104522705078,9289500
2024-05-28 00:00:00-04:00,77.53698433483439,77.55605097268966,76.99370150462627,77.22245025634766,13036500
2024-05-29 00:00:00-04:00,76.23119741227025,76.35510146168787,75.97384872344526,76.00244140625,13662100
2024-05-30 00:00:00-04:00,76.47901490398077,76.83167500273107,76.45042221766438,76.64105224609375,7456100
2024-05-31 00:00:00-04:00,77.16526483810614,77.41308022752781,76.7840120709478,77.37495422363281,19932400
2024-06-03 00:00:00-04:00,77.62276993118427,77.82292599860959,77.27964316651465,77.59417724609375,17127700
2024-06-04 00:00:00-04:00,77.42261085747008,77.62276691712341,77.17479547665532,77.49885559082031,12565500
2024-06-05 00:00:00-04:00,77.88010709152093,78.0707371013076,77.46072834178158,78.0421371459961,8661500
2024-06-06 00:00:00-04:00,78.07074653829552,78.30902862548828,78.02308721214008,78.30902862548828,13195600
2024-06-07 00:00:00-04:00,77.62276883923401,77.88011027322023,77.38448677110944,77.46073150634766,21589700
2024-06-10 00:00:00-04:00,76.93651077510522,77.48932688573078,76.82213277131645,77.4035415649414,8995400
2024-06-11 00:00:00-04:00,76.50457978949038,76.67913737367081,76.09728122597014,76.52397918701172,17004600
2024-06-12 00:00:00-04:00,77.75557307773784,77.95922235557299,77.29008372932734,77.42584991455078,15188900
2024-06-13 00:00:00-04:00,76.78580947227785,76.78580947227785,76.00999636703969,76.32032012939453,12784200
2024-06-14 00:00:00-04:00,75.31177328462954,75.55421395464387,75.0208415211315,75.47663116455078,17500000
2024-06-17 00:00:00-04:00,75.2826711785793,75.79665159336412,75.03053821891332,75.77725219726562,13582700
2024-06-18 00:00:00-04:00,75.77725678994447,76.10697995528636,75.75786479137248,76.077880859375,16057100
2024-06-20 00:00:00-04:00,75.92272400827248,76.24274748059844,75.84514121521727,76.12637329101562,10942900
2024-06-21 00:00:00-04:00,75.53481129923264,75.68997687272504,75.32146233503147,75.5929946899414,14237600
2024-06-24 00:00:00-04:00,76.2136440119603,76.5724588602294,76.1457609216069,76.19425201416016,12193700
2024-06-25 00:00:00-04:00,76.18455254937886,76.49487630604571,76.09727746095786,76.37850952148438,8751700
2024-06-26 00:00:00-04:00,75.69967348171241,75.97120585208101,75.58330669366998,75.81604766845703,10509700
2024-06-27 00:00:00-04:00,75.95181222064735,76.14576179568287,75.71907125086433,75.87422943115234,14156000
2024-06-28 00:00:00-04:00,75.8645425395537,76.19425832035853,75.64149385353083,75.96151733398438,17425000
2024-07-01 00:00:00-04:00,76.37851448848338,76.64034716947569,75.90332542494917,76.09728240966797,19845700
2024-07-02 00:00:00-04:00,75.85484194807418,76.31063161510887,75.7869588529011,76.28153991699219,10331700
2024-07-03 00:00:00-04:00,76.85369568707131,77.21251055759744,76.85369568707131,77.1543197631836,8107900
2024-07-05 00:00:00-04:00,77.79436306764416,77.80406276604262,77.11552475509087,77.66828918457031,8408800
2024-07-08 00:00:00-04:00,77.71678578353165,77.79436857881142,77.24160411017262,77.2803955078125,6031700
2024-07-09 00:00:00-04:00,77.11552837454772,77.17371916896765,76.77611290169148,76.9700698852539,8069800
2024-07-10 00:00:00-04:00,77.59071616459507,78.10468921488929,77.55192476851784,78.05619812011719,8189200
2024-07-11 00:00:00-04:00,78.58957488559784,78.72534107997613,78.23076000119656,78.27925109863281,8930000
2024-07-12 00:00:00-04:00,78.89989412453022,79.39447517480062,78.86110272855781,79.11324310302734,9289700
2024-07-15 00:00:00-04:00,78.92898156611479,78.93868126426047,78.34712545530587,78.41500854492188,7418700
2024-07-16 00:00:00-04:00,78.21136437130447,78.82231221764994,78.11438957963568,78.79322052001953,10902900
2024-07-17 00:00:00-04:00,78.40531240017863,78.68654446953404,78.28894561196411,78.376220703125,11634200
2024-07-18 00:00:00-04:00,78.51198979594189,78.58957259009271,77.42585287393764,77.60041046142578,16481500
2024-07-19 00:00:00-04:00,77.36766956480346,77.40646096192256,77.04764608759774,77.12522888183594,15570300
2024-07-22 00:00:00-04:00,77.81376070252001,77.96892629332727,77.61011141361242,77.93983459472656,13762800
2024-07-23 00:00:00-04:00,77.53252492475393,77.65859881095463,77.44524983310934,77.50343322753906,12043000
2024-07-24 00:00:00-04:00,77.26099352137149,77.36766801163188,76.48518779067136,76.52397918701172,10698000
2024-07-25 00:00:00-04:00,75.87423535674465,76.71793161131404,75.62210236924791,76.03910064697266,17719800
2024-07-26 00:00:00-04:00,76.63065106816315,77.1446315527711,76.55307566933614,77.00886535644531,10574700
2024-07-29 00:00:00-04:00,76.83430651489654,76.86339821382258,76.43670023303355,76.66944122314453,9305600
2024-07-30 00:00:00-04:00,76.97006802657174,77.04764341942101,76.53367037312125,76.843994140625,8551600
2024-07-31 00:00:00-04:00,77.96892140015015,78.26954546509441,77.69738903198088,77.93013000488281,20969400
2024-08-01 00:00:00-04:00,76.94096990197849,77.13492688330565,75.49602553492723,75.86454010009766,18129800
2024-08-02 00:00:00-04:00,74.83658792954331,75.02084521541232,74.07047448672775,74.6717300415039,25136200
2024-08-05 00:00:00-04:00,71.98548845382616,73.53710729359852,71.67516468587169,73.04252624511719,28088800
2024-08-06 00:00:00-04:00,72.45097201824832,73.60499202414456,72.35399722586179,73.16859436035156,22307500
2024-08-07 00:00:00-04:00,74.52626191925204,74.75900289531559,73.47891642891274,73.51770782470703,24592600
2024-08-08 00:00:00-04:00,74.23534028897522,74.82689614894447,73.90561711190429,74.74931335449219,14824700
2024-08-09 00:00:00-04:00,74.54565618213003,75.04992949531935,74.40019030759602,75.04022979736328,11022700
2024-08-12 00:00:00-04:00,74.99175047126037,75.18570004946365,74.72991040211359,74.97235107421875,7988700
2024-08-13 00:00:00-04:00,75.5348163395,76.32032176129043,75.49602494353844,76.26213836669922,11927500
2024-08-14 00:00:00-04:00,76.40760691666085,76.61125620353481,76.2621410264073,76.54337310791016,7127600
2024-08-15 00:00:00-04:00,77.23190166857816,77.629507931241,77.15431887605337,77.4743423461914,10364200
2024-08-16 00:00:00-04:00,77.56162365977072,77.96892221628804,77.54222426258292,77.90103912353516,10287800
2024-08-19 00:00:00-04:00,78.36652093570771,78.93868477250128,78.35682863583315,78.85140228271484,6741000
2024-08-20 00:00:00-04:00,78.71563750283762,78.89989478557476,78.46350452495791,78.60896301269531,5177900
2024-08-21 00:00:00-04:00,79.1132471622409,79.49145404399945,78.93868957075983,79.33628845214844,10653500
2024-08-22 00:00:00-04:00,79.62721757119635,79.65630926901862,78.82231273750244,78.87080383300781,7290700
2024-08-23 00:00:00-04:00,79.51084526926317,80.36424121872714,79.41387047465206,80.31575012207031,10779000
2024-08-26 00:00:00-04:00,80.06360655731741,80.21877214149471,79.86965697579808,79.9569320678711,6719900
2024-08-27 00:00:00-04:00,80.15088949868988,80.46121327008679,80.04421500864385,80.32544708251953,9597100
2024-08-28 00:00:00-04:00,80.23816191745524,80.40302719575219,79.71448918341679,80.0442123413086,7883900
2024-08-29 00:00:00-04:00,80.42242379779881,80.7618392748369,80.20907481260274,80.34484100341797,9112100
2024-08-30 00:00:00-04:00,80.60667529972378,80.73274178251813,80.09269487286537,80.47090911865234,15627600
2024-09-03 00:00:00-04:00,80.06360393434956,80.16058612063426,79.00656617190496,79.20051574707031,9886700
2024-09-04 00:00:00-04:00,78.61866130778805,79.21991684160967,78.53138621670381,78.85140228271484,10324400
2024-09-05 00:00:00-04:00,78.94838662633546,79.0938451154468,78.52168866173581,78.87080383300781,12147400
2024-09-06 00:00:00-04:00,78.66715622450009,78.87080551229438,77.2609958106311,77.38706970214844,12344400
2024-09-09 00:00:00-04:00,77.97862243216002,78.45380408458239,77.96892273350178,78.16287231445312,10635000
2024-09-10 00:00:00-04:00,77.88163786478275,77.8913375631448,77.17371525709551,77.77496337890625,9742900
2024-09-11 00:00:00-04:00,77.84284936552993,78.26954732490765,76.97976114675397,78.2404556274414,12999100
2024-09-12 00:00:00-04:00,78.17257054802575,78.90959225949186,77.95922157375644,78.8804931640625,11685600
2024-09-13 00:00:00-04:00,78.98716788075384,79.35568243690896,78.92898448713025,79.06475067138672,7340500
2024-09-16 00:00:00-04:00,79.40417198062666,79.74359486497053,79.21992208768012,79.70480346679688,9869500
2024-09-17 00:00:00-04:00,79.60781288855338,79.65630398083957,78.99686507873784,79.25870513916016,7307300
2024-09-18 00:00:00-04:00,79.33628467763424,79.96663191680989,78.83201132551511,79.0065689086914,8454200
2024-09-19 00:00:00-04:00,80.45151216578502,80.72304453617559,79.9763305176015,80.56788635253906,9974100
2024-09-20 00:00:00-04:00,80.09269825959775,80.11209765697224,79.49145011762948,79.7726821899414,7892400
2024-09-23 00:00:00-04:00,79.89875325918321,80.16059334783591,79.85996186091234,80.07331085205078,6997700
2024-09-24 00:00:00-04:00,80.31574383366161,80.60667559341871,80.11209456131245,80.5484848022461,6855800
2024-09-25 00:00:00-04:00,80.69395484467455,80.71335424230013,80.09269929622208,80.11209869384766,11869000
2024-09-26 00:00:00-04:00,81.64432658242268,81.97404235914914,81.31460340699377,81.87706756591797,12875000
2024-09-27 00:00:00-04:00,81.72189990307858,82.00313197540093,81.266117646593,81.38248443603516,10690700
2024-09-30 00:00:00-04:00,81.42128081216327,81.43098051144415,80.66486703971457,81.10125732421875,13424400
2024-10-01 00:00:00-04:00,81.1303472049956,81.15943890083047,80.07330206455032,80.5,18430900
2024-10-02 00:00:00-04:00,80.35453581033963,80.51939368933537,79.95692956237127,80.33513641357422,8335200
2024-10-03 00:00:00-04:00,79.63691577721357,79.79207396225797,79.29749291244335,79.58842468261719,9890500
2024-10-04 00:00:00-04:00,79.64660336785701,80.0733012992284,79.56902797927279,80.05390930175781,8536100
2024-10-07 00:00:00-04:00,79.81147528677634,79.91814977850247,79.31689422501913,79.60781860351562,7365100
2024-10-08 00:00:00-04:00,79.42356709351156,79.49145018697696,79.2199178131154,79.48175048828125,6339100
2024-10-09 00:00:00-04:00,79.05504708433425,79.5690274979689,78.99686369357258,79.50114440917969,5370800
2024-10-10 00:00:00-04:00,79.29749268644673,79.43326627118923,78.96777691997816,79.40416717529297,5794400
2024-10-11 00:00:00-04:00,79.36537269641838,79.88904542167474,79.35568039686503,79.81147003173828,6914900
2024-10-14 00:00:00-04:00,79.62721409376141,80.08300373627834,79.53023930568808,80.0442123413086,6646200
2024-10-15 00:00:00-04:00,79.75328300830516,79.77268240573214,78.64775411344145,78.71563720703125,17667300
2024-10-16 00:00:00-04:00,78.9192886352539,78.99687142966827,78.76413044512766,78.9192886352539,5931800
2024-10-17 00:00:00-04:00,79.21021766667067,79.23930936389107,78.85140280398058,78.92898559570312,8904600
2024-10-18 00:00:00-04:00,79.33629030078505,79.49145589625162,79.15204040454701,79.46236419677734,5863100
2024-10-21 00:00:00-04:00,79.02596373883921,79.0841545344511,78.38592417672886,78.52169036865234,8009100
2024-10-22 00:00:00-04:00,78.00770895231761,78.19195882238265,77.93982586361959,78.07559204101562,5844200
2024-10-23 00:00:00-04:00,77.37736732987935,77.55192491320138,76.95066937093611,77.29008483886719,7556000
2024-10-24 00:00:00-04:00,77.90104379770756,77.92043579735669,77.38707072192486,77.72648620605469,6522400
2024-10-25 00:00:00-04:00,77.91073536047507,78.02710955337596,77.33857889245982,77.46464538574219,9288100
2024-10-28 00:00:00-04:00,77.81375663046423,78.19196348988683,77.75557323630758,78.08528900146484,6985000
2024-10-29 00:00:00-04:00,77.82345388752488,77.98831176493147,77.62950431395264,77.80406188964844,8778400
2024-10-30 00:00:00-04:00,77.16401561695335,77.63919725522405,77.1058322241412,77.2997817993164,8828100
2024-10-31 00:00:00-04:00,76.92158264641327,76.92158264641327,76.09728577137562,76.8246078491211,19247600
2024-11-01 00:00:00-04:00,77.24160693968841,77.44525623573094,76.91188374702227,76.97976684570312,9951300
2024-11-04 00:00:00-05:00,77.40646342409231,77.61011271641847,76.98946514017605,77.03795623779297,10280100
2024-11-05 00:00:00-05:00,77.2415977681062,77.87194498026892,77.18340697707295,77.80406188964844,9596400
2024-11-06 00:00:00-05:00,76.65973855710484,76.76641303787812,76.04878336745755,76.67913055419922,11746200
2024-11-07 00:00:00-05:00,77.56162505548149,77.91073282541974,77.42585146883027,77.84284973144531,11634100
2024-11-08 00:00:00-05:00,76.9797676855339,76.9797676855339,76.39791149067835,76.76642608642578,11540300
2024-11-11 00:00:00-05:00,77.00886105870423,77.04764505660187,76.70822958472965,76.78581237792969,5839600
2024-11-12 00:00:00-05:00,76.04879065244899,76.04879065244899,74.98205314123113,75.36026000976562,16613700
2024-11-13 00:00:00-05:00,75.05963519769405,75.11781859268136,74.47777905171394,74.91416931152344,14828900
2024-11-14 00:00:00-05:00,75.45722743891409,75.61239301019886,74.99174552246309,75.06932830810547,19039000
2024-11-15 00:00:00-05:00,74.97234810028337,74.99174749655548,74.63293265254019,74.79779052734375,15433500
2024-11-18 00:00:00-05:00,74.73961165761561,75.34086720049461,74.69112056270355,75.2051010131836,7772600
2024-11-19 00:00:00-05:00,74.57475111836617,75.25358203075841,74.46807663231853,75.10811614990234,13402300
2024-11-20 00:00:00-05:00,74.79779785722957,74.90447235107422,74.38079958093752,74.90447235107422,12442000
2024-11-21 00:00:00-05:00,74.78810008949596,75.04023305769437,74.52626002421802,74.92386627197266,9161200
2024-11-22 00:00:00-05:00,74.83659108573178,75.35056416935612,74.82689878511067,75.21479797363281,16809800
2024-11-25 00:00:00-05:00,75.79665625920053,75.90332334950116,75.36995830318897,75.60269927978516,24934100
2024-11-26 00:00:00-05:00,75.47662929597978,75.49602129367192,74.93355717747507,75.16630554199219,9360800
2024-11-27 00:00:00-05:00,75.48632590708273,75.7190742848939,75.34086741932865,75.5736083984375,7477900
2024-11-29 00:00:00-05:00,75.8742309293152,76.62095234522049,75.84513923235566,76.58216094970703,11643900
2024-12-02 00:00:00-05:00,76.688842470005,76.93128316516912,76.19426138023339,76.79551696777344,15721100
2024-12-03 00:00:00-05:00,77.2997861711927,77.45495175907025,76.99916209305798,77.23190307617188,13289900
2024-12-04 00:00:00-05:00,77.32887623501678,77.46464242218921,77.17371804912071,77.29008483886719,10434400
2024-12-05 00:00:00-05:00,77.67798888296878,77.79436306764416,77.52283070210368,77.66828918457031,11910800
2024-12-06 00:00:00-05:00,77.95922392704135,77.95922392704135,77.4840422691808,77.65859985351562,7072500
2024-12-09 00:00:00-05:00,78.09498877015481,78.19196356007033,77.58101572477057,77.610107421875,7801100
2024-12-10 00:00:00-05:00,77.4161612609185,77.43555326027712,76.89248849380544,76.91188049316406,10662800
2024-12-11 00:00:00-05:00,77.3191836399023,77.45494982655657,77.08643526389307,77.39675903320312,11858900
2024-12-12 00:00:00-05:00,76.98945839135658,77.29978215227511,76.6597426323128,76.71792602539062,8623800
2024-12-13 00:00:00-05:00,76.81490140000703,76.81490140000703,76.30092836068914,76.50457763671875,10116600
2024-12-16 00:00:00-05:00,76.20395008404017,76.51427383312485,76.12636729709357,76.25243377685547,25547700
2024-12-17 00:00:00-05:00,76.11187453051504,76.38710676446244,76.052898337388,76.13153076171875,13934900
2024-12-18 00:00:00-05:00,76.06272698533412,76.22000684188181,74.12626937332581,74.26388549804688,16470400
2024-12-19 00:00:00-05:00,74.50962564108643,74.5784336997455,73.9788174030668,74.02796173095703,17486600
2024-12-20 00:00:00-05:00,73.11379648373749,74.44082088746195,73.10397211743282,73.82154083251953,20878200
2024-12-23 00:00:00-05:00,73.95915185383559,74.35234396486952,73.66426339519695,74.30319213867188,10491200
2024-12-24 00:00:00-05:00,74.33269123769146,74.62757971022936,74.14592328875621,74.568603515625,5585200
2024-12-26 00:00:00-05:00,74.69638980416882,75.05026198046191,74.63741360795875,74.92247772216797,10784900
2024-12-27 00:00:00-05:00,74.78485821670479,74.98145052819393,74.53911407758537,74.81434631347656,15819700
2024-12-30 00:00:00-05:00,74.35234881560953,74.58826109781448,73.99847664254398,74.32286071777344,16427600
2024-12-31 00:00:00-05:00,74.5686048657625,74.6865647566231,74.15575649702477,74.32286071777344,21393500
2025-01-02 00:00:00-05:00,74.41132393266557,74.57843565050813,73.86085944899442,74.0672836303711,12756600
2025-01-03 00:00:00-05:00,74.24421462121175,74.45063878842781,73.95915053328989,74.39166259765625,12548800
2025-01-06 00:00:00-05:00,75.03060295122337,75.58106742737392,74.95196302619729,75.09941101074219,16201800
2025-01-07 00:00:00-05:00,75.74817249578784,75.74817249578784,74.93230763788861,75.0404281616211,9393200
2025-01-08 00:00:00-05:00,74.6079255098537,75.03060574823066,74.39166945772834,74.92247772216797,7894800
2025-01-10 00:00:00-05:00,74.3621790090654,74.38183524067533,73.6249465816778,73.78221893310547,12021900
2025-01-13 00:00:00-05:00,72.98600599812103,73.61511036568568,72.97617413313907,73.57579040527344,12019700
2025-01-14 00:00:00-05:00,73.74289812675329,73.97881790046998,73.48732962116752,73.84120178222656,9963200
2025-01-15 00:00:00-05:00,74.90281109146835,74.9617947849119,74.47030650347308,74.78485870361328,12144700
2025-01-16 00:00:00-05:00,74.9519644717849,75.38447656825416,74.7946846186993,75.16822052001953,17925700
2025-01-17 00:00:00-05:00,75.55157846171959,75.8759625240856,75.37464238220322,75.47293853759766,10667100
2025-01-21 00:00:00-05:00,76.47558274319474,77.01621537534693,76.3576228509626,76.9965591430664,13169100
2025-01-22 00:00:00-05:00,77.15382664947037,77.16365851475071,76.79013012877252,76.81961822509766,8666700
2025-01-23 00:00:00-05:00,77.00637889463088,77.44872283935547,76.8589384125719,77.44872283935547,10977200
2025-01-24 00:00:00-05:00,77.80259329361002,78.10731361588817,77.73378523698219,77.88123321533203,7578400
2025-01-27 00:00:00-05:00,77.49786547181617,77.92054567667732,77.47820924114352,77.88123321533203,13559100
2025-01-28 00:00:00-05:00,77.76327223640135,77.83208029205909,77.32093580710384,77.78292846679688,9458300
2025-01-29 00:00:00-05:00,77.79276566777895,78.00902171454135,77.50770156063908,77.77310943603516,7875400
2025-01-30 00:00:00-05:00,78.52016787280031,78.95267997534903,78.28425558937207,78.6282958984375,13792100
2025-01-31 00:00:00-05:00,78.5005080375139,78.80522836876874,77.82225181683344,77.89105987548828,14935000
2025-02-03 00:00:00-05:00,76.58370594698292,77.45855446894466,76.32812994633197,76.97689056396484,14997600
2025-02-04 00:00:00-05:00,77.44872632206261,77.9500464821541,77.3700863950843,77.87140655517578,10608300
2025-02-05 00:00:00-05:00,78.35306365118515,78.71676769192077,78.19579129540506,78.6282958984375,7857000
2025-02-06 00:00:00-05:00,78.88387116433556,79.1689352747156,78.82489496891769,79.0018310546875,7806500
2025-02-07 00:00:00-05:00,79.05096931728539,79.10995300769252,78.12697649541735,78.2547607421875,13110800
2025-02-10 00:00:00-05:00,78.61847164484445,78.8150639647305,78.5594879492656,78.78557586669922,7287300
2025-02-11 00:00:00-05:00,78.69710319749483,79.23774332044066,78.66761509979163,79.15910339355469,7583700
2025-02-12 00:00:00-05:00,78.64795429604075,79.6112670960901,78.52999441256877,79.45399475097656,17271400
2025-02-13 00:00:00-05:00,79.81769630076238,80.45663258570713,79.739063873005,80.41731262207031,17212300
2025-02-14 00:00:00-05:00,80.86947912499524,80.94811905048967,80.5156144593024,80.53527069091797,8051800
2025-02-18 00:00:00-05:00,81.06607478992908,81.22334713335299,80.91862681205211,81.11521911621094,9485900
2025-02-19 00:00:00-05:00,80.26003737216432,80.40748535560503,79.99462950206782,80.27969360351562,11042200
2025-02-20 00:00:00-05:00,80.51561264301277,80.70237308745399,80.1912285823028,80.65322875976562,9177400
2025-02-21 00:00:00-05:00,80.72203707401843,80.74169330525291,79.99462902657224,80.15190887451172,11630000
2025-02-24 00:00:00-05:00,80.47629621927808,80.59424861052864,79.95531232636199,80.1027603149414,11135700
2025-02-25 00:00:00-05:00,81.10539427234528,81.10539427234528,80.4861142688174,80.83016204833984,10091400
2025-02-26 00:00:00-05:00,81.06607757930121,81.57722208741133,80.77118161340033,80.93828582763672,11254600
2025-02-27 00:00:00-05:00,80.71220472735013,80.71220472735013,79.97497231844083,80.02412414550781,19003200
2025-02-28 00:00:00-05:00,79.94548663022009,80.26003883418272,79.43433461158322,80.19123077392578,20717700
2025-03-03 00:00:00-05:00,81.75416122328761,81.97041727309717,80.63356851019834,81.07591247558594,16234700
2025-03-04 00:00:00-05:00,80.49594757344823,81.91143617880934,79.82752323197391,81.05624389648438,18408500
2025-03-05 00:00:00-05:00,82.1571853252714,83.13033005108446,82.1571853252714,82.99271392822266,17092500
2025-03-06 00:00:00-05:00,82.38326397906661,83.05168834703031,82.07854364203713,82.13751983642578,18421000
2025-03-07 00:00:00-05:00,82.28496958235272,83.10084195325925,82.11786536166571,82.99271392822266,13184300
2025-03-10 00:00:00-04:00,81.6263750164166,81.92126348678094,80.48611859902955,81.03659057617188,19368400
2025-03-11 00:00:00-04:00,81.12505670677074,81.2430165973006,80.22072004459042,80.76136016845703,18088800
2025-03-12 00:00:00-04:00,81.3019886322522,81.51824467073214,80.78101226655919,81.34130859375,15886300
2025-03-13 00:00:00-04:00,80.86947486538635,81.0955627643952,80.54509831396068,80.80066680908203,18561400
2025-03-14 00:00:00-04:00,81.58705306954397,82.30462924572574,81.43960508818981,82.28496551513672,13971300
2025-03-17 00:00:00-04:00,82.50122477767357,83.33675337196834,82.44224858263416,83.20896911621094,12966800
2025-03-18 00:00:00-04:00,83.14015863333894,83.32691907869479,82.71747841566635,83.19913482666016,10513400
2025-03-19 00:00:00-04:00,82.90423752936483,83.73977358541289,82.84526133699092,83.44487762451172,16362400
2025-03-20 00:00:00-04:00,82.24564337744256,82.81577155718588,82.22598714688947,82.74696350097656,11820500
2025-03-21 00:00:00-04:00,82.12769656080205,82.39309693859086,81.95076047577078,82.23582458496094,18771200
2025-03-24 00:00:00-04:00,82.167006602461,82.40292637522572,81.93109432921224,82.22599029541016,12201700
2025-03-25 00:00:00-04:00,82.78628964600243,82.88458580514227,82.48156930281408,82.67816162109375,10478200
2025-03-26 00:00:00-04:00,82.12769622810741,82.35377664169387,81.46909622012133,81.6067123413086,17010400
2025-03-27 00:00:00-04:00,81.47892530045863,81.97041357347358,81.43960533867552,81.78364562988281,10331900
2025-03-28 00:00:00-04:00,81.38062795179893,81.4789241050566,80.88913968599473,81.05624389648438,14242300
2025-03-31 00:00:00-04:00,79.88650064163106,80.48611693501259,79.54246035022753,80.33867645263672,25560500
2025-04-01 00:00:00-04:00,80.38781883547378,80.71220288788483,79.96513863068488,80.45662689208984,15154000
2025-04-02 00:00:00-04:00,79.86684212072986,80.73185875710412,79.80786592947034,80.64339447021484,14451600
2025-04-03 00:00:00-04:00,79.85701147660141,80.05361128299839,78.85437871228207,78.95267486572266,18718400
2025-04-04 00:00:00-04:00,75.93493802667562,76.200338393778,73.69375270619919,73.7428970336914,40904300
2025-04-07 00:00:00-04:00,71.45257007724423,74.95196430597989,70.9217618235288,71.96371459960938,63057500
2025-04-08 00:00:00-04:00,74.53911734223442,74.62758163642428,70.99057121797026,71.71797180175781,36425000
2025-04-09 00:00:00-04:00,71.91456567696663,77.51752883134345,71.5213735697524,77.25212097167969,60645100
2025-04-10 00:00:00-04:00,75.88578797597867,76.17085208036332,74.00830663267327,75.728515625,36697600
2025-04-11 00:00:00-04:00,76.02339961831629,77.80259219955829,75.90544723690762,77.62565612792969,28909900
2025-04-14 00:00:00-04:00,78.09748524044056,78.8740376282339,77.82225300163098,78.46118927001953,15749900
2025-04-15 00:00:00-04:00,79.08045826690244,79.53263406700685,78.99199397960965,79.16893005371094,13679800
2025-04-16 00:00:00-04:00,79.17876423267006,79.680076874344,78.57914793622156,78.86421203613281,16542600
2025-04-17 00:00:00-04:00,79.58178237840049,80.20105491900647,79.43433439268019,79.71939849853516,14072500
2025-04-21 00:00:00-04:00,80.08310439405275,80.17156868783437,78.72659189327115,79.28689575195312,15883900
2025-04-22 00:00:00-04:00,80.3779872133721,81.29215568232958,80.35833098264338,80.92845916748047,14923200
2025-04-23 00:00:00-04:00,81.70501408023107,82.20632672441988,81.02675785636671,81.25284576416016,15223500
2025-04-24 00:00:00-04:00,81.61654548990307,82.36360980203148,81.4789293665526,82.33412170410156,11194200
2025-04-25 00:00:00-04:00,82.17683628667642,82.7174763771839,82.05888390294079,82.68798828125,10485300
2025-04-28 00:00:00-04:00,82.79612026683789,83.32692101811504,82.71748034090197,83.23845672607422,10085400
2025-04-29 00:00:00-04:00,83.1499797315562,83.58249179762396,83.12049163605442,83.40555572509766,8303800
2025-04-30 00:00:00-04:00,82.84526603683763,83.56284224933046,82.43241766776758,83.30726623535156,24147900
2025-05-01 00:00:00-04:00,83.53335076423713,83.54317513011455,82.93373446701398,83.04186248779297,10070900
2025-05-02 00:00:00-04:00,84.49666123014434,84.83087714855503,84.3492132514195,84.63427734375,14798400
2025-05-05 00:00:00-04:00,84.89969054215345,85.0078185667142,84.76207441989725,84.78173065185547,8119800
2025-05-06 00:00:00-04:00,84.74240730154213,84.96849520736487,84.58513495361336,84.67359924316406,8661700
2025-05-07 00:00:00-04:00,84.46717446906312,84.72275046959045,84.13295854537112,84.38853454589844,8536600
2025-05-08 00:00:00-04:00,84.62445158032781,84.62445158032781,84.0444989882469,84.0936508178711,12228300
2025-05-09 00:00:00-04:00,84.74240487965497,84.74240487965497,84.2804047153848,84.5064926147461,9149000
2025-05-12 00:00:00-04:00,84.62445091223177,84.94883498635146,84.19194631292171,84.93901062011719,12602500
2025-05-13 00:00:00-04:00,84.83087823124761,85.25355844257842,84.7325745778326,85.04712677001953,13242900
2025-05-14 00:00:00-04:00,85.33218977689748,85.35185350713584,84.57530115206636,84.63427734375,10173300
2025-05-15 00:00:00-04:00,85.24372874463985,85.61725713876004,85.02747270085385,85.55828094482422,11283200
2025-05-16 00:00:00-04:00,85.45998670728915,85.79419514645087,85.2928749881921,85.75487518310547,8372100
2025-05-19 00:00:00-04:00,85.75487501161395,86.58057924118401,85.73521877973863,86.57074737548828,9062900
2025-05-20 00:00:00-04:00,86.75751638461074,87.0229167655043,86.70836455504853,86.98359680175781,23335500
2025-05-21 00:00:00-04:00,87.0917227970078,87.3767869028877,86.43313029351773,86.47245025634766,15278800
2025-05-22 00:00:00-04:00,86.13822997588602,86.64938196736844,86.00061386268284,86.42329406738281,12787300
2025-05-23 00:00:00-04:00,85.71555553140163,86.69853212006227,85.66641120167833,86.541259765625,16959600
2025-05-27 00:00:00-04:00,87.77981276206611,87.93708511721086,87.60287667533063,87.79946899414062,12435700
2025-05-28 00:00:00-04:00,86.94427491546867,87.04257857241933,86.61989834588618,86.78700256347656,16812400
2025-05-29 00:00:00-04:00,87.22934057549087,87.23917244126429,86.74768414582054,87.17036437988281,11454200
2025-05-30 00:00:00-04:00,87.23917291295979,87.38662090229339,86.66904468727851,87.29814910888672,18590200
2025-06-02 00:00:00-04:00,87.45542697682076,88.26146746741061,87.16053100485439,88.23197937011719,25710500
2025-06-03 00:00:00-04:00,87.34729681556583,87.65201714616005,87.12120890932385,87.56355285644531,11787400
2025-06-04 00:00:00-04:00,87.76998100963027,88.22214934309022,87.71100481381436,87.95674896240234,11593300
2025-06-05 00:00:00-04:00,88.23197439992298,88.33027055186928,87.71099804504344,87.89775848388672,14543100
2025-06-06 00:00:00-04:00,88.09435840832428,88.32043880815982,87.97639852611725,88.21231079101562,10301000
2025-06-09 00:00:00-04:00,88.09436373656978,88.46789213687744,88.03538004214087,88.2024917602539,9641600
2025-06-10 00:00:00-04:00,88.51704201093494,88.55635447366456,88.12384988799509,88.32044219970703,10254100
2025-06-11 00:00:00-04:00,88.47772436148591,88.62517234888213,88.11402032584408,88.1729965209961,12329600
2025-06-12 00:00:00-04:00,88.66448175060465,88.96920958057066,88.61533742284722,88.85124969482422,13288000
2025-06-13 00:00:00-04:00,87.70116667005199,88.19265493204554,87.50456686554513,87.71099853515625,22177100
2025-06-16 00:00:00-04:00,88.41000366210938,88.86000061035156,88.04000091552734,88.04000091552734,17843400
2025-06-17 00:00:00-04:00,87.66999816894531,87.75,86.86000061035156,86.95999908447266,16726300
2025-06-18 00:00:00-04:00,87.20999908447266,87.58999633789062,86.9000015258789,87.11000061035156,18504400
2025-06-20 00:00:00-04:00,87.04000091552734,87.05000305175781,86.30999755859375,86.33000183105469,16900600
2025-06-23 00:00:00-04:00,85.73999786376953,87.01000213623047,85.68000030517578,86.9800033569336,23100600
2025-06-24 00:00:00-04:00,87.66000366210938,88.16999816894531,87.55999755859375,88.04000091552734,14900600
2025-06-25 00:00:00-04:00,87.56999969482422,87.68000030517578,87.36000061035156,87.55999755859375,14422100
2025-06-26 00:00:00-04:00,88.23999786376953,88.61000061035156,88.12999725341797,88.54000091552734,15791500
2025-06-27 00:00:00-04:00,89.18000030517578,89.62000274658203,88.95999908447266,89.33999633789062,15987700
2025-06-30 00:00:00-04:00,89.12000274658203,89.48999786376953,88.94999694824219,89.38999938964844,28062100
2025-07-01 00:00:00-04:00,89.11000061035156,89.38999938964844,89.02999877929688,89.23999786376953,11406100
2025-07-02 00:00:00-04:00,88.97000122070312,89.55999755859375,88.83999633789062,89.5,13133600
2025-07-03 00:00:00-04:00,89.44000244140625,89.68000030517578,89.38999938964844,89.5199966430664,5311100
2025-07-07 00:00:00-04:00,88.94000244140625,89.0999984741211,88.30000305175781,88.55000305175781,12925000
2025-07-08 00:00:00-04:00,88.69999694824219,89.29000091552734,88.5999984741211,89.19999694824219,9061400
2025-07-09 00:00:00-04:00,89.58999633789062,89.9000015258789,89.37999725341797,89.87000274658203,8699900
2025-07-10 00:00:00-04:00,89.62999725341797,89.87999725341797,89.43000030517578,89.80999755859375,8554400
2025-07-11 00:00:00-04:00,89.0999984741211,89.12999725341797,88.80999755859375,88.94999694824219,8468000
2025-07-14 00:00:00-04:00,88.6500015258789,89.0199966430664,88.56999969482422,88.94999694824219,7969900
2025-07-15 00:00:00-04:00,88.95999908447266,88.97000122070312,87.95999908447266,88.0199966430664,10572000
2025-07-16 00:00:00-04:00,87.9800033569336,88.44000244140625,87.72000122070312,88.37999725341797,16776500
2025-07-17 00:00:00-04:00,88.1500015258789,88.62000274658203,88.08999633789062,88.61000061035156,9542000
2025-07-18 00:00:00-04:00,89.0199966430664,89.02999877929688,88.27999877929688,88.36000061035156,11044700
2025-07-21 00:00:00-04:00,88.77999877929688,89.27999877929688,88.61000061035156,88.83000183105469,9324000
2025-07-22 00:00:00-04:00,88.93000030517578,89.38999938964844,88.70999908447266,89.31999969482422,12134300
2025-07-23 00:00:00-04:00,90.54000091552734,91.56999969482422,90.48999786376953,91.54000091552734,18088200
2025-07-24 00:00:00-04:00,91.06999969482422,91.2699966430664,90.86000061035156,90.86000061035156,12025500
2025-07-25 00:00:00-04:00,90.19000244140625,90.76000213623047,90.08999633789062,90.75,9583200
2025-07-28 00:00:00-04:00,89.80999755859375,89.86000061035156,89.0999984741211,89.29000091552734,13654000
2025-07-29 00:00:00-04:00,89.30000305175781,89.30000305175781,88.93000030517578,89.11000061035156,11888600
2025-07-30 00:00:00-04:00,88.83000183105469,89.08000183105469,88.13999938964844,88.47000122070312,14623000
2025-07-31 00:00:00-04:00,88.0999984741211,88.13999938964844,87.3499984741211,87.5199966430664,29271500
2025-08-01 00:00:00-04:00,87.27999877929688,87.43000030517578,86.73999786376953,87.29000091552734,18658100
2025-08-04 00:00:00-04:00,88.2300033569336,88.47000122070312,88.11000061035156,88.44999694824219,14718100
2025-08-05 00:00:00-04:00,88.5999984741211,88.63999938964844,88.16999816894531,88.44000244140625,11634100
2025-08-06 00:00:00-04:00,88.83999633789062,89.16999816894531,88.7699966430664,89.0199966430664,11499900
2025-08-07 00:00:00-04:00,90.0199966430664,90.08999633789062,89.44000244140625,89.81999969482422,11525600
2025-08-08 00:00:00-04:00,90.1500015258789,90.52999877929688,90.08000183105469,90.37000274658203,10367200
2025-08-11 00:00:00-04:00,90.12000274658203,90.19999694824219,89.87999725341797,89.98999786376953,8516600
2025-08-12 00:00:00-04:00,90.38999938964844,91.1500015258789,90.27999877929688,91.08999633789062,12302700
2025-08-13 00:00:00-04:00,91.38999938964844,91.66000366210938,91.37000274658203,91.63999938964844,9490500
2025-08-14 00:00:00-04:00,91.2300033569336,91.68000030517578,91.19999694824219,91.6500015258789,11790600
2025-08-15 00:00:00-04:00,92.22000122070312,92.27999877929688,92.04000091552734,92.19000244140625,11864300
2025-08-18 00:00:00-04:00,91.94999694824219,92.13999938964844,91.80000305175781,92.08999633789062,11577800
2025-08-19 00:00:00-04:00,92.33000183105469,92.48999786376953,92.0199966430664,92.0999984741211,10721600
2025-08-20 00:00:00-04:00,92.2699966430664,92.45999908447266,92.11000061035156,92.43000030517578,15871100
2025-08-21 00:00:00-04:00,91.91999816894531,92.06999969482422,91.69000244140625,91.8499984741211,11258900
2025-08-22 00:00:00-04:00,92.20999908447266,93.37999725341797,92.18000030517578,93.2300033569336,15827500
2025-08-25 00:00:00-04:00,92.79000091552734,92.94999694824219,91.9800033569336,92.0,11700800
2025-08-26 00:00:00-04:00,91.73999786376953,91.94999694824219,91.66999816894531,91.9000015258789,11788900
2025-08-27 00:00:00-04:00,91.22000122070312,91.72000122070312,91.04000091552734,91.68000030517578,13054200
2025-08-28 00:00:00-04:00,92.0,92.13999938964844,91.83000183105469,92.0199966430664,11136400
2025-08-29 00:00:00-04:00,91.52999877929688,91.6500015258789,91.33000183105469,91.4800033569336,18544500
2025-09-02 00:00:00-04:00,90.0999984741211,90.73999786376953,90.04000091552734,90.58000183105469,15496100
2025-09-03 00:00:00-04:00,90.44999694824219,90.80000305175781,90.37000274658203,90.72000122070312,14418600
2025-09-04 00:00:00-04:00,91.0,91.4000015258789,90.94000244140625,91.37999725341797,10348000
2025-09-05 00:00:00-04:00,92.12000274658203,92.38999938964844,91.5,91.79000091552734,15510600
2025-09-08 00:00:00-04:00,92.45999908447266,92.73999786376953,92.23999786376953,92.70999908447266,12009800
